発売日,クロスレビュー(評価),価格帯,ジャンル,メーカー,タイトル,シリーズ,ID,売り上げ本数TOP50,ハード,対応,👥クリエイターズ👨‍💼👨‍💻🎨,👨‍💼ディレクター,👨‍💻プログラマー,🎨デザイナー/美術,🎵音楽,📝シナリオ,💼プロデューサー,
2006-12-02,-,-,-,任天堂,"はじめてのWiiパック (Wiiリモコン同梱)",-,10552,290,,-,岡本基//,岡本基,,,田中しのぶ|永松亮,,江口勝也,
2006-12-02,38,"￥7,000代",ACT,任天堂,ゼルダの伝説トワイライトプリンセス,-,10553,55,,-,青沼英二/岩脇敏夫|森田和明/滝澤智|中野祐輔,青沼英二,岩脇敏夫|森田和明,滝澤智|中野祐輔,峰岸透|太田あすか|近藤浩治|横田真人|大島ミチル,,宮本茂,
2006-12-02,34,"￥6,000代",ACT,任天堂,おどるメイドインワリオ,-,10558,66,,-,阿部悟郎//,阿部悟郎,,,,,,
2006-12-02,31,"￥6,000代",-,セガ,スーパーモンキーボールウキウキパーティー大集合,-,10638,0,,-,,,,,,,,
2006-12-02,-,-,-,バンダイナムコ,たまごっちのピカピカだいとーりょー！,-,10693,0,,-,,,,,,,,
2006-12-02,33,"￥6,000代",ACT,バンダイナムコ,SDガンダムスカッドハンマーズ,-,10694,0,,-,"後藤 豪太//","後藤 豪太",,,,,横山武司|堀内美康,
2006-12-02,-,-,-,バンダイナムコ,縁日の達人,-,10695,0,,-,,,,,,,,
2006-12-02,-,-,-,ハドソン,ウィングアイランド,-,10782,0,,-,,,,,,,,
2006-12-02,-,-,-,ハドソン,コロリンパ,-,10791,0,,-,,,,,足立美奈子(ミュージックディレクター)|成田修(サウンドデザイナー),,,
2006-12-02,32,"￥6,000代",ACT,コナミ,エレビッツ,-,10820,0,,-,//土筆章人(イラスト),,,土筆章人(イラスト),,,,
2006-12-02,34,"￥7,000代",ACT,ユービーアイソフト,レッドスティール,-,10972,0,,-,,,,,,,,
2006-12-02,-,-,-,スパイク,ネクロネシア,-,11056,0,,-,,,,,,,,
2006-12-02,-,-,-,テクモ,スイングゴルフパンヤ,-,11074,0,,-,,,,,,,,
2006-12-02,32,"￥6,000代",ACT,アトラス,カドゥケウスZ2つの超執刀,-,11086,0,,-,,,,,,,,
2006-12-02,-,-,-,バンソフト,クレヨンしんちゃん最強家族カスカベキングうぃー,-,11115,0,,-,,,,,,,,
2006-12-02,30,"￥5,000代",SPT,任天堂,Wiiスポーツ,-,10551,379,,-,太田敬三(テニス)|嶋村隆行(ゴルフ・ボウリング)|山下善一(ベースボール・ボクシング)//,太田敬三(テニス)|嶋村隆行(ゴルフ・ボウリング)|山下善一(ベースボール・ボクシング),,,戸高一生,,江口勝也|水木潔,
2006-12-14,35,"￥6,000代",RPG,任天堂,ポケモンバトルレボリューション(ニンテンドーDS対応),-,10559,35,,-,,,,,,,,
2006-12-14,-,-,-,セガ,ブリーチWii白刃きらめく輪舞曲,-,10639,0,,-,,,,,,,,
2006-12-14,30,"￥6,000代",ACT,ユービーアイソフト,ラビッツ・パーティー,-,10976,0,,-,,,,,,,,
2006-12-21,-,-,-,エレクトロニック・アーツ,ニード・フォー・スピードカーボン,-,10928,0,,-,,,,,,,,
2006-12-21,-,-,-,ユービーアイソフト,モンスター4×4ワールドサーキット,-,10971,0,,-,,,,,,,,
2007-01-01,-,-,-,バンダイナムコ,ドラゴンボールZスパーキング！ネオ,-,10696,0,,-,,,,,,,,
2007-01-11,-,-,-,MTO,GTプロシリーズ(ステアリングアタッチメント同梱),-,11099,0,,-,,,,,,,,
2007-01-18,31,"￥6,000代",ACT,任天堂,エキサイトトラック,-,10560,0,,-,,,,,,,,
2007-01-25,-,-,-,コーエー,麻雀大会Wii,-,10904,0,,-,,,,,,,,
2007-02-08,-,-,-,タイトー,クッキングママみんなといっしょにお料理大会！,-,11067,0,,-,,,,,,,,
2007-02-22,33,"￥7,000代",SRPG,任天堂,ファイアーエムブレム暁の女神,-,10554,0,,-,,,,,,"Ken Yokoyama|前田耕平(シナリオアシスタンス)|Suzuyo Umezawa(シナリオアシスタンス)|Yurie Hattori(シナリオアシスタンス)",,
2007-02-22,-,-,-,タカラトミー,ナルト疾風伝激闘忍者大戦！EX,-,10951,0,,-,,,,,,,,
2007-03-01,-,-,-,タイトー,電車でGO！新幹線EX山陽新幹線編,-,11071,0,,-,,,,,,,,
2007-03-01,-,-,-,タイトー,はじめての電車でGO！セット(電車でGO！新幹線EX山陽新幹線編・専用コントローラー同梱パック),-,11072,0,,-,,,,,,,,
2007-03-08,-,-,-,任天堂,アイシールド21フィールド最強の戦士たち,-,10561,0,,-,,,,,,,,
2007-03-08,-,-,-,ハドソン,ボンバーマンランドWii,-,10801,0,,-,,,,,,,,
2007-03-15,32,"￥7,000代",ACT,セガ,ソニックと秘密のリング,-,10640,0,,-,小川陽二郎/西村牧子/岸本守央|三浦義貴,小川陽二郎,西村牧子,岸本守央|三浦義貴,"床井健一|熊谷文恵|岡元清郎|小林秀聡|Le Club Bachraf(竹間淳|松田嘉子|のみやたかこ)",小川陽二郎|前川司郎,西山彰則(チーフ)|小川陽二郎,
2007-03-15,31,"￥6,000代",ACT,コーエー,ジーワンジョッキーWii,-,10892,0,,-,,,,,,,,
2007-03-15,-,-,-,THQジャパン,スポンジ・ボブ,-,11034,0,,-,//ステファン・ヒーレンバーグ|トッド・ホワイト(英語版),,,ステファン・ヒーレンバーグ|トッド・ホワイト(英語版),バリー・アンソニー|スティーブ・ベルファー|ニコラス・カー|セイジ・ガイトン|ジェレミー・ウェークフィールド,アーロン・スプリンガー|ダニ・ミカエリ|ケイシー・アレクサンダー(英語版)|ゼウス・セルバス|ルーク・ブルックシャー(英語版)|ネイト・キャッシュ(英語版)|リチャード・パーセル|デレク・アイバーソン|シーン・チャーマッツ(フランス語版)|スティーブン・バンクス(英語版),,
2007-03-21,-,-,-,ハドソン,SUDOKU数独(パズルシリーズVol.1),-,10781,0,,-,,,,,,,,
2007-03-21,-,-,-,コーエー,三國志11withパワーアップキット,-,10893,0,,-,,,,,,,越後谷和広,
2007-03-22,-,-,-,THQジャパン,カーズ,-,11033,0,,-,,,,,,,,
2007-03-29,-,-,-,ハドソン,めざせ！！釣りマスター,-,10803,0,,-,,,,,,,,
2007-04-05,-,-,-,THQジャパン,バーンヤード主役はオレ、牛,-,11036,0,,-,,,,,ジョン・デブニー,スティーヴ・オーデカーク,,
2007-04-19,35,"￥6,000代",ACT,任天堂,スーパーペーパーマリオ,-,10562,50,,-,川出亮太//,川出亮太,,,三留尚子|関河千佳,,田邊賢輔|北西亮一,
2007-04-19,-,-,-,タイトー,ふるふるぱーく,-,11070,0,,-,,,,,,,,
2007-04-26,-,-,-,任天堂,Wiiでやわらかあたま塾,-,10563,32,,-,,,,,,,,
2007-04-26,-,-,-,バンダイナムコ,ワンピースアンリミテッドアドベンチャー,-,10697,0,,-,,,,,,,,
2007-04-26,-,-,-,ユークス,ザ・ドッグアイランドひとつの花の物語,-,11118,0,,-,,,,,,,,
2007-05-17,-,-,-,マーベラス,名探偵コナン追憶の幻想,-,11011,0,,-,,,,,,,,
2007-05-17,-,-,-,インターチャネル,マーベルアルティメットアライアンス,-,11103,0,,-,,,,,,,,
2007-05-24,-,-,-,セガ,実戦パチスロ・パチンコ必勝法！Sammy'sCollection北斗の拳Wii,-,10641,0,,-,,,,,,,,
2007-05-31,-,-,-,カプコン,バイオハザード4Wiiエディション,-,10865,0,,-,三上真司|松下邦臣(PS2)|中井実(Wii)//,三上真司|松下邦臣(PS2)|中井実(Wii),,,内山修作|千本木操,三上真司,小林裕幸|川田将央(PS2)|中井実(Wii),
2007-06-07,30,"￥7,000代",SLG,マーベラス,牧場物語やすらぎの樹,-,11008,111,,-,,,,,,,,
2007-06-07,-,-,-,THQジャパン,パイレーツ・オブ・カリビアンワールド・エンド,-,11041,0,,-,,,,,ハンス・ジマー,テッド・エリオット|テリー・ロッシオ,,
2007-06-14,-,-,-,マーベラス,ネギま！？ネオ・パクティオーファイト！！,-,10999,0,,-,,,,,,,,
2007-06-21,-,-,-,サクセス,Go！Go！ミノン,-,11063,0,,-,,,,,,,,
2007-06-21,-,-,-,AQインタラクティブ,はじめの一歩レボリューション,-,11082,0,,-,,,,,,,,
2007-06-28,-,-,-,任天堂,ドンキーコングたるジェットレース,-,10564,0,,-,,,,,,,,
2007-07-12,33,"￥7,000代",ACT,スクウェア・エニックス,ドラゴンクエストソード仮面の女王と鏡の塔,-,10672,49,,-,,,,,,,,
2007-07-19,-,-,-,ハドソン,桃太郎電鉄16北海道大移動の巻！,-,10809,0,,-,さくまあきら(ゲーム監督)//土居孝幸,さくまあきら(ゲーム監督),,土居孝幸,関口和之|池毅,,川田忠之|香月薫児,
2007-07-19,34,"￥7,000代",SPT,コナミ,実況パワフルプロ野球Wii,野球,10844,0,,-,,,,,,,,
2007-07-26,-,-,-,任天堂,マリオパーティ8,-,10565,0,,-,西谷衆一郎|渡辺達光(企画)|菊池賢次(シニアディレクター)/佐橋秀樹(プログラムディレクター)/筒井佐緒理(デザインディレクター),西谷衆一郎|渡辺達光(企画)|菊池賢次(シニアディレクター),佐橋秀樹(プログラムディレクター),筒井佐緒理(デザインディレクター),塚原義弘|嶋倉一朗(ミュージックサポート)|坂東章平(サウンドディレクター),,佐藤浩(任天堂)|池田淳(ハドソン),
2007-07-26,-,-,-,セガ,ぷよぷよ！15thanniversary,-,10642,0,,-,"細山田水紀[注 1]//Nino(キャラクターデザイン)","細山田水紀[注 1]",,Nino(キャラクターデザイン),,,西山彰則,
2007-07-26,-,-,-,バンダイナムコ,機動戦士ガンダムMS戦線0079,-,10757,0,,-,//藤沢孝,,,藤沢孝,,,後藤能孝,
2007-07-26,-,-,-,ハドソン,ジグソーパズルきょうのわんこ,-,10794,0,,-,,,,,,,,
2007-07-26,31,"￥6,000代",ACT,コナミ,デューイズアドベンチャー水精デューイの大冒険！！,-,10819,0,,-,,,,,,,,
2007-07-26,-,-,-,アークシステムワークス,ギルティギアイグゼクスアクセントコア,-,11024,0,,-,,,,,,,,
2007-08-02,35,"￥6,000代",ACT,任天堂,フォーエバーブルー,-,10566,0,,-,,,,,,,,
2007-08-02,-,-,-,エレクトロニック・アーツ,ハリー・ポッターと不死鳥の騎士団,-,10935,0,,-,,,,,,,,
2007-08-02,-,-,-,THQジャパン,レミーのおいしいレストラン,-,11037,0,,-,,,,,マイケル・ジアッチーノ,ブラッド・バード,,
2007-08-23,-,-,-,コンパイルハート,しゃるうぃー☆たころん,-,11094,0,,-,,,,,,,,
2007-09-06,-,-,-,スターフィッシュ,新・中華大仙マイケルとメイメイの冒険,-,11105,0,,-,,,,,,,,
2007-09-13,31,"￥6,000代",ACT,エレクトロニック・アーツ,SSXブラー,-,10916,0,,-,,,,,,,,
2007-09-20,-,-,-,任天堂,マリオストライカーズチャージド,-,10567,0,,-,,,,,,,,
2007-09-20,-,-,-,コーエー,戦国無双KATANA,-,10903,0,,-,,,,,,,,
2007-09-27,-,-,-,バンダイナムコ,結界師黒芒楼の影,-,10760,0,,-,,,,,,,,
2007-09-27,30,"￥6,000代",SLG,エレクトロニック・アーツ,ぼくとシムのまち,-,10940,0,,-,,,,,,,,
2007-09-27,-,-,-,アークシステムワークス,バスフィッシングWiiロクマル伝説,-,11026,0,,-,,,,,,,,
2007-10-04,33,"￥7,000代",ACT,バンダイナムコ,ドラゴンボールZスパーキング！メテオ,-,10731,0,,-,,,,,,,,
2007-10-04,30,"￥7,000代",SPT,コナミ,実況パワフルメジャーリーグ2Wii,野球,10846,0,,-,,,,,,,,
2007-10-25,31,"￥5,000代",SHT,セガ,ゴースト・スカッド,-,10643,0,,-,,,,,,,,
2007-10-25,31,-,SHT,セガ,ゴースト・スカッド(Wiiザッパー同梱版),-,10644,0,,-,,,,,,,,
2007-10-25,-,-,-,バンダイナムコ,銀魂万事屋ちゅーぶツッコマブル動画,-,10759,0,,-,,,,,,,,
2007-10-25,30,"￥6,000代",ACT,コナミ,ダンスダンスレボリューションホッテストパーティー,-,10813,0,,-,,,,,,,,
2007-10-25,30,-,ACT,コナミ,ダンスダンスレボリューションホッテストパーティー(専用マットコントローラ同梱版),-,10814,0,,-,,,,,,,,
2007-10-25,33,"￥6,000代",ADV,カプコン,宝島Zバルバロスの秘宝,-,10886,0,,-,,,,,,,,
2007-10-25,-,-,-,D3パブリッシャー,THEみんなでカート・レース(SIMPLEWiiシリーズVol.1),-,10984,0,,-,,,,,,,,
2007-10-25,-,-,-,D3パブリッシャー,THEみんなでバス釣り大会(SIMPLEWiiシリーズVol.2),-,10985,0,,-,,,,,,,,
2007-11-01,38,"￥6,000代",ACT,任天堂,スーパーマリオギャラクシー,-,10568,103,,-,小泉歓晃/古閑直樹|早川毅/小泉歓晃|宮本茂(コンセプト)|元倉健太,小泉歓晃,古閑直樹|早川毅,小泉歓晃|宮本茂(コンセプト)|元倉健太,横田真人|近藤浩治,一角崇行|小泉歓晃,宮本茂|清水隆雄,
2007-11-01,31,"￥7,000代",RPG,コーエー,オプーナ,-,10890,0,,-,,,,,崎元仁|ベイシスケイプ,,,
2007-11-08,-,-,-,エレクトロニック・アーツ,タイガー・ウッズPGATOUR08,-,10924,0,,-,,,,,,,,
2007-11-15,-,-,-,カプコン,バイオハザードアンブレラ・クロニクルズ,-,10855,27,,-,,,,,,,,
2007-11-15,32,"￥7,000代",SHT,カプコン,バイオハザードアンブレラ・クロニクルズエキスパートパッケージ(Wiiザッパー同梱版),-,10857,0,,-,,,,,,,,
2007-11-22,30,"￥6,000代",ACT,任天堂,マリオ&ソニックAT北京オリンピック,-,10569,59,,-,,,,,,,大橋修,
2007-11-22,-,-,-,バンダイナムコ,ゲゲゲの鬼太郎妖怪大運動会,-,10717,0,,-,,,,,,,,
2007-11-22,-,-,-,D3パブリッシャー,ドラゴンブレイド,-,10982,0,,-,//トーマス・チョン|ダニエル・リー,,,トーマス・チョン|ダニエル・リー,ヘンリー・ライ,ダニエル・リー,,
2007-11-29,31,"￥7,000代",ACT,カプコン,戦国BASARA2英雄外伝ダブルパック,-,10874,0,,-,,,,,,,,
2007-11-29,-,-,-,タカラトミー,ナルト疾風伝激闘忍者大戦！EX2,-,10952,0,,-,,,,,,,,
2007-11-29,-,-,-,テクモ,スイングゴルフパンヤ2ndショット！,-,11075,0,,-,,,,,,,,
2007-12-01,-,-,-,任天堂,Wiiフィット(バランスWiiボード同梱),-,10570,0,,-,,,,,,,,
2007-12-06,-,-,-,セガ,ドラえもんWiiひみつ道具王決定戦！,-,10645,0,,-,,,,,,,,
2007-12-06,-,-,-,バンダイナムコ,たまごっちのフリフリ歌劇団！,-,10724,0,,-,,,,,,,,
2007-12-06,-,-,-,バンダイナムコ,はねるのトびらWiiギリギリッス,-,10736,0,,-,,,,,,,,
2007-12-06,-,-,-,バンダイナムコ,みんなで遊ぼう！ナムコカーニバル,-,10752,0,,-,,,,,,,,
2007-12-06,-,-,-,ユービーアイソフト,ラビッツ・パーティーリターンズ,-,10979,0,,-,,,,,,,,
2007-12-06,34,"￥7,000代",ACT,マーベラス,ノーモア★ヒーローズ,-,10992,0,,-,須田剛一//須田剛一|コザキユースケ,須田剛一,,須田剛一|コザキユースケ,高田雅史|福田淳,須田剛一,和田康宏,
2007-12-06,-,-,-,THQジャパン,ディズニープリンセス魔法の世界へ,-,11039,0,,-,,,,,,,,
2007-12-13,-,-,-,セガ,ナイツ星降る夜の物語,-,10646,0,,-,,,,,,,,
2007-12-13,33,"￥7,000代",RPG,スクウェア・エニックス,チョコボの不思議なダンジョン時忘れの迷宮,-,10674,0,,-,,,,,植松伸夫|谷岡久美|高橋雄蔵,長山豊,横山祐樹|橋本真司,
2007-12-13,-,-,-,バンダイナムコ,ソウルキャリバーレジェンズ,-,10722,0,,-,,,,,,,,
2007-12-13,32,"￥6,000代",SPT,カプコン,ウィーラブゴルフ！,ゴルフ,10850,0,,-,,,,,,,,
2007-12-13,-,-,-,アークシステムワークス,プチコプターWiiアドベンチャーフライト,-,11028,0,,-,,,,,,,,
2007-12-13,-,-,-,アークシステムワークス,式神の城3,-,11029,0,,-,須田直樹//,須田直樹,,,,,,
2007-12-13,-,-,-,サクセス,上海,-,11066,0,,-,,,,,,,,
2007-12-20,-,-,SPT,コナミ,実況パワフルプロ野球Wii決定版,野球,10845,0,,-,,,,,,,,
2007-12-20,-,-,-,エレクトロニック・アーツ,FIFA08ワールドクラスサッカー(EASPORTS),-,10913,0,,-,,,,,,,,
2007-12-20,-,-,-,ユービーアイソフト,にゃんこと魔法のぼうし,-,10966,0,,-,,,,,,,,
2007-12-20,-,-,-,ユービーアイソフト,わんこと魔法のぼうし,-,10967,0,,-,,,,,,,,
2007-12-20,-,-,-,THQジャパン,スポンジ・ボブとなかまたちトイボットのこうげき,-,11035,0,,-,,,,,,,,
2007-12-20,-,-,-,THQジャパン,ルイスと未来泥棒ウィルバーの危険な時間旅行,-,11042,0,,-,,,,,,,,
2007-12-20,-,-,-,スターフィッシュ,雪ん娘大旋風さゆきとこゆきのひえひえ大騒動,-,11106,0,,-,,,,,,,,
2007-12-20,-,-,-,日本システム,クレイジークライマーWii,-,11122,0,,-,,,,,,,,
2007-12-27,-,-,-,バンダイナムコ,アニメスロットレボリューションパチスロ機動戦士ガンダム2哀・戦士編,-,10714,0,,-,,,,,,,,
2007-12-27,-,-,-,バンダイナムコ,のだめカンタービレドリーム☆オーケストラ,-,10733,0,,-,,,,,,,,
2007-12-27,-,-,-,タカラトミー,人生ゲームWii,-,10961,0,,-,,,,,,,,
2007-12-27,-,-,-,D3パブリッシャー,遊んで覚えるTHEパーティー・カジノ(SIMPLEWiiシリーズVol.3),-,10986,0,,-,,,,,,,,
2007-12-27,-,-,-,D3パブリッシャー,誰でも遊べるTHEシューティング・アクション(SIMPLEWiiシリーズVol.4),-,10987,0,,-,,,,,,,,
2007-12-27,-,-,-,ロケットカンパニー,漢検Wii漢字王決定戦(財団法人日本漢字能力検定協会公認),-,11080,0,,-,,,,,,,,
2007-12-27,-,-,-,SNK,メタルスラッグコンプリート,-,11091,0,,-,,,,,,,,
2008-01-10,-,-,-,マーベラス,家庭教師ヒットマンリボーン！ドリームハイパーバトル！Wii,-,11006,0,,-,,,,,,,,
2008-01-17,-,-,-,セガ,ソニックライダーズシューティングスターストーリー,-,10647,0,,-,"森本兼次郎//森本兼次郎|宮本裕司|Masanosuke Shimizu|森屋英明",森本兼次郎,,"森本兼次郎|宮本裕司|Masanosuke Shimizu|森屋英明",澤田朋伯|床井健一|熊谷文恵|小林秀聡,白石雅彦|前川司郎|宮本裕司,森本兼次郎,
2008-01-17,31,-,ACT,アトラス,カドゥケウスニューブラッド,-,11085,0,,-,,,,,,,,
2008-01-31,40,-,-,任天堂,大乱闘スマッシュブラザーズX,-,10571,156,,-,桜井政博//,桜井政博,,,,野島一成(亜空の使者),田邊賢輔|寺崎啓祐|坂本哲哉,
2008-01-31,30,-,SPT,バンダイナムコ,ファミリースキー,-,10738,0,,-,,,,,,,,
2008-01-31,-,-,-,エレクトロニック・アーツ,ニード・フォー・スピードプロストリート,-,10932,0,,-,,,,,,,,
2008-02-07,-,-,-,タカラトミー,メジャーWii投げろ！ジャイロボール！！,-,10958,0,,-,,,,,,,,
2008-02-07,-,-,-,D3パブリッシャー,お姉チャンバラレボリューション,-,10980,0,,-,,,,,,,,
2008-02-14,-,-,-,エレクトロニック・アーツ,メダル・オブ・オナーヒーローズ2,-,10945,0,,-,,,,,,,,
2008-02-14,-,-,-,エレクトロニック・アーツ,メダル・オブ・オナーヒーローズ2(Wiiザッパー同梱版),-,10946,0,,-,,,,,,,,
2008-02-14,-,-,-,THQジャパン,WWE2008スマックダウンvsスロウ,-,11032,0,,-,,,,,,,,
2008-02-21,-,-,-,セガ,ミブリー&テブリー,-,10648,0,,-,,,,,,,,
2008-02-21,35,-,-,コナミ,ウイニングイレブンプレーメーカー2008,-,10833,0,,-,,,,,,,,
2008-02-28,-,-,-,セガ,ウチ釣りッ！バスフィッシング,-,10649,0,,-,,,,,,,,
2008-02-28,-,-,-,タカラトミー,チョロQWii,-,10956,0,,-,,,,,,,,
2008-02-28,-,-,-,D3パブリッシャー,THEブロックくずし(SIMPLEWiiシリーズVol.5),-,10988,0,,-,,,,,,,,
2008-02-28,-,-,-,D3パブリッシャー,THEワイワイ・コンバット(SIMPLEWiiシリーズVol.6),-,10989,0,,-,,,,,,,,
2008-02-28,-,-,-,ジャレコ,全国デコトラ祭り,-,11093,0,,-,,,,,,,,
2008-03-06,31,-,ACT,任天堂,メトロイドプライム3コラプション,-,10572,0,,-,"Mark Pacini//","Mark Pacini",,,山本健誌|濱野美奈子|田島賢,,田邊賢輔,
2008-03-06,-,-,-,任天堂,みんなの常識力テレビ,-,10573,0,,-,,,,,,,,
2008-03-06,-,-,-,バンダイナムコ,ファミリージョッキー,-,10737,0,,-,/T.FUKUMOTO|宇田川治久|はなおかくみ/,,T.FUKUMOTO|宇田川治久|はなおかくみ,,小沢純子,,,
2008-03-06,-,-,-,コーエー,信長の野望革新withパワーアップキット&三國志11withパワーアップキットツインパック,-,10895,0,,-,,,,,,,,
2008-03-06,-,-,-,コーエー,信長の野望革新withパワーアップキット,-,10896,0,,-,,,,,,,,
2008-03-06,-,-,-,エレクトロニック・アーツ,プレイグラウンド公園であそぼう！,-,10937,0,,-,,,,,ナオト・インティライミ(作詞・作曲),,,
2008-03-13,-,-,-,コーエー,ウイニングポスト7マキシマム2008,-,10887,0,,-,,,,,,,,
2008-03-13,-,-,-,アクティビジョン,トランスフォーマーTHEGAME,-,11022,0,,-,,,,,,,,
2008-03-13,-,-,-,スティング,バロックforWii,-,11098,0,,-,,,,,,,,
2008-03-19,-,-,-,セガ,ザ・ハウス・オブ・ザ・デッド2&3リターン,-,10650,0,,-,,,,,,,,
2008-03-19,-,-,-,セガ,ザ・ハウス・オブ・ザ・デッド2&3リターン(Wiiザッパー同梱版),-,10651,0,,-,,,,,,,,
2008-03-19,-,-,SPT,ハドソン,デカスポルタWiiでスポーツ10種目！,-,10775,27,,-,,,,,,,,
2008-03-19,-,-,-,ハドソン,ボンバーマンランドWii(ハドソン・ザ・ベスト),-,10802,0,,-,,,,,,,,
2008-03-19,-,-,-,アクティビジョン,スパイダーマン3,-,11020,0,,-,,,,,クリストファー・ヤング,スタン・リー|スティーヴ・ディッコ,,
2008-03-27,-,-,-,エレクトロニック・アーツ,ニンジャリフレックス,-,10926,0,,-,,,,,,,,
2008-03-27,-,-,-,ユービーアイソフト,ニトロバイク,-,10965,0,,-,,,,,,,,
2008-03-27,-,-,-,アクティビジョン,レゴスター・ウォーズコンプリート・サーガ,-,11023,0,,-,,,,,,,,
2008-03-27,31,-,ACT,スパイク,トゥームレイダーアニバーサリー,-,11054,0,,-,,,,,,,,
2008-04-10,37,-,-,任天堂,マリオカートWii(Wiiハンドル同梱),-,10555,360,,-,,,,,,,,
2008-04-10,-,-,-,マイルストーン,マイルストーンシューティングコレクションカラスWii,-,11048,0,,-,松永浩志//,松永浩志,,,峰岸透|藤井志帆|富永真央,,杉山直,
2008-04-24,-,-,-,アイディアファクトリー,お掃除戦隊くりーんきーぱー,-,11107,0,,-,,,,,,,,
2008-04-24,-,-,-,アイディアファクトリー,お掃除戦隊くりーんきーぱー限定版,-,11108,0,,-,,,,,,,,
2008-05-01,30,-,ACT,任天堂,リンクのボウガントレーニング(Wiiザッパー同梱),-,10574,23,,-,,,,,,,,
2008-05-01,-,-,-,バンダイナムコ,プロ野球ファミリースタジアム,-,10750,0,,-,//岸本好弘|HIE(小野浩)|くんちゃん(小野泰),,,岸本好弘|HIE(小野浩)|くんちゃん(小野泰),中潟憲雄,,永島洋武,
2008-05-15,-,-,-,任天堂,突撃！！ファミコンウォーズVS,-,10575,0,,-,,,,,,,,
2008-05-22,-,-,-,アクティビジョン,ギターヒーロー3レジェンド・オブ・ロック,-,11017,0,,-,,,,,,,,
2008-05-22,-,-,-,アクティビジョン,ギターヒーロー3レジェンド・オブ・ロックレスポールコントローラ同梱セット,-,11018,0,,-,,,,,,,,
2008-05-22,-,-,-,サクセス,どうぶつ奇想天外！謎の楽園でスクープ写真を激写せよ！,-,11065,0,,-,,,,,,,,
2008-05-29,-,-,-,バンダイナムコ,ファミリートレーナーファミリートレーナー専用マットコントローラ同梱,-,10742,0,,-,,,,,,,,
2008-05-29,-,-,-,カプコン,バイオハザード4Wiiエディション(ベストプライス！),-,10867,0,,-,,,,,,,,
2008-06-05,35,-,RPG,セガ,不思議のダンジョン風来のシレン3からくり屋敷の眠り姫,-,10652,0,,-,,,,,,,,
2008-06-19,-,-,SPT,任天堂,スーパーマリオスタジアムファミリーベースボール,野球,10576,0,,-,,,,,,,,
2008-06-19,-,-,-,セガ,ぷよぷよ！15thanniversaryスペシャルプライス,-,10671,0,,-,,,,,,,,
2008-06-19,-,-,ADV,コーエー,遙かなる時空の中で4,-,10905,0,,-,//水野十子,,,水野十子,,,,
2008-06-19,-,-,-,ディズニー,ナルニア国物語第2章カスピアン王子の角笛,-,10983,0,,-,,,,,ハリー・グレッグソン=ウィリアムズ,C・S・ルイス|『カスピアン王子のつのぶえ』,,
2008-06-26,31,-,RPG,バンダイナムコ,テイルズ・オブ・シンフォニアラタトスクの騎士,-,10728,0,,-,佐藤祐一|猪ノ木麻奈|服部秀樹//奥村大悟|藤島康介,佐藤祐一|猪ノ木麻奈|服部秀樹,,奥村大悟|藤島康介,桜庭統|田村信二,平松正樹|実弥島巧(シナリオ原案・協力),郷田努|小西輝彰(制作プロデューサー),
2008-06-26,-,-,-,AQインタラクティブ,ザ・ワールド・オブ・ゴールデンエッグスノリノリリズム系,-,11081,0,,-,,,,,,,,
2008-07-03,-,-,-,スパイク,ジャワマンモスとヒミツの石,-,11051,0,,-,,,,,,,,
2008-07-03,-,-,-,サクセス,アッコでポン！イカサマ放浪記,-,11064,0,,-,,,,,,,,
2008-07-10,-,-,-,ハドソン,イラストロジック+からふるロジック(パズルシリーズVol.2),-,10796,0,,-,,,,,,,,
2008-07-10,-,-,-,カプコン,バイオハザード0,-,10861,0,,-,小田晃嗣//,小田晃嗣,,,小渕世子,,三並達也,
2008-07-17,33,-,ADV,エレクトロニック・アーツ,ブームブロックス,-,10938,0,,-,,,,,,,,
2008-07-24,31,-,ACT,任天堂,ワリオランドシェイク,-,10577,0,,-,,,,,冨田朋也|濱野美奈子,,,
2008-07-24,-,-,-,ハドソン,めざせ！！釣りマスター世界にチャレンジ！編,-,10805,0,,-,,,,,,,,
2008-07-24,-,-,SPT,コナミ,実況パワフルプロ野球15,野球,10842,0,,-,,,,,,,,
2008-07-24,-,-,-,アクティビジョン,カンフー・パンダ,-,11014,0,,-,,,,,ハンス・ジマー|ジョン・パウエル,ジョナサン・アイベル(英語版)|グレン・バーガー(英語版),,
2008-07-24,-,-,-,アクティビジョン,スピード・レーサー,-,11021,0,,-,,,,,マイケル・ジアッキーノ,ラナ・ウォシャウスキー|リリー・ウォシャウスキー,,
2008-07-24,-,-,-,SNK,サムライスピリッツ六番勝負,-,11090,0,,-,,,,,,,,
2008-07-31,34,-,ADV,任天堂,零月蝕の仮面,-,10578,0,,-,,,,,,,,
2008-07-31,-,-,-,IEインスティテュート,250万人の漢検Wiiでとことん漢字脳(財団法人日本漢字能力検定協会公式ソフト),-,11062,0,,-,,,,,,,,
2008-07-31,-,-,-,スティング,ドカポンキングダムforWii,-,11097,0,,-,,,,,,,,
2008-08-07,-,-,-,セガ,忌火起草解明編,-,10653,0,,-,,,,,,,,
2008-08-07,-,-,-,コナミ,サバイバルキッズWii,-,10824,0,,-,,,,,,,,
2008-08-28,-,-,-,任天堂,キャプテン★レインボー,-,10579,0,,-,,,,,,,,
2008-08-28,-,-,-,D3パブリッシャー,THEパーティーゲーム(SIMPLE2000シリーズWiiVol.2),-,10991,0,,-,,,,,,,,
2008-09-04,-,-,-,インターチャネル,レインボーポップ,-,11104,0,,-,,,,,,,,
2008-09-11,31,-,ACT,バンダイナムコ,ワンピースアンリミテッドクルーズエピソード1波に揺れる秘宝,-,10698,0,,-,,,,,,,,
2008-09-18,-,-,-,ハドソン,コロリンパ(ハドソン・ザ・ベスト),-,10792,0,,-,,,,,,,,
2008-09-18,-,-,-,カプコン,バイオハザードアンブレラ・クロニクルズ(ベストプライス！),-,10856,0,,-,,,,,,,,
2008-09-18,-,-,-,コーエー,ジーワンジョッキーWii2008,-,10891,0,,-,,,,,,,,
2008-09-25,31,-,ACT,任天堂,ディザスターデイ・オブ・クライシス,-,10580,0,,-,小野圭一|田島梓|横田弦紀//小島幸,小野圭一|田島梓|横田弦紀,,小島幸,池頼広,小野圭一,山上仁志|野村匡,
2008-09-25,-,-,-,スクウェア・エニックス,ソウルイーターモノトーンプリンセス,-,10675,0,,-,//伊藤嘉之,,,伊藤嘉之,岩崎琢,大和屋暁|清水恵|津村米紀,,
2008-09-25,-,-,-,ハドソン,ボンバーマン,-,10799,0,,-,,,,,,,,
2008-09-25,-,-,-,エレクトロニック・アーツ,シムシティクリエイター,-,10919,0,,-,//ウィル・ライト,,,ウィル・ライト,ジェリー・マーティン,,山田恵祐,
2008-09-25,-,-,-,D3パブリッシャー,THEテーブルゲーム麻雀・囲碁・将棋・カード・花札・リバーシ・五目ならべ(SIMPLE2000シリーズWiiVol.1),-,10990,0,,-,,,,,,,,
2008-10-02,31,-,SPT,コナミ,実況パワフルメジャーリーグ3,野球,10848,0,,-,,,,,,,,
2008-10-09,-,-,-,アクティビジョン,スター・ウォーズフォース・アンリーシュド,-,11019,0,,-,,,,,,,,
2008-10-16,-,-,-,任天堂,Wiiミュージック,-,10581,42,,-,,,,,,,,
2008-10-16,32,-,SHT,バンダイナムコ,スカイ・クロライノセン・テイセス,-,10719,0,,-,,,,,川井憲次,森博嗣,,
2008-10-16,-,-,-,バンダイナムコ,大怪獣バトルウルトラコロシアム,-,10762,0,,-,,,,,,,,
2008-10-16,-,-,-,アクティビジョン,ギターヒーローエアロスミス,-,11015,0,,-,,,,,,,,
2008-10-16,-,-,-,アクティビジョン,ギターヒーローエアロスミスギターコントローラ同梱セット,-,11016,0,,-,,,,,,,,
2008-10-23,31,-,ACT,バンダイナムコ,ハッピーダンスコレクション,-,10735,0,,-,,,,,,,,
2008-10-23,-,-,-,バンダイナムコ,プロゴルファー猿,-,10749,0,,-,,,,,,,,
2008-10-23,-,-,-,エレクトロニック・アーツ,銀星テーブルゲームズWii,-,10950,0,,-,,,,,,,,
2008-10-23,-,-,-,フロム・ソフトウェア,天誅4,-,11116,0,,-,遠藤琢磨/久松大輔|土田智裕|小幡展弘|岩間崇/沙村広明,遠藤琢磨,久松大輔|土田智裕|小幡展弘|岩間崇,沙村広明,朝倉紀行(メガアルファ),渡辺一弘(ソニー・ミュージックエンタテインメント),山本正美(ソニー・ミュージックエンタテインメント),
2008-10-30,-,-,-,エレクトロニック・アーツ,ぼくとシムのまちキングダム,-,10942,0,,-,,,,,,,,
2008-10-30,-,-,-,マーベラス,牧場物語わくわくアニマルマーチ,-,11010,119,,-,,,,,,,,
2008-10-30,-,-,-,マイルストーン,HulaWiiフラで始める美と健康！,-,11044,0,,-,,,,,,,,
2008-10-30,-,-,-,ロケットカンパニー,シェイプボクシング(Wiiでエンジョイダイエット！),-,11077,0,,-,,,,,,,,
2008-11-13,34,-,SPT,バンダイナムコ,ファミリースキーワールドスキー&スノーボード,-,10739,0,,-,,,,,,,,
2008-11-13,-,-,-,コーエー,三國志11withパワーアップキット(コーエー・ザ・ベスト),-,10894,0,,-,,,,,,,,
2008-11-13,30,-,SPT,エレクトロニック・アーツ,FIFA09オールプレイ(EASPORTS),-,10914,0,,-,,,,,,,,
2008-11-13,-,-,-,タカラトミー,人生ゲームWiiEX,-,10962,0,,-,,,,,,,,
2008-11-13,34,-,ACT,THQジャパン,ブロブカラフルなきぼう,-,11031,0,,-,,,,,,,,
2008-11-13,-,-,-,マイルストーン,イルベロWii,-,11046,0,,-,,,,,,,,
2008-11-13,-,-,-,IEインスティテュート,NEW右脳キッズWii,-,11059,137,,-,,,,,,,,
2008-11-20,-,-,-,任天堂,街へいこうよどうぶつの森(ニンテンドーDS対応),-,10582,139,,-,,,,,,,,
2008-11-20,-,-,-,任天堂,街へいこうよどうぶつの森Wiiスピーク同梱版(ニンテンドーDS対応),-,10583,0,,-,,,,,,,,
2008-11-20,-,-,-,カプコン,戦国BASARA2英雄外伝ダブルパック(ベストプライス！),-,10875,0,,-,,,,,,,,
2008-11-20,-,-,-,マーベラス,家庭教師ヒットマンリボーン！禁断の闇のデルタ,-,11007,0,,-,,,,,,,,
2008-11-20,-,-,-,コンパイルハート,スゴロクロニクル右手に剣を左手にサイコロを,-,11095,0,,-,,,,,,,,
2008-11-20,-,-,-,コンパイルハート,スゴロクロニクル右手に剣を左手にサイコロをバラエティパック,-,11096,0,,-,,,,,,,,
2008-11-27,-,-,-,バンダイナムコ,ことばのパズルもじぴったんWiiデラックス,-,10718,0,,-,,,,,,,,
2008-11-27,31,-,ACT,ハドソン,はたらくヒト,-,10797,0,,-,戸田伸一|佐々木由佳/田沼晴彦(プログラムディレクター)/増田辰男(プランニングディレクター)|伊藤宏美(アートディレクター)|船木真子(アートワーク)|柴田晃宏(アートワーク),戸田伸一|佐々木由佳,田沼晴彦(プログラムディレクター),増田辰男(プランニングディレクター)|伊藤宏美(アートディレクター)|船木真子(アートワーク)|柴田晃宏(アートワーク),塚原義弘(作曲)|相原真人(サウンドディレクター),,中田伸一|香月薫児(シニアプロデューサー),
2008-11-27,-,-,-,タカラトミー,ナルト疾風伝激闘忍者大戦！EX3,-,10953,0,,-,,,,,,,,
2008-11-27,-,-,-,マーベラス,ルーンファクトリーフロンティア,-,11003,0,,-,,,,,,,,
2008-12-04,40,-,-,セガ,428封鎖された渋谷で,-,10654,0,,-,イシイジロウ/金田元貴/古田剛志|中村基,イシイジロウ,金田元貴,古田剛志|中村基,佐藤直紀|坂本英城|保本真吾,北島行徳,中村光一,
2008-12-04,-,-,-,バンダイナムコ,風のクロノアdoortophantomile,-,10763,0,,-,,,,,,,,
2008-12-04,-,-,-,タカラトミー,ヤッターマンWiiビックリドッキリマシンで猛レースだコロン,-,10959,0,,-,,,,,,,,
2008-12-04,-,-,-,タイトー,クッキングママ2たいへん！！ママはおおいそがし！,-,11069,0,,-,,,,,,,,
2008-12-11,-,-,-,任天堂,ドンキーコングジャングルビート(Wiiであそぶセレクション),-,10584,0,,-,,,,,,,,
2008-12-11,-,-,-,セガ,サンバDEアミーゴ,-,10655,0,,-,,,,,,,,
2008-12-11,-,-,-,バンダイナムコ,太鼓の達人Wii専用コントローラ「太鼓とバチ」同梱版,-,10767,66,,-,,,,,,,,
2008-12-11,32,-,ACT,カプコン,タツノコVSカプコンクロス・ジェネレーション・オブ・ヒーローズ,-,10851,0,,-,,,,,,,宮崎鉄平|金佐智絵|鈴木浩史|工藤江美子|桐谷太一|三浦淳(CP),
2008-12-11,-,-,-,エレクトロニック・アーツ,フェイスブレイカーK.O.パーティー,-,10936,0,,-,,,,,,,ビル・シュネー小田和正,
2008-12-11,-,-,-,タカラトミー,メジャーWiiパーフェクトクローザー,-,10957,0,,-,,,,,,,,
2008-12-11,-,-,-,THQジャパン,ウォーリー,-,11030,0,,-,,,,,,,,
2008-12-11,-,-,-,タイトー,クッキングママみんなといっしょにお料理大会！(ドリームエイジ・コレクション・ベスト),-,11068,0,,-,,,,,,,,
2008-12-11,-,-,-,テクモ,アルゴスの戦士マッスルインパクト,-,11073,0,,-,,,,,,,,
2008-12-18,-,-,-,セガ,ソニックワールドアドベンチャー,-,10656,0,,-,橋本善久/鈴木誠|齋藤高明/橋本善久|川村幸子|棚橋伸吉(「ソニック・ザ・ウェアホッグ」のキャラクターデザイン担当),橋本善久,鈴木誠|齋藤高明,橋本善久|川村幸子|棚橋伸吉(「ソニック・ザ・ウェアホッグ」のキャラクターデザイン担当),大谷智哉|床井健一|熊谷文恵|南波真理子|江口貴勅|小林秀聡,吉村清子,西山彰則,
2008-12-18,31,-,ACT,セガ,レッツタップ(タップボックス2個同梱),-,10657,0,,-,,,,,,,,
2008-12-18,30,-,ACT,セガ,ブリーチバーサス・クルセイド,-,10658,0,,-,,,,,,,,
2008-12-18,-,-,-,ハドソン,カラオケJOYSOUNDWii,-,10783,25,,-,,,,,,,,
2008-12-18,-,-,-,ハドソン,カラオケJOYSOUNDWii(専用USBマイク同梱版),-,10784,0,,-,,,,,,,,
2008-12-18,-,-,-,コナミ,ダンスダンスレボリューションフルフル♪パーティー,-,10815,0,,-,,,,,,,,
2008-12-18,-,-,-,コナミ,ダンスダンスレボリューションフルフル♪パーティー(専用マットコントローラ同梱版),-,10816,0,,-,,,,,,,,
2008-12-18,-,-,-,コナミ,エレビッツ(コナミ・ザ・ベスト),-,10821,0,,-,,,,,,,,
2008-12-18,-,-,-,エレクトロニック・アーツ,ニード・フォー・スピードアンダーカバー,-,10927,0,,-,,,,,,,,
2008-12-18,-,-,-,THQジャパン,ディズニー・シンク早押しクイズ,-,11038,0,,-,,,,,,,,
2008-12-18,-,-,-,テクモ,スイングゴルフパンヤ2ndショット！(テクモ・ザ・ベスト),-,11076,0,,-,,,,,,,,
2008-12-25,-,-,-,任天堂,ピクミン(Wiiであそぶセレクション),-,10585,0,,-,"Brian Allanson|Andrew Allanson/Brian Allanson/Brian Allanson|Brigid Allanson","Brian Allanson|Andrew Allanson","Brian Allanson","Brian Allanson|Brigid Allanson","Andrew Allanson|Calum Bowen|Jose Alfaro|菊田裕樹|Michael Kelly(Garoad)|トビー・フォックス|Steve Lakawicz|Edgar Girtain|Chipocrite(Paul Weinstein)|Tony Manfredonia|丸山ミカ(Mika Maruyama)","Andrew Allanson|Joe McCallister","Brian Kwek",
2008-12-25,-,-,-,カプコン,バイオハザード,-,10853,0,,-,,,,,,,,
2009-01-15,-,-,-,任天堂,マリオテニスGC(Wiiであそぶセレクション),-,10586,25,,-,,,,,,,,
2009-01-15,-,-,-,コナミ,悪魔城ドラキュラジャッジメント,-,10838,0,,-,,,,,,,,
2009-01-22,31,-,RPG,バンダイナムコ,フラジールさよなら月の廃墟,-,10704,0,,-,,,,,,,,
2009-01-22,-,-,-,ユービーアイソフト,ラビッツ・パーティーTVパーティー,-,10977,0,,-,,,,,,,,
2009-01-22,-,-,-,角川書店,涼宮ハルヒの激動,-,11120,0,,-,,,,,,,,
2009-01-22,-,-,-,角川書店,涼宮ハルヒの激動超DXパック,-,11121,0,,-,,,,,,,,
2009-01-29,-,-,-,スクウェア・エニックス,ファイナルファンタジー・クリスタルクロニクルエコーズ・オブ・タイム,-,10676,0,,-,,,,,,,,
2009-02-05,-,-,-,任天堂,アナザーコード:R記憶の扉,-,10587,0,,-,,,,,,,,
2009-02-12,-,-,-,エレクトロニック・アーツ,スケートイット,-,10920,0,,-,,,,,,,,
2009-02-19,-,-,-,任天堂,メトロイドプライム(Wiiであそぶセレクション),-,10588,0,,-,,,,,,,,
2009-02-19,-,-,-,カプコン,デッドライジングゾンビのいけにえ,-,10852,0,,-,,,,,,,,
2009-02-19,-,-,-,エレクトロニック・アーツ,シムアニマル,-,10917,0,,-,,,,,,,,
2009-02-26,-,-,-,バンダイナムコ,ワンピースアンリミテッドクルーズエピソード2目覚める勇者,-,10700,0,,-,,,,,,,,
2009-02-26,-,-,-,エレクトロニック・アーツ,メダル・オブ・オナーヒーローズ2(EABESTHITS),-,10947,0,,-,,,,,,,,
2009-02-26,-,-,-,THQジャパン,ハイスクール・ミュージカルダンス！,-,11040,0,,-,,,,,,,,
2009-03-05,-,-,-,MTO,リラックマみんなでごゆるり生活,-,11100,0,,-,,,,,,,,
2009-03-12,-,-,-,任天堂,ピクミン2(Wiiであそぶセレクション),-,10589,0,,-,,,,,,,,
2009-03-12,-,-,-,セガ,ソニックと暗黒の騎士,-,10659,0,,-,片野徹/西村牧子/岸本守央|三浦義貴,片野徹,西村牧子,岸本守央|三浦義貴,"瀬上純|Richard Jacques|Tommy Tallarico|Howard Drossin|蓑部雄崇|Lennie Moore|谷本光",前川司郎,片野徹,
2009-03-12,-,-,-,バンダイナムコ,ウィーチア,-,10712,0,,-,,,,,,,,
2009-03-12,-,-,-,エレクトロニック・アーツ,ニード・フォー・スピードプロストリート(EABESTHITS),-,10933,0,,-,,,,,,,,
2009-03-12,-,-,-,エレクトロニック・アーツ,ぼくとシムのまちパーティー,-,10943,0,,-,,,,,,,,
2009-03-12,-,-,-,日本一ソフトウェア,ファントム・ブレイブWii,-,11123,0,,-,//原田たけひと,,,原田たけひと,佐藤天平,,,
2009-03-19,34,-,SPT,コナミ,実況パワフルプロ野球NEXT,野球,10843,0,,-,,,,,,,,
2009-03-19,30,-,SPT,エレクトロニック・アーツ,タイガー・ウッズPGATOUR09ALL-PLAY,-,10922,0,,-,,,,,,,,
2009-03-19,-,-,-,エレクトロニック・アーツ,モノポリー,-,10948,0,,-,//チャールズ・B・ダロウ (en) ,,,チャールズ・B・ダロウ (en) ,,,,
2009-03-19,-,-,-,アークシステムワークス,ウィンタースポーツ2009ザ・ネクストチャレンジ,-,11025,0,,-,,,,,,,,
2009-03-19,-,-,-,アルファ・ユニット,ダーツWiiデラックス,-,11102,0,,-,,,,,,,,
2009-03-26,-,-,-,セガ,涼宮ハルヒの並列,-,10660,0,,-,,,,,,,,
2009-03-26,-,-,-,セガ,涼宮ハルヒの並列超SOS団ヒロインコレクション,-,10661,0,,-,,,,,,,,
2009-03-26,-,-,-,スクウェア・エニックス,007慰めの報酬,-,10677,0,,-,,,,,デヴィッド・アーノルド,イアン・フレミング,,
2009-03-26,-,-,-,コナミ,遊戯王ファイブディーズウィーリーブレイカーズ,-,10840,0,,-,,,,,,,,
2009-04-02,30,-,SLG,コーエー,ウイニングポストワールド,-,10888,0,,-,,,,,,,,
2009-04-02,-,-,-,テラボックス,ドアラでWii,-,11126,0,,-,,,,,,,,
2009-04-09,34,-,ACT,マーベラス,朧村正,-,11012,0,,-,,,,,,,,
2009-04-16,-,-,SPT,ハドソン,デカスポルタ2Wiiでスポーツ10種目！,-,10777,0,,-,,,,,,,,
2009-04-16,-,-,-,スパイク,ロックスターゲームプレゼンツテーブルテニス,-,11053,0,,-,,,,,,,,
2009-04-23,-,-,-,スクウェア・エニックス,メジャマジ・マーチ,-,10678,0,,-,,,,,,,,
2009-04-23,-,-,-,カプコン,モンスターハンターG,-,10872,24,,-,船水紀孝|藤岡要//,船水紀孝|藤岡要,,,,,田中剛|伊津野賢二|須藤克洋,
2009-04-23,-,-,-,カプコン,モンスターハンターGスターターパック,-,10873,0,,-,,,,,,,,
2009-04-23,-,-,-,スパイク,トゥームレイダーアンダーワールド,-,11055,0,,-,,,,,,,,
2009-04-29,-,-,-,コナミ,麻雀格闘倶楽部WiiWi-Fi対応,-,10839,0,,-,,,,,,,,
2009-04-29,35,-,SPT,コナミ,実況パワフルメジャーリーグ2009,野球,10847,0,,-,,,,,,,,
2009-04-29,-,-,-,IEインスティテュート,シカクいアタマをマルくする。Wii,-,11058,0,,-,,,,,,,,
2009-04-30,-,-,-,マーベラス,フィッシュアイズWii,-,11000,0,,-,,,,,,,,
2009-05-14,36,-,SPT,コナミ,ウイニングイレブンプレーメーカー2009,-,10828,0,,-,,,,,,,,
2009-05-21,31,-,SLG,任天堂,タクトオブマジック,-,10592,0,,-,,,,,,,,
2009-05-28,-,-,-,ジャレコ,黄金の絆,-,11092,0,,-,川口洋一//酒井諭,川口洋一,,酒井諭,,生田美和,星直樹,
2009-06-04,32,-,RPG,マーベラス,アークライズファンタジア,-,10995,0,,-,,,,,,,,
2009-06-11,-,-,-,任天堂,ちびロボ！(Wiiであそぶセレクション),-,10590,0,,-,,,,,,,,
2009-06-11,-,-,-,任天堂,メトロイドプライム2ダークエコーズ(Wiiであそぶセレクション),-,10591,0,,-,,,,,,,,
2009-06-25,-,-,-,任天堂,Wiiスポーツリゾート,-,10593,327,,-,,,,,,,,
2009-06-25,-,-,-,任天堂,Wiiスポーツリゾート(Wiiモーションプラス同梱版),-,10594,0,,-,,,,,,,,
2009-06-25,-,-,-,エレクトロニック・アーツ,ぼくとシムのまちレーシング,-,10944,0,,-,,,,,,,,
2009-07-02,-,-,-,エレクトロニック・アーツ,グランドスラムテニス(EASPORTS),-,10912,0,,-,,,,,,,,
2009-07-16,-,-,-,アルファ・ユニット,バッティングレボリューション(日本野球機構承認),-,11101,0,,-,,,,,,,,
2009-07-23,-,-,-,任天堂,パンチアウト！！,-,10595,0,,-,//宮本茂,,,宮本茂,,,竹田玄洋,
2009-07-23,-,-,-,バンダイナムコ,ドラゴンボール天下一大冒険,-,10730,0,,-,,,,,,,,
2009-07-30,-,-,-,コナミ,テレしばいWii(専用USBマイク同梱版),-,10834,0,,-,,,,,,,,
2009-07-30,-,-,-,AQインタラクティブ,恐怖体感呪怨,-,11083,0,,-,,,,,ゲイリー芦屋,清水崇,,
2009-08-01,40,-,ACT,カプコン,モンスターハンター3<トライ>,-,10868,108,,-,,,,,,小山内美江子・清水有生ほか,竹之下寛次,
2009-08-01,-,-,-,カプコン,モンスターハンター3<トライ>クラシックコントローラPRO<シロ>パック,-,10869,0,,-,,,,,,,,
2009-08-01,-,-,-,カプコン,モンスターハンター3<トライ>クラシックコントローラPRO<クロ>パック,-,10870,0,,-,,,,,,,,
2009-08-01,-,-,-,カプコン,モンスターハンター3<トライ>スペシャルパック,-,10871,0,,-,,,,,,,,
2009-08-06,33,-,SLG,バンダイナムコ,SDガンダムGジェネレーションウォーズ,-,10707,0,,-,,,,,,,,
2009-08-06,-,-,-,ハドソン,コロリンパ2アンソニーと金色ひまわりのタネ,-,10793,0,,-,,,,,,,,
2009-08-06,-,-,-,コナミ,ポップンミュージック,-,10837,0,,-,,,,,,,,
2009-08-06,-,-,-,エレクトロニック・アーツ,パーソナルトレーナーWii30日生活改善プログラムレジスタンスバンド・レッグストラップ同梱(EASPORTSアクティブ),-,10909,0,,-,,,,,,,,
2009-08-13,-,-,-,スクウェア・エニックス,鋼の錬金術師暁の王子,-,10679,0,,-,,,,,,,,
2009-08-27,-,-,-,イグニッション・エンターテイメント,たまらん,-,11125,0,,-,,,,,,,,
2009-09-03,31,-,ACT,バンダイナムコ,たべモン,-,10723,0,,-,,,,,,,,
2009-09-03,-,-,-,D3パブリッシャー,トップスピン3,-,10981,0,,-,,,,,,,,
2009-09-03,35,-,RPG,マーベラス,王様物語,-,11005,0,,-,,,,,,,,
2009-09-17,36,-,ADV,任天堂,フォーエバーブルー海の呼び声,-,10596,0,,-,,,,,,,,
2009-09-17,-,-,-,セガ,ザ・ハウス・オブ・ザ・デッドオーバーキル,-,10662,0,,-,,,,,,,,
2009-09-17,-,-,-,セガ,ザ・ハウス・オブ・ザ・デッドオーバーキル(Wiiザッパー同梱版),-,10663,0,,-,,,,,,,,
2009-09-24,-,-,-,ハドソン,ボンバーマン(ハドソン・ザ・ベスト),-,10800,0,,-,,,,,,,,
2009-10-01,-,-,-,任天堂,Wiiフィットプラス,-,10597,249,,-,,,,,,,,
2009-10-01,-,-,-,任天堂,Wiiフィットプラス(バランスWiiボード<シロ>セット),-,10598,0,,-,,,,,,,,
2009-10-01,-,-,-,エレクトロニック・アーツ,デッドスペースエクストラクション,-,10925,0,,-,,,,,,,,
2009-10-01,-,-,-,エレクトロニック・アーツ,ぼくとシムのまちエージェント極悪社長から世界をすくえ大作戦！,-,10941,0,,-,,,,,,,,
2009-10-08,-,-,-,マーベラス,ヴァルハラナイツエルダールサーガ,-,10998,0,,-,,,,,,,,
2009-10-15,-,-,-,カプコン,大神,-,10885,0,,-,,,,,,,,
2009-10-22,-,-,-,エレクトロニック・アーツ,FIFA10ワールドクラスサッカー,-,10915,0,,-,,,,,,,,
2009-10-22,-,-,-,マイルストーン,HulaWii楽しくフラを踊ろう！！,-,11045,0,,-,,,,,,,,
2009-10-22,-,-,-,ジョルダン,女番社長レナWii,-,11112,0,,-,,,,,,,,
2009-10-29,31,-,ACT,任天堂,罪と罰宇宙の後継者,-,10600,0,,-,,,,,,,,
2009-10-29,-,-,-,セガ,珍スポーツ,-,10664,0,,-,//樋上いたる|門之園恵美|池田和美,,,樋上いたる|門之園恵美|池田和美,折戸伸治|戸越まごめ|麻枝准,志茂文彦,馬場隆博,
2009-10-29,-,-,-,バンダイナムコ,スーパーロボット大戦NEO,-,10720,0,,-,,,,,,,,
2009-11-05,31,-,SPT,任天堂,マリオ&ソニックATバンクーバーオリンピック,-,10601,0,,-,,,,,,,,
2009-11-05,-,-,-,バンダイナムコ,ドラゴンボールZスパーキング！ネオウェルカムプライス,-,10702,0,,-,,,,,,,,
2009-11-05,-,-,-,バンダイナムコ,ワンピースアンリミテッドアドベンチャーウェルカムプライス,-,10703,0,,-,,,,,,,,
2009-11-05,-,-,-,ハドソン,めざせ！！釣りマスター(ハドソン・ザ・ベスト),-,10804,0,,-,,,,,,,,
2009-11-05,-,-,-,ハドソン,めざせ！！釣りマスター世界にチャレンジ！編(ハドソン・ザ・ベスト),-,10806,0,,-,,,,,,,,
2009-11-12,30,-,ACT,スクウェア・エニックス,ファイナルファンタジー・クリスタルクロニクルクリスタルベアラー,-,10681,0,,-,,,,,,,,
2009-11-19,32,-,-,バンダイナムコ,太鼓の達人Wiiドドーンと2代目！,-,10768,0,,-,,,,,,,,
2009-11-19,-,-,-,バンダイナムコ,太鼓の達人Wiiドドーンと2代目！専用コントローラ「太鼓とバチ」同梱版,-,10769,0,,-,,,,,,,,
2009-11-19,-,-,-,ハドソン,コーリング黒き着信,-,10774,0,,-,,,,,,,,
2009-11-19,-,-,-,ハドソン,メタルファイトベイブレードガチンコスタジアム(限定ベイブレード付き),-,10807,0,,-,,,,,,,,
2009-11-19,-,-,-,コナミ,サバイバルキッズWii(コナミ・ザ・ベスト),-,10825,0,,-,,,,,,,,
2009-11-19,-,-,-,コナミ,ファミリーチャレンジWii,-,10835,0,,-,,,,,,,,
2009-11-19,-,-,-,コナミ,ファミリーチャレンジWii(専用マットコントローラ同梱版),-,10836,0,,-,,,,,,,,
2009-11-26,-,-,-,セガ,ぷよぷよ7,-,10665,0,,-,,,,,,,,
2009-11-26,-,-,-,ハドソン,カラオケJOYSOUNDWiiDX,-,10785,0,,-,,,,,,,,
2009-11-26,-,-,-,ハドソン,カラオケJOYSOUNDWiiDX(専用USBマイク同梱版),-,10786,0,,-,,,,,,,,
2009-11-26,33,-,TBL,ハドソン,桃太郎電鉄2010戦国・維新のヒーロー大集合！の巻,-,10811,0,,-,さくまあきら(ゲーム監督)|小坂晃弘/田中俊介|中野寛之|石田雅雄|中村伸武|二宮友和|杉林正俊/玉置嘉嗣|後藤章暢|込山勉(サポート)|小坂晃弘(サポート)|土居孝幸,さくまあきら(ゲーム監督)|小坂晃弘,田中俊介|中野寛之|石田雅雄|中村伸武|二宮友和|杉林正俊,玉置嘉嗣|後藤章暢|込山勉(サポート)|小坂晃弘(サポート)|土居孝幸,関口和之|池毅,,川田忠之|佐藤裕|三井啓介(総合プロデューサー),
2009-11-26,-,-,-,エレクトロニック・アーツ,シムアニマルアフリカ,-,10918,0,,-,,,,,,,,
2009-11-26,-,-,-,タカラトミー,ナルト疾風伝龍刃記,-,10955,0,,-,,,,,,,,
2009-11-26,-,-,-,ユービーアイソフト,ラビッツ・ゴー・ホーム,-,10975,0,,-,,,,,,,,
2009-12-03,40,-,ACT,任天堂,NewスーパーマリオブラザーズWii,-,10602,462,,-,足助重之//天野裕介|有本正直|日野重文,足助重之,,天野裕介|有本正直|日野重文,永田権太|藤井志帆|永松亮,,手塚卓志|木村浩之,
2009-12-03,-,-,-,スクウェア・エニックス,ドラゴンクエストソード仮面の女王と鏡の塔アルティメットヒッツ,-,10673,0,,-,,,,,,,,
2009-12-03,-,-,-,バンダイナムコ,仮面ライダークライマックスヒーローズダブル,-,10755,0,,-,,,,,,,,
2009-12-03,-,-,-,カプコン,バイオハザード0(ベストプライス！),-,10862,0,,-,,,,,,,,
2009-12-03,34,-,ACT,コーエー,戦国無双3,-,10898,28,,-,,,,,,,,
2009-12-03,-,-,-,コーエー,戦国無双3特製クラシックコントローラPROセット,-,10899,0,,-,,,,,,,,
2009-12-03,-,-,-,コーエー,戦国無双3トレジャーBOX,-,10900,0,,-,,,,,,,,
2009-12-03,-,-,-,コーエー,戦国無双3withWii,-,10902,0,,-,,,,,,,,
2009-12-03,-,-,-,スパイク,東京フレンドパーク2決定版みんなで挑戦！体感アトラクション,-,11057,0,,-,,,,,,,,
2009-12-03,-,-,-,IEインスティテュート,アイソメトリック&カラテエクササイズWiiで骨盤Fitness,-,11060,0,,-,,,,,,,,
2009-12-03,-,-,-,イーフロンティア,カールじいさんの空飛ぶ家,-,11109,0,,-,,,,,マイケル・ジアッキーノ,ボブ・ピーターソン|ロニー・デル・カルメン,,
2009-12-03,-,-,-,ドラス,匠レストランは大繁盛！,-,11114,0,,-,,,,,,,,
2009-12-05,34,-,ACT,任天堂,ポケパークWiiピカチュウの大冒険,-,10603,33,,-,,,,,,,,
2009-12-10,-,-,-,スクウェア・エニックス,鋼の錬金術師黄昏の少女,-,10680,0,,-,,,,,,,,
2009-12-10,36,-,RPG,バンダイナムコ,テイルズ・オブ・グレイセス,-,10725,0,,-,大見和永//いのまたむつみ,大見和永,,いのまたむつみ,桜庭統|青山響,田中豪(メインシナリオ)|木賀大介(シナリオワークス)|山本尚基|堀いつみ(シナリオサポート),馬場英雄|岡本進一郎(制作プロデューサー),
2009-12-10,-,-,-,バンダイナムコ,テイルズ・オブ・グレイセススペシャルパック,-,10726,0,,-,,,,,,,,
2009-12-10,-,-,-,バンダイナムコ,ファミリートレーナー2,-,10743,0,,-,,,,,,,,
2009-12-10,-,-,-,バンダイナムコ,ファミリートレーナー1&2(ファミリートレーナー専用マットコントローラ同梱版),-,10744,0,,-,,,,,,,,
2009-12-10,35,-,SPT,コナミ,ウイニングイレブンプレーメーカー2010,-,10829,0,,-,,,,,,,,
2009-12-10,-,-,-,コナミ,ウイニングイレブンプレーメーカー2010(クラシックコントローラPRO同梱版),-,10831,0,,-,,,,,,,,
2009-12-10,-,-,-,タカラトミー,闘真伝,-,10960,0,,-,,,,,,,,
2009-12-17,-,-,-,任天堂,NHK紅白クイズ合戦,-,10604,0,,-,,,,,,,,
2009-12-17,-,-,-,バンダイナムコ,機動戦士ガンダムMS戦線0079GUNDAM30thANNIVERSARYCOLLECTION,-,10758,0,,-,,,,,,,,
2009-12-17,-,-,-,エレクトロニック・アーツ,ニード・フォー・スピードナイトロ,-,10930,0,,-,,,,,,,,
2009-12-17,-,-,-,コードマスターズ,F12009,-,11111,0,,-,,,,,,,,
2010-01-14,-,-,-,カプコン,バイオハザードダークサイド・クロニクルズ,-,10858,0,,-,,,,,,,,
2010-01-14,-,-,-,カプコン,バイオハザードダークサイド・クロニクルズコレクターズ・パッケージ,-,10860,0,,-,,,,,,,,
2010-01-28,-,-,-,コナミ,ダンスダンスレボリューションミュージックフィット,-,10817,0,,-,,,,,,,,
2010-01-28,-,-,-,コナミ,ダンスダンスレボリューションミュージックフィット(専用マットコントローラ同梱版),-,10818,0,,-,,,,,,,,
2010-01-28,-,-,-,カプコン,タツノコVSカプコンアルティメットオール・スターズ,-,10849,0,,-,,,,,,,,
2010-02-10,31,-,ACT,スパイク,マッドワールド,-,11052,0,,-,,,,,,,,
2010-02-11,-,-,-,任天堂,斬撃のレギンレイヴ,-,10605,0,,-,,,,,,,,
2010-02-25,32,-,ACT,セガ,スーパーモンキーボールアスレチック,-,10667,0,,-,,,,,,,,
2010-02-25,-,-,-,バンダイナムコ,ワンピースアンリミテッドクルーズエピソード1波に揺れる秘宝(みんなのおすすめセレクション),-,10699,0,,-,,,,,,,,
2010-02-25,-,-,-,バンダイナムコ,テイルズ・オブ・シンフォニアラタトスクの騎士(みんなのおすすめセレクション),-,10729,0,,-,,,,,,,,
2010-02-25,-,-,-,バンダイナムコ,ドラゴンボールZスパーキング！メテオ(みんなのおすすめセレクション),-,10732,0,,-,,,,,,,,
2010-02-25,-,-,-,バンダイナムコ,ファミリースキーワールドスキー&スノーボード(みんなのおすすめセレクション),-,10740,0,,-,,,,,,,,
2010-02-25,-,-,-,バンダイナムコ,大怪獣バトルウルトラコロシアムDXウルトラ戦士大集結,-,10761,0,,-,,,,,,,,
2010-02-25,-,-,SPT,ハドソン,デカスポルタWiiでスポーツ10種目！(ハドソン・ザ・ベスト),-,10776,0,,-,,,,,,,,
2010-02-25,-,-,-,コナミ,GTIClubワールドシティレース,-,10822,0,,-,,,,,,,,
2010-02-25,-,-,-,マーベラス,アークライズファンタジア(みんなのおすすめセレクション),-,10996,0,,-,,,,,,,,
2010-02-25,-,-,-,マーベラス,朧村正(みんなのおすすめセレクション),-,11013,0,,-,,,,,,,,
2010-02-25,-,-,-,マイルストーン,ラジルギノアWii,-,11050,0,,-,,,,,,,,
2010-03-11,-,-,-,バンダイナムコ,太鼓の達人Wii,-,10766,0,,-,,,,,,,,
2010-03-18,-,-,-,スクウェア・エニックス,おやこであそぼミッフィーのおもちゃばこ,-,10682,0,,-,,,,,,,,
2010-03-25,-,-,-,コナミ,サイレントヒルシャッタードメモリーズ,-,10823,0,,-,,,,,,,,
2010-04-01,-,-,-,エレクトロニック・アーツ,パーソナルトレーナーWii6週間集中ひきしめプログラム(EASPORTSアクティブ),-,10910,0,,-,,,,,,,,
2010-04-01,-,-,-,エレクトロニック・アーツ,パーソナルトレーナーWii6週間集中ひきしめプログラムレジスタンスバンド・レッグストラップ同梱(EASPORTSアクティブ),-,10911,0,,-,,,,,,,,
2010-04-01,-,-,-,エレクトロニック・アーツ,スポアキミがつくるヒーロー,-,10921,0,,-,,,,,,,,
2010-04-02,31,-,SLG,コーエー,ウイニングポストワールド2010,-,10889,0,,-,,,,,,,,
2010-04-22,-,-,-,バンダイナムコ,ワンピースアンリミテッドクルーズエピソード2目覚める勇者(みんなのおすすめセレクション),-,10701,0,,-,,,,,,,,
2010-04-22,31,-,ACT,バンダイナムコ,アイビィ・ザ・キウィ？,-,10706,0,,-,,,,,,,,
2010-04-22,-,-,-,ハドソン,桃太郎電鉄16北海道大移動の巻！(みんなのおすすめセレクション),-,10810,0,,-,,,,,,,,
2010-04-28,-,-,-,アークシステムワークス,バスフィッシングWiiワールドトーナメント,-,11027,0,,-,,,,,,,,
2010-04-29,-,-,-,任天堂,安藤ケンサク,-,10606,0,,-,,,,,,,,
2010-04-29,-,-,-,ハドソン,ルームズ不思議な動く部屋,-,10780,0,,-,,,,,,,,
2010-05-13,32,-,SPT,エレクトロニック・アーツ,2010FIFAワールドカップ南アフリカ大会(EASPORTS),-,10908,0,,-,,,,,,,,
2010-05-20,34,-,SPT,コナミ,ウイニングイレブンプレーメーカー2010蒼き侍の挑戦,-,10830,0,,-,,,,,,,,
2010-05-27,37,-,ACT,任天堂,スーパーマリオギャラクシー2,-,10607,107,,-,林田宏一//元倉健太,林田宏一,,元倉健太,横田真人|永松亮|近藤浩治,,小泉歓晃|手塚卓志,
2010-05-27,31,-,ACT,ユービーアイソフト,レッドスティール2,-,10973,0,,-,,,,,,,,
2010-05-27,-,-,-,ユービーアイソフト,レッドスティール2(Wiiモーションプラス同梱版),-,10974,0,,-,,,,,,,,
2010-06-10,36,-,RPG,任天堂,ゼノブレイド,-,10608,0,,-,"高橋哲哉 小島幸 横田弦紀//","高橋哲哉 小島幸 横田弦紀",,,"下村陽子 清田愛未 ACE+ 光田康典",,川畑真吾,
2010-06-10,-,-,-,ハドソン,カラオケJOYSOUNDWiiデュエット曲編(専用USBマイク2本同梱版),-,10789,0,,-,,,,,,,,
2010-06-10,-,-,-,ハドソン,カラオケJOYSOUNDWii演歌・歌謡曲編(専用USBマイク同梱版),-,10790,0,,-,,,,,,,,
2010-06-17,-,-,-,THQジャパン,化石モンスタースペクトロブス,-,11043,0,,-,,,,,,,,
2010-06-17,33,-,ACT,アトラス,ホスピタル6人の医師,-,11084,0,,-,,,,,,,,
2010-06-24,30,-,-,バンダイナムコ,SDガンダムガシャポンウォーズ,-,10708,0,,-,,,,,,,,
2010-06-24,-,-,-,バンダイナムコ,SDガンダムガシャポンウォーズ(クラシックコントローラPRO<クロ>パック),-,10709,0,,-,,,,,,,,
2010-07-08,-,-,-,任天堂,Wiiパーティ,-,10609,241,,-,,,,,,,,
2010-07-08,-,-,-,任天堂,Wiiパーティ(Wiiリモコン<シロ>セット),-,10610,0,,-,,,,,,,,
2010-07-08,-,-,-,任天堂,Wiiパーティ(Wiiリモコン<ピンク>セット),-,10611,0,,-,,,,,,,,
2010-07-08,-,-,SPT,ハドソン,デカスポルタ2Wiiでスポーツ10種目！(ハドソン・ザ・ベスト),-,10778,0,,-,,,,,,,,
2010-07-15,35,-,TBL,スクウェア・エニックス,ドラゴンクエストモンスターバトルロードビクトリー,-,10683,34,,-,,,,,,,,
2010-07-15,30,-,-,バンダイナムコ,ウィーチアダンシングスピリッツ！,-,10713,0,,-,,,,,,,,
2010-07-22,31,-,ACT,ハドソン,影の塔,-,10808,0,,-,,,,,小倉久佳,,,
2010-07-29,33,-,ACT,カプコン,戦国BASARA3,-,10877,0,,-,,,,,,,,
2010-07-29,-,-,-,カプコン,戦国BASARA3クラシックコントローラPRO<シロ>パック,-,10879,0,,-,,,,,,,,
2010-07-29,-,-,-,カプコン,戦国BASARA3クラシックコントローラPRO<クロ>パック,-,10880,0,,-,,,,,,,,
2010-08-05,-,-,-,ハドソン,テトリスパーティープレミアム,-,10795,0,,-,,,,,,,,
2010-08-26,-,-,-,マイルストーン,トウィンクルクイーン,-,11047,0,,-,,,,,,,,
2010-09-02,35,-,ACT,任天堂,メトロイドアザーエム,-,10612,0,,-,坂本賀勇|早矢仕洋介|細川豪彦//,坂本賀勇|早矢仕洋介|細川豪彦,,,蓜島邦明,坂本賀勇,坂本賀勇|早矢仕洋介,
2010-09-09,-,-,-,カプコン,バイオハザードアンブレラ・クロニクルズ(ベストプライス！),-,10864,0,,-,,,,,,,,
2010-09-09,-,-,-,カプコン,バイオハザード4Wiiエディション(ベストプライス！),-,10866,0,,-,,,,,,,,
2010-09-16,-,-,SPT,ハドソン,デカスポルタ3Wiiでスポーツ10種目！,-,10779,0,,-,,,,,,,,
2010-10-14,36,-,ACT,任天堂,毛糸のカービィ,-,10613,48,,-,,,,,,,,
2010-10-21,-,-,-,任天堂,スーパーマリオコレクション,-,10614,0,,-,手塚卓志/中郷俊彦/日野重文|森直樹|富田聡一郎|臼井健太,手塚卓志,中郷俊彦,日野重文|森直樹|富田聡一郎|臼井健太,近藤浩治,,宮本茂,
2010-10-21,-,-,-,任天堂,スーパーマリオコレクションスペシャルパック,-,10615,0,,-,手塚卓志/中郷俊彦/日野重文|森直樹|富田聡一郎|臼井健太,手塚卓志,中郷俊彦,日野重文|森直樹|富田聡一郎|臼井健太,近藤浩治,,宮本茂,
2010-10-21,-,-,-,バンダイナムコ,みんなで冒険！ファミリートレーナー,-,10741,0,,-,,,,,,,,
2010-10-21,-,-,-,バンダイナムコ,みんなで冒険！ファミリートレーナー(ファミリートレーナー専用マットコントローラ同梱版),-,10751,0,,-,,,,,,,,
2010-10-21,34,-,ACT,マーベラス,ノーモア★ヒーローズ2デスパレート・ストラグル,-,10993,0,,-,市来信高//藤川敬浩|須田知尋|コザキユースケ,市来信高,,藤川敬浩|須田知尋|コザキユースケ,福田淳,須田剛一,和田康宏|木村祥朗,
2010-10-21,-,-,-,マーベラス,ノーモア★ヒーローズ2デスパレート・ストラグルホッパーズエディション,-,10994,0,,-,,,,,,,シライシ紗トリ,
2010-11-11,-,-,-,セガ,ぷよぷよ7スペシャルプライス,-,10666,0,,-,//佐藤陽子,,,佐藤陽子,未知瑠,待田堂子|森田繁|朱白あおい,,
2010-11-11,-,-,-,ハドソン,パーティーゲームボックス100,-,10798,0,,-,,,,,,,,
2010-11-11,-,-,-,タカラトミー,人生ゲームハッピーファミリー,-,10963,0,,-,,,,,,,,
2010-11-18,30,-,ACT,任天堂,たたいて弾むスーパースマッシュボール・プラス,-,10616,106,,-,,,,,,,,
2010-11-18,-,-,-,任天堂,たたいて弾むスーパースマッシュボール・プラス(Wiiリモコンプラス<ピンク>同梱版),-,10617,0,,-,,,,,,,,
2010-11-18,34,-,ACT,セガ,ソニックカラーズ,-,10668,0,,-,岸本守央/川畑嘉貴/岸本守央|川村幸子,岸本守央,川畑嘉貴,岸本守央|川村幸子,"床井健一|大谷智哉|熊谷文恵| 南波真理子|幡谷尚史|小林秀聡",ケン・ポンタック|ウォーレン・グラフ|大竹康師,飯塚隆,
2010-11-18,33,-,SPT,コナミ,ウイニングイレブンプレーメーカー2011,-,10832,0,,-,,,,,,,,
2010-11-18,-,-,-,コーエーテクモ,信長の野望革新withパワーアップキット(コーエーテクモ・ザ・ベスト),-,10897,0,,-,,,,,,,,
2010-11-25,30,-,SPT,任天堂,マリオスポーツミックス,-,10618,65,,-,,,,,,,,
2010-11-25,31,-,ACT,アガツマ・エンタテインメント,アンパンマンにこにこパーティ,-,11124,0,,-,,,,,,,,
2010-12-02,-,-,-,バンダイナムコ,仮面ライダークライマックスヒーローズオーズ,-,10753,0,,-,岡崎元|三浦悠也/柴山賢二|遠矢龍平|吉川智野|安井秀和/,岡崎元|三浦悠也,柴山賢二|遠矢龍平|吉川智野|安井秀和,,本山明燮|芳賀賢,,佐竹伸也,
2010-12-02,32,-,-,バンダイナムコ,太鼓の達人Wiiみんなでパーティ☆3代目！,-,10770,27,,-,,,,,,,,
2010-12-02,-,-,-,バンダイナムコ,太鼓の達人Wiiみんなでパーティ☆3代目！専用コントローラ「太鼓とバチ」同梱版,-,10771,0,,-,,,,,,,,
2010-12-02,-,-,-,タカラトミー,ナルト疾風伝激闘忍者大戦！スペシャル,-,10954,0,,-,,,,,,,,
2010-12-02,31,-,ETC,オフィスクリエイト,ベビーシッターママ,-,11110,0,,-,,,,,,,,
2010-12-09,32,-,ACT,任天堂,ドンキーコングリターンズ,-,10619,95,,-,,,,,,,,
2010-12-09,-,-,-,バンダイナムコ,フィットネスパーティ,-,10747,0,,-,,,,,,,,
2010-12-09,-,-,-,ハドソン,カラオケJOYSOUNDWiiSUPERDXひとりでみんなで歌い放題！,-,10787,0,,-,,,,,,,,
2010-12-09,-,-,-,ハドソン,カラオケJOYSOUNDWiiSUPERDXひとりでみんなで歌い放題！(専用USBマイク同梱版),-,10788,0,,-,,,,,,,,
2010-12-09,-,-,-,エレクトロニック・アーツ,ニード・フォー・スピードホット・パースート,-,10934,0,,-,,,,,,,,
2010-12-16,-,-,-,バンダイナムコ,パックマンパーティ,-,10734,0,,-,,,,,,,,
2010-12-16,-,-,-,エレクトロニック・アーツ,ブームブロックス(EABESTHITS),-,10939,0,,-,,,,,,,,
2010-12-16,-,-,-,エレクトロニック・アーツ,モノポリー(EABESTHITS),-,10949,0,,-,,,,,,,,
2010-12-16,-,-,-,ロケットカンパニー,シェイプボクシング2(Wiiでエンジョイダイエット！),-,11078,0,,-,,,,,,,,
2010-12-22,-,-,-,エレクトロニック・アーツ,タイガー・ウッズPGATOUR09ALL-PLAY(EABESTHITS),-,10923,0,,-,,,,,,,,
2010-12-22,-,-,-,エレクトロニック・アーツ,ニード・フォー・スピードナイトロ(EABESTHITS),-,10931,0,,-,,,,,,,,
2010-12-23,-,-,-,IEインスティテュート,モムチャンダイエットWiiフィギュアロビクスbyチョン・ダヨン,-,11061,70,,-,,,,,,,,
2010-12-30,-,-,-,マイルストーン,マイルストーンシューティングコレクション2,-,11049,0,,-,,,,,,,,
2011-01-20,-,-,-,ハドソン,桃太郎電鉄2010戦国・維新のヒーロー大集合！の巻(みんなのおすすめセレクション),-,10812,27,,-,,,,,,,,
2011-01-20,-,-,-,コーエーテクモ,戦国無双3(みんなのおすすめセレクション),-,10901,0,,-,,,,,,,,
2011-01-27,38,-,RPG,任天堂,ラストストーリー,-,10620,0,,-,,,,,植松伸夫,坂口博信,,
2011-01-27,-,-,-,任天堂,ラストストーリースペシャルパック(Wii本体同梱版),-,10621,0,,-,,,,,,,,
2011-01-27,-,-,-,ユービーアイソフト,ラビッツ・パーティータイムトラベル,-,10978,0,,-,,,,,,,,
2011-02-10,31,-,ACT,コーエーテクモ,戦国無双3猛将伝,-,10907,0,,-,,,,,,,,
2011-02-24,34,-,SLG,バンダイナムコ,SDガンダムジージェネレーションワールド,-,10710,0,,-,,,,,,,,
2011-02-24,-,-,-,バンダイナムコ,SDガンダムジージェネレーションワールドコレクターズパック,-,10711,0,,-,,,,,,,,
2011-02-24,31,-,ACT,マーベラス,ルーンファクトリーオーシャンズ,-,11001,0,,-,,,,,,,,
2011-03-24,-,-,-,バンダイナムコ,テイルズ・オブ・グレイセス(みんなのおすすめセレクション),-,10727,0,,-,,,,,,,,
2011-03-24,-,-,-,マーベラス,イケニエノヨル,-,10997,0,,-,,,,,,,,
2011-03-24,-,-,-,マーベラス,ルーンファクトリーフロンティア(みんなのおすすめセレクション),-,11004,0,,-,,,,,,,,
2011-04-21,-,-,-,コナミ,遊戯王ファイブディーズデュエルトランサー(デュエルスキャナー同梱),-,10841,0,,-,,,,,,,,
2011-04-21,-,-,-,カプコン,バイオハザードダークサイド・クロニクルズ(ベストプライス！),-,10859,0,,-,,,,,,,,
2011-04-21,-,-,-,ロケットカンパニー,ビリーズブートキャンプ(Wiiでエンジョイダイエット！),-,11079,0,,-,,,,,,,,
2011-05-26,31,-,ACT,任天堂,パンドラの塔君のもとへ帰るまで,-,10622,0,,-,,,,,,,,
2011-06-02,-,-,-,カプコン,戦国BASARA3(ベストプライス！),-,10878,0,,-,,,,,,,,
2011-06-02,-,-,-,カプコン,戦国BASARA3クラシックコントローラPRO<シロ>パック(ベストプライス！),-,10881,0,,-,,,,,,,,
2011-06-02,-,-,-,カプコン,戦国BASARA3クラシックコントローラPRO<クロ>パック(ベストプライス！),-,10882,0,,-,,,,,,,,
2011-06-23,-,-,-,角川ゲームス,アースシーカー,-,11119,0,,-,,,,,,,,
2011-06-30,34,-,FPS,任天堂,ゴールデンアイ007,-,10556,0,,-,,,,,,,,
2011-06-30,-,-,-,カプコン,バイオハザード(ベストプライス！),-,10854,0,,-,,,,,,,,
2011-06-30,-,-,-,カプコン,バイオハザード0(ベストプライス！),-,10863,0,,-,,,,,,,,
2011-07-07,-,-,-,任天堂,Wiiリモコンプラスバラエティ,-,10623,0,,-,,,,,,,,
2011-07-07,-,-,-,任天堂,Wiiリモコンプラスバラエティパック(Wiiリモコンプラス<アカ>同梱版),-,10624,0,,-,,,,,,,,
2011-07-16,33,-,SPT,レベルファイブ,イナズマイレブンストライカーズ,-,11087,79,,-,,,,,,,,
2011-07-21,-,-,-,任天堂,みんなのリズム天国,-,10625,0,,-,/正岡隆史/関今日平|竹内高,,正岡隆史,関今日平|竹内高,"つんく♂ 米政美",,,
2011-07-28,-,-,-,ユービーアイソフト,フィット・イン・シックスカラダを鍛える6つの要素,-,10968,148,,-,,,,,,,,
2011-08-04,31,-,ACT,任天堂,ディズニーエピックミッキーミッキーマウスと魔法の筆,-,10626,0,,-,,,,,,,,
2011-08-04,33,-,SPT,バンダイナムコ,ファミリーフィッシング,-,10745,0,,-,,,,,,,,
2011-08-04,-,-,-,バンダイナムコ,ファミリーフィッシングさおコン同梱版,-,10746,0,,-,,,,,,,,
2011-09-01,-,-,-,タカラトミー,人生ゲームハッピーファミリーご当地ネタ増量仕上げ,-,10964,0,,-,,,,,,,,
2011-09-08,30,-,ACT,バンダイナムコ,スーパー戦隊バトルレンジャークロス,-,10721,0,,-,,,,,,,,
2011-09-08,-,-,-,マーベラス,牧場物語やすらぎの樹(ベストコレクション),-,11009,0,,-,,,,,,,,
2011-09-15,-,-,-,スクウェア・エニックス,ドラゴンクエスト25周年記念ファミコン&スーパーファミコンドラゴンクエスト1・2・3,-,10684,39,,-,,,,,,,,
2011-09-22,31,-,ACT,コーエーテクモ,チャンピオンジョッキーギャロップレーサー&ジーワンジョッキー,-,10906,0,,-,,,,,,,,
2011-10-13,30,-,-,任天堂,ジャストダンスWii,-,10627,65,,-,,,,,,,,
2011-10-20,31,-,ACT,バンダイナムコ,ゴーバケーション,-,10705,35,,-,,,,,,,,
2011-10-27,36,-,ACT,任天堂,星のカービィWii,-,10628,69,,-,熊崎信也//,熊崎信也,,,,,,
2011-11-03,32,-,SPT,コナミ,ウイニングイレブンプレーメーカー2012,-,10826,0,,-,,,,,,,,
2011-11-10,32,-,ACT,カプコン,戦国BASARA3宴,-,10883,0,,-,,,,,,,,
2011-11-12,33,-,ACT,ポケモン,ポケパーク2ビヨンド・ザ・ワールド,-,11117,32,,-,,,,,,,,
2011-11-23,40,-,ACT,任天堂,ゼルダの伝説スカイウォードソード,-,10629,34,,-,藤林秀麿/岩脇敏夫|森田和明/小林竜二,藤林秀麿,岩脇敏夫|森田和明,小林竜二,若井淑|藤井志帆|横田真人|はまたけし|近藤浩治,,青沼英二,
2011-11-23,-,-,-,任天堂,ゼルダの伝説スカイウォードソードスペシャルCD付き,-,10630,0,,-,藤林秀麿/岩脇敏夫|森田和明/小林竜二,藤林秀麿,岩脇敏夫|森田和明,小林竜二,若井淑|藤井志帆|横田真人|はまたけし|近藤浩治,,青沼英二,
2011-11-23,-,-,-,任天堂,ゼルダの伝説スカイウォードソードスペシャルCD付き(Wiiリモコンプラス<シロ>セット),-,10631,0,,-,,,,,,,,
2011-11-23,-,-,-,任天堂,ゼルダの伝説スカイウォードソードゼルダ25周年パック,-,10632,0,,-,藤林秀麿/岩脇敏夫|森田和明/小林竜二,藤林秀麿,岩脇敏夫|森田和明,小林竜二,若井淑|藤井志帆|横田真人|はまたけし|近藤浩治,,青沼英二,
2011-11-23,31,-,-,バンダイナムコ,太鼓の達人Wii決定版,-,10764,32,,-,,,,,,,,
2011-11-23,-,-,-,バンダイナムコ,太鼓の達人Wii決定版専用コントローラ「太鼓とバチ」同梱版,-,10765,0,,-,,,,,,,,
2011-12-01,34,-,TBL,スクウェア・エニックス,いただきストリートWii,-,10685,0,,-,,,,,,,,
2011-12-01,-,-,-,バンダイナムコ,仮面ライダークライマックスヒーローズフォーゼ,-,10754,0,,-,岡崎元|三浦悠也/柴山賢二|遠矢龍平|吉川智野|安井秀和/,岡崎元|三浦悠也,柴山賢二|遠矢龍平|吉川智野|安井秀和,,本山明燮|芳賀賢,,佐竹伸也,
2011-12-02,-,-,-,任天堂,Wiiフィットプラス(バランスWiiボード<クロ>セット),-,10599,0,,-,,,,,,,,
2011-12-08,32,-,SPT,任天堂,マリオ&ソニックATロンドンオリンピック,-,10633,0,,-,,,,,,,,
2011-12-08,-,-,-,エレクトロニック・アーツ,ニード・フォー・スピードザ・ラン,-,10929,0,,-,,,,,,,,
2011-12-08,31,-,ACT,ユービーアイソフト,マイケル・ジャクソンザ・エクスペリエンス,-,10969,0,,-,,,,,,,,
2011-12-08,-,-,-,ユービーアイソフト,マイケル・ジャクソンザ・エクスペリエンスリミテッドエディション,-,10970,0,,-,//neco(原案)|桂憲一郎|形部一平(コフィンデザイン)|たけはらみのる|形部一平,,,neco(原案)|桂憲一郎|形部一平(コフィンデザイン)|たけはらみのる|形部一平,中山真斗,MAGUS,,
2011-12-15,33,-,PZL,セガ,ぷよぷよ！！20thAnniversary,-,10669,0,,-,,,,,,,,
2011-12-15,30,-,-,バンダイナムコ,いっしょに遊ぼう！ドリームテーマパーク,-,10715,0,,-,,,,,,,,
2011-12-15,-,-,-,バンダイナムコ,いっしょに遊ぼう！ドリームテーマパーク(ファミリートレーナー専用マットコントローラ同梱版),-,10716,0,,-,,,,,,,,
2011-12-22,-,-,-,レベルファイブ,イナズマイレブンストライカーズ2012エクストリーム,-,11088,0,,-,,,,,,,,
2012-01-19,32,-,ETC,任天堂,キキトリック,-,10634,0,,-,,,,,,,,
2012-01-19,-,-,-,カプコン,戦国BASARA2英雄外伝ダブルパック(ベストプライス！),-,10876,0,,-,,,,,,,,
2012-01-26,-,-,-,マーベラス,ルーンファクトリーオーシャンズ(ベストコレクション),-,11002,0,,-,,,,,,,,
2012-04-26,34,-,TBL,任天堂,マリオパーティ9,-,10635,70,,-,,,,,,,,
2012-06-28,34,-,ACT,任天堂,零眞紅の蝶,-,10557,0,,-,,,,,,,,
2012-07-19,-,-,-,任天堂,星のカービィ20周年スペシャルコレクション,-,10636,0,,-,,,,,,,,
2012-07-26,-,-,-,任天堂,ジャストダンスWii2,-,10637,0,,-,,,,,,,,
2012-08-02,-,-,-,スクウェア・エニックス,ドラゴンクエスト10目覚めし五つの種族オンライン,-,10686,31,,-,,,,,,,,
2012-08-02,36,-,RPG,スクウェア・エニックス,ドラゴンクエスト10目覚めし五つの種族オンライン(WiiUSBメモリー同梱版),-,10687,0,,-,,,,,,,,
2012-08-02,-,-,-,スクウェア・エニックス,ドラゴンクエスト10目覚めし五つの種族オンライン(Wii本体パック),-,10688,0,,-,,,,,,,,
2012-11-01,-,-,-,コナミ,ウイニングイレブンプレーメーカー2013,-,10827,0,,-,,,,,,,,
2012-11-29,30,-,ACT,バンダイナムコ,仮面ライダー超クライマックスヒーローズ,-,10756,0,,-,岡崎元|三浦悠也/柴山賢二|遠矢龍平|吉川智野|安井秀和/,岡崎元|三浦悠也,柴山賢二|遠矢龍平|吉川智野|安井秀和,,本山明燮|芳賀賢,,佐竹伸也,
2012-11-29,32,-,-,バンダイナムコ,太鼓の達人Wii超ごうか版,-,10772,63,,-,,,,,,,,
2012-11-29,-,-,-,バンダイナムコ,太鼓の達人Wii超ごうか版専用コントローラ「太鼓とバチ」同梱版,-,10773,0,,-,,,,,,,,
2012-12-13,-,-,-,セガ,ぷよぷよ！！20thAnniversaryスペシャルプライス,-,10670,0,,-,,,,,,,,
2012-12-13,-,-,-,カプコン,戦国BASARA3宴(ベストプライス！),-,10884,0,,-,,,,,,,,
2012-12-20,33,-,SPT,レベルファイブ,イナズマイレブンGOストライカーズ2013,-,11089,0,,-,,,,,,,,
2013-03-28,-,-,-,バンダイナムコ,プリキュアオールスターズぜんいんしゅうごう☆レッツダンス！,-,10748,0,,-,"川口祐幸 / 斉藤学//高橋晃","川口祐幸 / 斉藤学",,高橋晃,高木洋,東堂いづみ,坂下康文,
2013-07-12,-,-,-,スクウェア・エニックス,スカイランダーズスパイロの大冒険スターターパック,-,10692,0,,-,,,,,,,,
2013-09-26,32,-,ADV,スパイク・チュンソフト,ディズニーエピックミッキー2二つの力,-,11113,0,,-,,,,,,,,
2013-12-05,-,-,-,スクウェア・エニックス,ドラゴンクエスト10眠れる勇者と導きの盟友オンライン,-,10689,7,,-,,,,,,,,
2014-08-07,-,-,-,スクウェア・エニックス,ドラゴンクエスト10オールインワンパッケージ,-,10690,0,,-,,,,,,,,
2015-04-30,-,-,-,スクウェア・エニックス,ドラゴンクエスト10いにしえの竜の伝承オンライン,-,10691,0,,-,,,,,,,,
2012-12-08,36,-,ACT,任天堂,NewスーパーマリオブラザーズU,-,10414,120,,-,竹本聖隆//足助重之|岩本大貴|菅野龍太郎|佐藤真靖,竹本聖隆,,足助重之|岩本大貴|菅野龍太郎|佐藤真靖,横田真人|藤井志帆,,手塚卓志|木村浩之,
2012-12-08,35,-,ACT,任天堂,ニンテンドーランド,-,10423,38,,-,嶋村隆行|山下善一//阪口翼,嶋村隆行|山下善一,,阪口翼,永松亮,,江口勝也,
2012-12-08,37,-,FTG,バンダイナムコ,鉄拳タッグトーナメント2WiiUエディション,-,10468,0,,-,,,,,,,,
2012-12-08,35,-,-,カプコン,モンスターハンター3<トライ>GHDVer.,-,10491,22,,-,,,,,,,,
2012-12-08,-,-,-,カプコン,モンスターハンター3<トライ>GHDVer.WiiUプレミアムセット,-,10492,0,,-,,,,,,,,
2012-12-08,36,-,ACT,ワーナー,バットマンアーカム・シティアーマードエディション,-,10513,0,,-,,,,,,,,
2012-12-08,34,-,ACT,コーエーテクモ,無双オロチ2ハイパー,-,10522,0,,-,,,,,,,,
2012-12-08,35,-,ACT,コーエーテクモ,ニンジャガイデン3レーザーズエッジ,-,10523,0,,-,,,,,,,,
2012-12-08,37,-,ACT,ユービーアイソフト,アサシンクリード3,-,10529,0,,-,,,,,,,,
2012-12-08,34,-,ACT,ユービーアイソフト,ゾンビU,-,10530,0,,-,,,,,,,,
2012-12-08,35,-,SPT,エレクトロニック・アーツ,FIFA13ワールドクラスサッカー,-,10537,0,,-,,,,,,,,
2012-12-08,36,-,RPG,エレクトロニック・アーツ,マスエフェクト3特別版,-,10538,0,,-,,,,,,,,
2012-12-13,30,-,SLG,コーエーテクモ,三國志12,-,10427,0,,-,,,,,,,,
2012-12-20,37,-,-,スクウェア・エニックス,コール・オブ・デューティブラックオプス2<吹き替え版>,-,10502,0,,-,,,,,,,,
2012-12-20,-,-,-,ユービーアイソフト,スポーツコネクション,-,10531,0,,Wiiハンドル対応,,,,,,,,
2012-12-20,-,-,-,D3パブリッシャー,THEファミリーパーティー(SIMPLEシリーズforWiiUVol.1),-,10542,0,,-,,,,,,,,
2013-01-31,35,-,ACT,コーエーテクモ,真・北斗無双,-,10524,0,,-,,,,,,,,
2013-02-21,-,-,-,バンダイナムコ,タンク！タンク！タンク！,-,10469,0,,Wiiハンドル対応,,,,,,,,
2013-03-20,35,-,RCG,エレクトロニック・アーツ,ニード・フォー・スピードモスト・ウォンテッドU,-,10539,0,,Wiiハンドル対応,,,,,,,,
2013-03-28,31,-,ETC,任天堂,ゲーム＆ワリオ,-,10428,6,,-,,,,,,,,
2013-03-30,-,-,-,スクウェア・エニックス,ドラゴンクエスト10目覚めし五つの種族オンライン,-,10505,7,,-,,,,,,,,
2013-03-30,-,-,-,スクウェア・エニックス,ドラゴンクエスト10目覚めし五つの種族オンラインプレミアムセット,-,10506,0,,-,,,,,,,,
2013-05-23,36,-,ACT,カプコン,バイオハザード・リベレーションズアンベールド・エディション,-,10493,0,,-,中西晃史//,中西晃史,,,鈴木幸太|講本一朗|三浦健,佐藤大,川田将央|竹中司,
2013-06-06,-,-,-,ユービーアイソフト,ラビッツランド,-,10532,0,,-,,,,,,,,
2013-06-27,31,-,ACT,ワーナー,インジャスティス神々の激突,-,10514,0,,-,エド・ブーン//パウロ・ガルシア|ジョン・エドワーズ,エド・ブーン,,パウロ・ガルシア|ジョン・エドワーズ,クリストファー・ドレイク|クリス・ヴェラスコ|ソニック・メイヘム,,アダム・アルバーノ,
2013-06-27,-,-,-,コードマスターズ,F1レーススターズパワーアップエディション,-,10544,0,,-,,,,,,,,
2013-07-12,-,-,-,スクウェア・エニックス,スカイランダーズスパイロの大冒険スターターパック,-,10504,0,,-,,,,,,,,
2013-07-13,37,-,ACT,任天堂,ピクミン3,-,10430,22,,-,日野重文|神門有史/神門有史/西森啓介,日野重文|神門有史,神門有史,西森啓介,早崎あすか|朝日温子|若井淑,,木村浩之,
2013-07-18,-,-,-,ユービーアイソフト,スナイパーエリートV2,-,10533,0,,-,,,,,,,,
2013-07-19,34,-,ACT,任天堂,NewスーパールイージU,-,10429,10,,-,"竹本聖隆//.mw-parser-output .plainlist--only-child>ol|.mw-parser-output .plainlist--only-child>ul{line-height:inherit;list-style:none none;margin:0;padding-left:0}.mw-parser-output .plainlist--only-child>ol li|.mw-parser-output .plainlist--only-child>ul li{margin-bottom:0}足助重之岩本大貴菅野龍太郎|佐藤真靖",竹本聖隆,,".mw-parser-output .plainlist--only-child>ol|.mw-parser-output .plainlist--only-child>ul{line-height:inherit;list-style:none none;margin:0;padding-left:0}.mw-parser-output .plainlist--only-child>ol li|.mw-parser-output .plainlist--only-child>ul li{margin-bottom:0}足助重之岩本大貴菅野龍太郎|佐藤真靖",藤井志帆|横田真人,,手塚卓志|木村浩之,
2013-07-25,33,-,ACT,任天堂,レゴシティアンダーカバー,-,10431,0,,-,,,,,,,,
2013-08-08,-,-,-,セガ,龍が如く1＆2HDforWiiU,-,10484,0,,-,,,,,,,,
2013-08-24,39,-,ACT,任天堂,ザ・ワンダフルワン・オー・ワン,-,10424,0,,-,,,,,,,,
2013-09-05,36,-,ADV,ユービーアイソフト,スプリンターセルブラックリスト(トム・クランシーシリーズ),-,10534,0,,-,,,,,,,,
2013-09-26,-,-,-,任天堂,ゼルダの伝説風のタクトHD,-,10432,4,,-,青沼英二/岩脇敏夫|森田和明/春花良紀|滝澤智|有本正直,青沼英二,岩脇敏夫|森田和明,春花良紀|滝澤智|有本正直,永田権太|若井淑|峰岸透|近藤浩治,,宮本茂|手塚卓志,
2013-09-26,30,-,SLG,コーエーテクモ,三國志12withパワーアップキット,-,10525,0,,-,,,,,,,,
2013-09-26,33,-,ADV,スパイク・チュンソフト,ディズニーエピックミッキー2二つの力,-,10540,0,,-,,,,,,,,
2013-10-17,34,-,ACT,任天堂,レイマンレジェンド,-,10433,0,,-,,,,,,,,
2013-10-24,-,-,-,セガ,ソニックロストワールド,-,10485,101,,-,"岸本守央(Wii U版)|平林孝朗(3DS版)/川畑嘉貴/川村幸子","岸本守央(Wii U版)|平林孝朗(3DS版)",川畑嘉貴,川村幸子,大谷智哉,中島玄雅|ケン・ポンタック|ウォーレン・グラフ,飯塚隆,
2013-10-30,-,-,-,任天堂,Wiiスポーツクラブ,-,10420,400,,-,,,,,,,,
2013-10-31,34,-,ETC,任天堂,WiiパーティU,-,10434,78,,-,,,,,,,,
2013-11-14,37,-,FPS,スクウェア・エニックス,コール・オブ・デューティゴースト<字幕版>,-,10503,0,,-,,,,,,,,
2013-11-21,38,-,ACT,任天堂,スーパーマリオ3Dワールド,-,10435,0,,-,林田宏一元倉健太//,林田宏一元倉健太,,,横田真人近藤浩治峰岸透岩田恭明,,小泉歓晃,
2013-11-21,32,-,-,バンダイナムコ,太鼓の達人WiiUばーじょん！,-,10470,16,,-,,,,,,,,
2013-11-21,-,-,-,バンダイナムコ,太鼓の達人WiiUばーじょん！専用コントローラ「太鼓とバチ」同梱版,-,10471,0,,-,,,,,,,,
2013-11-28,-,-,-,バンダイナムコ,ディズニーインフィニティスターター・パック,-,10472,0,,-,,,,,,,,
2013-11-28,37,-,ACT,ユービーアイソフト,アサシンクリード4ブラックフラッグ,-,10535,0,,-,,,,,,,,
2013-12-05,34,-,SPT,任天堂,マリオ＆ソニックATソチオリンピック,-,10436,0,,-,,,,,,,,
2013-12-05,-,-,-,スクウェア・エニックス,ドラゴンクエスト10眠れる勇者と導きの盟友オンライン,-,10507,0,,-,,,,,,,,
2013-12-05,36,-,ACT,ワーナー,バットマンアーカム・ビギンズ,-,10515,0,,-,,,,,,,,
2013-12-11,-,-,-,カプコン,モンスターハンターフロンティアGビギナーズパッケージ,-,10494,0,,-,,,,,,,,
2014-02-01,-,-,-,任天堂,WiiフィットU(フィットメーターセット),-,10437,17,,-,,,,,,,,
2014-02-01,-,-,-,任天堂,WiiフィットU(バランスWiiボード<白>+フィットメーターセット),-,10438,0,,-,,,,,,,,
2014-02-01,-,-,-,任天堂,WiiフィットU(バランスWiiボード<黒>+フィットメーターセット),-,10439,0,,-,,,,,,,,
2014-02-05,-,-,-,カプコン,モンスターハンターフロンティアGプレミアムパッケージ,-,10495,0,,-,,,,,,,,
2014-02-06,35,-,PZL,セガ,ぷよぷよテトリス,-,10486,0,,-,,,,,,,,
2014-02-13,35,-,ACT,任天堂,ドンキーコングトロピカルフリーズ,-,10440,11,,-,,,,,,,,
2014-04-03,32,-,ACT,任天堂,ジャストダンスWiiU,-,10441,6,,-,,,,,,,,
2014-04-23,-,-,-,カプコン,モンスターハンターフロンティアGGプレミアムパッケージ,-,10496,0,,-,,,,,,,,
2014-04-24,31,-,ACT,任天堂,ファミコンリミックス1+2,-,10442,0,,-,林田宏一/林田宏一/,林田宏一,林田宏一,,須戸敏之,,小泉歓晃,
2014-05-15,33,-,RCG,セガ,ソニック＆オールスターレーシングトランスフォームド,-,10488,0,,-,,,,,,,,
2014-05-29,37,-,RCG,任天堂,マリオカート8,-,10415,120,,amiibo対応,矢吹光佑/白岩祐介/石川雅祥,矢吹光佑,白岩祐介,石川雅祥,"朝日温子 藤井志帆 永松亮 岩田恭明 永田権太|(サウンドディレクター)",,"紺野秀樹 大八木泰幸",
2014-06-12,-,-,-,バンダイナムコ,ワンピースアンリミテッドワールドR,-,10474,0,,-,,,,,,,,
2014-06-26,31,-,ACT,バンダイナムコ,仮面ライダーバトライド・ウォー2,-,10475,0,,-,,,,,,,,
2014-06-26,-,-,-,バンダイナムコ,仮面ライダーバトライド・ウォー2プレミアムTV＆MOVIEサウンドエディション,-,10476,0,,-,,,,,,,,
2014-07-23,-,-,-,カプコン,モンスターハンターフロンティアG5プレミアムパッケージ,-,10497,0,,-,,,,,,,,
2014-08-07,-,-,-,スクウェア・エニックス,ドラゴンクエスト10オールインワンパッケージ,-,10509,0,,-,,,,,,,,
2014-08-14,36,-,ACT,コーエーテクモ,ゼルダ無双,-,10526,11,,amiibo対応,,,,,,,鯉沼久史(総合プロデューサー)|早矢仕洋介(開発プロデューサー)|青沼英二(スーパーバイザー),
2014-08-14,-,-,-,コーエーテクモ,ゼルダ無双プレミアムBOX,-,10527,0,,amiibo対応,,,,,,,,
2014-08-14,-,-,-,コーエーテクモ,ゼルダ無双トレジャーBOX,-,10528,0,,amiibo対応,,,,,,,,
2014-09-20,38,-,ACT,任天堂,ベヨネッタ2,-,10443,5,,-,橋本祐介|神谷英樹//佐藤広野|島崎麻里,橋本祐介|神谷英樹,,佐藤広野|島崎麻里,上田雅美|原田尚文|山口裕史|日比野則彦|泉谷隆洋|近藤嶺,神谷英樹,稲葉敦志|黒田晶子|山上仁志,
2014-09-27,33,-,ADV,任天堂,零濡鴉ノ巫女,-,10419,5,,-,,,,,,,,
2014-10-23,-,-,-,ハムスター,ズンバフィットネスワールドパーティ,-,10490,0,,-,,,,,,,,
2014-11-06,-,-,-,ワーナー,レゴムービーザ・ゲーム,-,10516,0,,-,,,,,,,,
2014-11-13,34,-,ACT,任天堂,進め！キノピオ隊長,-,10444,16,,amiibo対応,元倉健太|平竹晋也//,元倉健太|平竹晋也,,,横田真人|久保直人,,林田宏一,
2014-11-13,-,-,-,任天堂,進め！キノピオ隊長amiiboセット,-,10445,0,,amiibo対応,,,,,,,,
2014-11-19,-,-,-,カプコン,モンスターハンターフロンティアG6プレミアムパッケージ,-,10498,0,,-,,,,,,,,
2014-11-20,-,-,-,バンダイナムコ,藤子・F・不二雄キャラクターズ大集合！SFドタバタパーティー！！,-,10477,0,,-,河内厚典//,河内厚典,,,"畑添美菜|梅垣ルナ|山田一法|ヒゲドライバー(オープニングテーマソング「Happy Parade」)",河内厚典,塚中健介|伊藤翔平|會津卓也|河内厚典,
2014-11-20,-,-,-,バンダイナムコ,太鼓の達人特盛り！,-,10478,8,,-,,,,,,,,
2014-11-20,-,-,-,バンダイナムコ,太鼓の達人特盛り！専用コントローラ「太鼓とバチ」同梱版,-,10479,0,,-,,,,,,,,
2014-11-27,-,-,-,バンダイナムコ,ご当地鉄道ご当地キャラと日本全国の旅,-,10482,0,,-,,,,,,,,
2014-12-04,-,-,-,バンダイナムコ,仮面ライダーサモンライド！,-,10483,0,,-,,,,,,,,
2014-12-04,-,-,-,ユービーアイソフト,ウォッチドッグス,-,10536,0,,-,,,,,,,,
2014-12-06,37,-,FTG,任天堂,大乱闘スマッシュブラザーズforWiiU,-,10446,71,,amiibo対応,桜井政博//,桜井政博,,,小林啓樹,,齋藤伸也|小林賢也,
2014-12-06,-,-,-,任天堂,大乱闘スマッシュブラザーズforWiiUGCコントローラ接続タップセット,-,10447,0,,amiibo対応,,,,,,,,
2014-12-18,-,-,-,セガ,ソニックトゥーン太古の秘宝,-,10489,0,,-,//上川祐司,,,上川祐司,,セガゲームス,,
2015-01-22,34,-,ACT,任天堂,タッチ！カービィスーパーレインボー,-,10448,8,,amiibo対応,"増田一繁//すずき てるひこ",増田一繁,,"すずき てるひこ","酒井省吾|おおはら めぐみ",,,
2015-01-22,33,-,ACT,ワーナー,レゴマーベルスーパーヒーローズザ・ゲーム,-,10517,0,,-,,,,,,,,
2015-03-12,-,-,-,任天堂,マリオパーティ10,-,10421,17,,amiibo対応,,,,,,,,
2015-03-12,-,-,-,任天堂,マリオパーティ10amiiboセット,-,10422,0,,amiibo対応,,,,,,,,
2015-03-19,-,-,-,任天堂,マリオvs.ドンキーコングみんなでミニランド,-,10449,0,,-,,,,,,,,
2015-04-02,-,-,-,ワーナー,レゴバットマン3ザ・ゲームゴッサムから宇宙へ,-,10518,0,,-,,,,,,,,
2015-04-02,-,-,-,角川ゲームス,ロデア・ザ・スカイソルジャー,-,10550,0,,-,,,,,,,,
2015-04-15,-,-,-,カプコン,モンスターハンターフロンティアG7プレミアムパッケージ,-,10499,0,,-,,,,,,,,
2015-04-29,-,-,-,任天堂,ゼノブレイドクロス,-,10450,11,,-,"高橋哲哉(総監督)|小島幸|横田弦紀//田中久仁彦|柳瀬敬之|CHOCO|鈴木康士|風間雷太|塚本陽子|小城崇志|片貝文洋|RARE ENGINE|松本秀幸|草薙",高橋哲哉(総監督)|小島幸|横田弦紀,,"田中久仁彦|柳瀬敬之|CHOCO|鈴木康士|風間雷太|塚本陽子|小城崇志|片貝文洋|RARE ENGINE|松本秀幸|草薙",澤野弘之,竹田裕一郎|兵頭一歩,,
2015-04-29,-,-,-,任天堂,WiiUゼノブレイドクロスセット,-,10451,0,,-,,,,,,,,
2015-04-30,-,-,-,スクウェア・エニックス,ドラゴンクエスト10いにしえの竜の伝承オンライン,-,10508,11,,-,,,,,,,,
2015-05-28,-,-,-,任天堂,スプラトゥーン,-,10452,153,,amiibo対応,天野裕介|阪口翼/佐藤慎太郎|岩田健志/西森啓介|井上精太|橘磨理子,天野裕介|阪口翼,佐藤慎太郎|岩田健志,西森啓介|井上精太|橘磨理子,峰岸透|藤井志帆,,野上恒,
2015-07-16,-,-,-,任天堂,ヨッシーウールワールド,-,10454,8,,amiibo対応,河野敦//,河野敦,,,戸高一生|冨田朋也|あさだみさき,,手塚卓志,
2015-07-16,-,-,-,任天堂,ヨッシーウールワールドamiiboセット,-,10455,0,,amiibo対応,,,,,,,,
2015-07-22,-,-,-,カプコン,モンスターハンターフロンティアG8プレミアムパッケージ,-,10500,0,,-,,,,,,,,
2015-08-04,-,-,-,任天堂,デビルズサード,-,10456,0,,-,,,,,,,,
2015-09-10,-,-,-,任天堂,スーパーマリオメーカー,-,10457,100,,amiibo対応,押野洋介//日野重文保坂有紗|有本正直,押野洋介,,日野重文保坂有紗|有本正直,近藤浩治久保直人早崎あすか,,手塚卓志|木村浩之|宮本茂(ゼネラル),
2015-09-10,-,-,-,任天堂,WiiUスーパーマリオメーカーセット,-,10458,0,,amiibo対応,,,,,,,,
2015-11-05,-,-,-,ワーナー,レゴジュラシック・ワールド,-,10519,0,,-,,,,,,,,
2015-11-12,-,-,-,任天堂,WiiUスプラトゥーンセット,-,10453,0,,amiibo対応,,,,,,,,
2015-11-12,-,-,-,任天堂,じっくり絵心教室,-,10459,0,,-,,,,,,,,
2015-11-12,-,-,-,バンダイナムコ,ディズニーインフィニティ3.0スターウォーズ/共和国の終焉スターターパック,-,10473,0,,-,,,,,,,,
2015-11-18,-,-,-,カプコン,モンスターハンターフロンティアG9プレミアムパッケージ,-,10501,0,,-,,,,,,,,
2015-11-19,-,-,-,セガ,ぷよぷよテトリススペシャルプライス,-,10487,0,,-,,,,,,,,
2015-11-21,-,-,-,任天堂,どうぶつの森amiiboフェスティバル,-,10460,7,,amiibo対応,,,,,,,,
2015-11-26,-,-,-,バンダイナムコ,太鼓の達人あつめて☆ともだち大作戦！,-,10480,5,,-,,,,,,,,
2015-11-26,-,-,-,バンダイナムコ,太鼓の達人あつめて☆ともだち大作戦！専用コントローラ「太鼓とバチ」同梱版,-,10481,0,,-,,,,,,,,
2015-12-03,-,-,-,スクウェア・エニックス,ドラゴンクエスト10オールインワンパッケージ,-,10510,0,,-,,,,,,,,
2015-12-05,-,-,-,レベルファイブ,妖怪ウォッチダンスJUSTDANCEスペシャルバージョン,-,10548,0,,-,//キャラクターデザイン|長野拓造・田中美穂,,,キャラクターデザイン|長野拓造・田中美穂,西郷憲一郎,,,
2015-12-05,-,-,-,レベルファイブ,妖怪ウォッチダンスJUSTDANCEスペシャルバージョンWiiリモコンプラスセット,-,10549,0,,-,,,,,,,,
2015-12-17,-,-,-,マイクロソフト,マインクラフトWiiUエディション(USBキーボード対応),-,10543,37,,-,,,,,,,,
2015-12-26,-,-,-,任天堂,幻影異聞録♯FE,-,10416,4,,-,平田弥|石田栄司|安藤佳織//矢野文崇(アートディレクター)|toi8(キャラクターデザイン)|CyDesignation|皆葉英夫(ミラージュデザイン),平田弥|石田栄司|安藤佳織,,矢野文崇(アートディレクター)|toi8(キャラクターデザイン)|CyDesignation|皆葉英夫(ミラージュデザイン),エイベックス|油井誠志(音楽プロデュース|振り付け)|藤澤慶昌(音楽),,高田慎二郎|山上仁志,
2015-12-26,-,-,-,任天堂,幻影異聞録♯FEフォルティッシモ・エディションセット,-,10417,0,,-,,,,,,,,
2015-12-26,-,-,-,任天堂,幻影異聞録♯FEフォルティッシモ・エディション,-,10418,0,,-,,,,,,,,
2016-01-28,-,-,-,任天堂,マリオテニスウルトラスマッシュ,-,10461,13,,amiibo対応,,,,,,,,
2016-02-25,-,-,-,シルバースタージャパン,銀星将棋強天怒闘風雷神,-,10545,0,,-,,,,,,,,
2016-03-10,-,-,-,任天堂,ゼルダの伝説トワイライトプリンセスHD,-,10462,7,,amiibo対応,青沼英二/岩脇敏夫|森田和明/滝澤智|中野祐輔,青沼英二,岩脇敏夫|森田和明,滝澤智|中野祐輔,峰岸透|太田あすか|近藤浩治|横田真人|大島ミチル,,宮本茂,
2016-03-10,-,-,-,任天堂,ゼルダの伝説トワイライトプリンセスHDスペシャルエディション,-,10463,0,,amiibo対応,,,,,,,,
2016-03-18,-,-,-,ポケモン,ポッ拳トーナメント,-,10546,14,,amiibo対応,,,,,,,,
2016-03-18,-,-,-,ポケモン,WiiUポッ拳トーナメントセット,-,10547,0,,amiibo対応,,,,,,,,
2016-04-21,-,-,-,任天堂,スターフォックスゼロ,-,10425,5,,amiibo対応,林悠吾|橋本祐介//,林悠吾|橋本祐介,,,山口裕史|吹田由香里|黒川仁美|原田尚文|近藤嶺|小林啓樹,,"宮本茂[注 1]|杉山直|稲葉敦志",
2016-04-21,-,-,-,任天堂,スターフォックスゼロダブルパック,-,10426,0,,amiibo対応,,,,,,,,
2016-04-28,-,-,-,ワーナー,レゴマーベルアベンジャーズ,-,10520,0,,-,,,,,,,,
2016-06-23,-,-,-,任天堂,マリオ＆ソニックATリオオリンピック,-,10464,10,,amiibo対応,,,,,,,,
2016-06-23,-,-,-,任天堂,マリオ＆ソニックATリオオリンピックWiiリモコンプラスセット<アカ・シロ>,-,10465,0,,amiibo対応,,,,,,,,
2016-09-15,-,-,-,スパイク・チュンソフト,テラリア,-,10541,0,,-,"/Andrew ""Redigit"" Spinks/",,"Andrew ""Redigit"" Spinks",,,,,
2016-10-13,-,-,-,任天堂,ペーパーマリオカラースプラッシュ,-,10466,6,,-,碧山直彦|工藤太郎//,碧山直彦|工藤太郎,,,,工藤太郎,田邊賢輔,
2016-10-13,31,-,ACT,ワーナー,レゴスター・ウォーズ/フォースの覚醒,-,10521,0,,-,,,,,,,,
2017-03-03,-,-,-,任天堂,ゼルダの伝説ブレス・オブ・ザ・ワイルド,-,10467,13,,-,藤林秀麿/堂田卓宏/滝澤智,藤林秀麿,堂田卓宏,滝澤智,"若井淑(兼サウンドディレクター) 片岡真央 岩田恭明 阿部壮志(「英傑たちの詩」)",,青沼英二,
2017-11-16,-,-,-,スクウェア・エニックス,ドラゴンクエスト105000年の旅路遥かなる故郷へオンライン,-,10511,0,,-,,,,,,,,
2018-07-26,-,-,-,スクウェア・エニックス,ドラゴンクエスト10オールインワンパッケージ,-,10512,0,,-,,,,,,,,
