発売日,ハード,容量(bit),ジャンル,メーカー,タイトル,価格,ジョブカテゴリ,カウント,👥クリエイターズ👨‍💼👨‍💻🎨,👨‍💼ディレクター,👨‍💻プログラマー,🎨デザイナー/美術,🎵音楽,📝シナリオ,💼プロデューサー,
1989-04-21,1,1,PZL,任天堂,アレイウェイ,"￥2,600","￥2,500代",0,,,,横井軍平,山本健誌,,,
1989-04-21,1,2,ACT,任天堂,スーパーマリオランド,"￥2,600","￥2,500代",419,,岡田智,山本雅央|原田貴裕,松岡洋史|真下雅彦,田中宏和,,横井軍平,
1989-04-21,1,2,SPT,任天堂,ベースボール,"￥2,600","￥2,500代",0,,,,,,,,
1989-04-21,1,1,TBL,任天堂,役満,"￥2,600","￥2,500代",128,,,,,,,,
1989-05-29,1,1,SPT,任天堂,テニス,"￥2,600","￥2,500代",0,,,,,,,,
1989-06-14,1,1,PZL,任天堂,テトリス,"￥2,600","￥2,500代",424,,,,,,,,
1989-07-28,1,1,PZL,HAL研究所,上海,"￥2,980","￥3,000代",0,,,,,,,,
1989-09-01,1,1,PZL,ポニーキャニオン,倉庫番,"￥3,090","￥3,000代",0,,,,今林宏行,,,,
1989-09-05,1,2,ACT,ケムコ,ミッキーマウス,"￥2,980","￥3,000代",0,,,,,,,,
1989-09-20,1,1,RAC,コナミ,モトクロスマニアックス,"￥2,900","￥3,000代",0,,,,,,,,
1989-09-21,1,1,ACT,バンダイ,ハイパーロードランナー,"￥2,800","￥3,000代",0,,,,,,,,
1989-10-18,1,2,TBL,HAL研究所,ピンボール66匹のワニ大行進,"￥2,980","￥3,000代",0,,,,,,,,
1989-10-27,1,2,ACT,コナミ,ドラキュラ伝説,"￥3,300","￥3,500代",0,,,山田善朗|前川正人,中里伸也|木村幸一,半沢紀雄|船内秀浩|福武茂,,,
1989-10-31,1,2,SPT,トンキンハウス,シーサイドバレー,"￥2,980","￥3,000代",0,,,,,,,,
1989-11-24,1,1,PZL,アトラス,パズルボーイ,"￥2,980","￥3,000代",0,,,,,増子司,,,
1989-11-28,1,3,SPT,任天堂,ゴルフ,"￥2,600","￥2,500代",0,,,,,,,,
1989-12-08,1,2,ETC,ココナッツジャパンエンターテイメント,パチンコタイム,"￥3,280","￥3,500代",0,,,,,,,,
1989-12-15,1,3,RPG,スクウェア,魔界塔士SaGa,"￥3,500","￥3,500代",110,,河津秋敏,おきたかし|岡部直樹,河津秋敏|時田貴司,植松伸夫,河津秋敏|石井浩一|伊藤裕之|時田貴司,,
1989-12-19,1,3,TBL,ポニーキャニオン,将棋,"￥3,400","￥3,500代",0,,,,,,,,
1989-12-22,1,1,PZL,セタ,Qビリオン,"￥2,980","￥3,000代",0,,,,,,,,
1989-12-22,1,2,SLG,ユース,海戦ゲームNAVYBLUE,"￥3,400","￥3,500代",0,,,,,,,,
1989-12-22,1,3,ACT,東映動画,北斗の拳凄絶十番勝負,"￥3,500","￥3,500代",0,,,,,フランク・ワイルドホーン,高橋亜子,,
1989-12-27,1,2,ACT,アスミック,てけてけ！アスミッくんワールド,"￥3,090","￥3,000代",0,,,,,,,,
1989-12-28,1,3,RPG,ケムコ,セレクション選ばれし者,"￥3,090","￥3,000代",0,,,,,,,,
1989-12-28,1,1,ACT,ユタカ,マスターカラテカ,"￥2,900","￥3,000代",0,,,,ジョーダン・メックナー|ジーン・ポートウッド|ローレン・エリオット,,,,
1990-01-12,1,2,TBL,ジャレコ,ヒーロー大集合！！ピンボールパーティ,"￥2,980","￥3,000代",0,,,,,多和田吏,,,
1990-01-13,1,1,SPT,アテナ,ワールドボウリング,"￥3,090","￥3,000代",0,,,,,,,,
1990-01-14,1,1,ACT,メルダック,平安京エイリアン,"￥3,000","￥3,000代",0,,,,TSG,,,,
1990-01-26,1,2,STG,任天堂,ソーラーストライカー,"￥2,600","￥2,500代",0,,岡田智|寺崎啓祐,K.SUGIMOTO,,長田達,,横井軍平,
1990-02-09,1,1,TBL,河田,オセロ,"￥2,980","￥3,000代",0,,,,,,,,
1990-02-23,1,3,STG,コナミ,ネメシス,"￥3,500","￥3,500代",0,,,,,,,,
1990-02-23,1,2,TBL,トーワチキ,対局連珠,"￥2,980","￥3,000代",0,,,,,,,,
1990-03-15,1,3,SPT,ジャレコ,ベースボールキッズ,"￥3,300","￥3,500代",0,,,,,宮澤謙,椎名勲,,
1990-03-16,1,2,PZL,コナミ,クォース,"￥3,300","￥3,500代",0,,,"WADA 891006|石田和彦",井内洋|鮫島宗治|高野泰,半澤一雄,,,
1990-03-16,1,1,PZL,タイトー,フリップル,"￥3,090","￥3,000代",0,,,,,古川典裕,,,
1990-03-21,1,1,PZL,ポニーキャニオン,ペンギンランド,"￥3,090","￥3,000代",0,,,,,,,,
1990-03-23,1,1,PZL,ビクター音楽産業,フラッピースペシャル,"￥3,300","￥3,500代",0,,,,,,,,
1990-03-24,1,3,SLG,バンダイ,SD戦国伝国盗り物語,"￥3,500","￥3,500代",0,,,,,,,,
1990-03-29,1,1,TBL,パック・イン・ビデオ,トランプボーイ,"￥3,090","￥3,000代",0,,,,,,,,
1990-03-30,1,1,STG,タイトー,スペースインベーダーズ,"￥3,090","￥3,000代",0,,,,,岩垂徳行,,,
1990-03-30,1,2,ACT,アスキー,ペンギンくんwarsvs.,"￥3,090","￥3,000代",0,,,,,,,,
1990-04-06,1,1,PZL,ナグザット,かこむん蛇,"￥3,090","￥3,000代",0,,,,,本山淳弘,,,
1990-04-13,1,2,PZL,バンプレスト,SDルパン3世金庫破り大作戦,"￥3,300","￥3,500代",0,,,,,,,,
1990-04-13,1,2,ACT,任天堂,クイックス,"￥2,600","￥2,500代",0,,,,ランディ・ファイファー|サンディ・ファイファー,,,,
1990-04-13,1,2,ACT,サン電子,バットマン,"￥3,400","￥3,500代",0,,,,,,,,
1990-04-13,1,2,PZL,エポック社,爆裂戦士ウォーリア,"￥3,090","￥3,000代",0,,,,,,,,
1990-04-20,1,2,ACT,カルチャーブレーン,スーパーチャイニーズランド,"￥3,300","￥3,500代",0,,,,,,,,
1990-04-20,1,2,RAC,コピアシステム,デットヒートスクランブル,"￥3,300","￥3,500代",0,,,,,,,,
1990-04-20,1,2,PZL,トンキンハウス,ブロディア,"￥3,000","￥3,000代",0,,,,,,,,
1990-04-20,1,3,PZL,シグマ商事,ポパイ,"￥3,500","￥3,500代",0,,,,,,,,
1990-04-20,1,1,PZL,ビック東海,冒険！パズルロード,"￥2,980","￥3,000代",0,,,,,,,,
1990-04-27,1,2,SPT,エピック・ソニーレコード,サッカーボーイ,"￥3,000","￥3,000代",0,,,,,,,,
1990-04-27,1,3,STG,メルダック,天神怪戦,"￥3,500","￥3,500代",0,,,,,中潟憲雄,,,
1990-04-28,1,2,PZL,ケムコ,スヌーピーマジックショー,"￥2,980","￥3,000代",0,,,,,,,,
1990-05-02,1,3,ACT,カプコン,レッドアリーマー魔界村外伝,"￥3,300","￥3,500代",0,,,,成瀬憲史,藤田晴美|下村陽子,,藤原得郎,
1990-05-11,1,2,PZL,データイースト,ロックンチェイス,"￥3,300","￥3,500代",0,,,,,,,,
1990-05-18,1,2,SPT,トンキンハウス,ボクシング,"￥3,000","￥3,000代",0,,,,,,,,
1990-05-25,1,2,RPG,セタ,あやかしの城,"￥3,500","￥3,500代",0,,,,米田仁士,,,,
1990-05-26,1,2,SLG,バンダイ,ウルトラマン倶楽部敵怪獣ヲ発見セヨ,"￥3,300","￥3,500代",0,,,,,,,,
1990-06-01,1,1,PZL,アスク講談社,ピットマン,"￥2,980","￥3,000代",0,,,,,,,,
1990-06-08,1,3,STG,アトラス,コスモタンク,"￥3,500","￥3,500代",0,,,,,,,,
1990-06-15,1,2,TBL,ココナッツジャパンエンターテイメント,カードゲーム,"￥3,400","￥3,500代",0,,,,,,,,
1990-06-15,1,2,STG,トミー,メカ生体ゾイドゾイド伝説,"￥3,090","￥3,000代",0,,,,,,,,
1990-06-15,1,2,PZL,SNK,ファニーフィールド,"￥3,090","￥3,000代",0,,,,,,,,
1990-06-22,1,1,PZL,ポニーキャニオン,倉庫番2,"￥3,090","￥3,000代",0,,,,今林宏行,,,,
1990-06-27,1,2,STG,タイトー,ブライファイターデラックス,"￥3,400","￥3,500代",0,,,,,,,,
1990-06-29,1,1,STG,東映動画,バリーファイア,"￥3,200","￥3,000代",0,,,,,,,,
1990-07-03,1,1,PZL,BPS,パイプドリーム,"￥3,090","￥3,000代",0,,アキラ・レッドマー,アキラ・レッドマー|ステファン・L・バトラー,アキラ・レッドマー|ステファン・L・バトラー|ゲイリー・ウィニック|マーク・J・フェラーリ|スティーヴ・パーセル|マイク・エバート|エリック・ジョンストン,ジョン・デール,,,
1990-07-13,1,1,PZL,アイレム,四川省,"￥3,090","￥3,000代",0,,,,,,,,
1990-07-20,1,3,ACT,テクノスジャパン,ダブルドラゴン,"￥3,500","￥3,500代",0,,,,,,,,
1990-07-27,1,1,ACT,ポニーキャニオン,タスマニア物語,"￥3,090","￥3,000代",0,,,,,久石譲,金子成人,,
1990-07-27,1,1,PZL,任天堂,ドクターマリオ,"￥2,600","￥2,500代",208,,,原田貴裕,原田貴裕,田中宏和,,横井軍平,
1990-07-28,1,2,ACT,バンプレスト,らんま1/2かくれんぼデスマッチ,"￥3,300","￥3,500代",0,,,,荻原しょう子|中野彰子|荻原しょう子,岩崎元是,まいた菜穂,,
1990-07-31,1,2,PZL,タイトー,パズニック,"￥3,400","￥3,500代",0,,,,,,,,
1990-08-02,1,1,PZL,アスキー,石道,"￥3,090","￥3,000代",0,,,,,,,,
1990-08-03,1,3,ACT,コナミ,TMNT,"￥3,500","￥3,500代",0,,,,,,,,
1990-08-04,1,3,ACT,ユタカ,魁！！男塾冥凰島決戦,"￥3,500","￥3,500代",0,,,,,,,,
1990-08-08,1,2,PZL,ナツメ,おさわがせ！ペンギンBOY,"￥3,090","￥3,000代",0,,,大田博久,大田博久|にしやまともゆき,水谷郁|やまにしこういち,,,
1990-08-10,1,2,ACT,ユース,VSバトラー,"￥3,400","￥3,500代",0,,,,,,,宮崎鉄平|金佐智絵|鈴木浩史|工藤江美子|桐谷太一|三浦淳(CP),
1990-08-11,1,1,PZL,徳間書店,香港,"￥2,900","￥3,000代",0,,,,,,,,
1990-08-12,1,1,RPG,エポック社,ドラゴンスレイヤー1,"￥3,090","￥3,000代",0,,,,,,,,
1990-08-24,1,3,SLG,バップ,パワーミッション,"￥3,500","￥3,500代",0,,,,,,,,
1990-08-25,1,3,ADV,ユタカ,機動警察パトレイバー狙われた街1990,"￥3,500","￥3,500代",0,,,,,,,,
1990-08-31,1,2,SPT,クエスト,バトルピンポン,"￥3,300","￥3,500代",0,,,,,,,,
1990-08-31,1,3,ACT,ハドソン,ボンバーボーイ,"￥3,500","￥3,500代",0,,,蝦名寿昌|芳賀孝宏,蝦名寿昌|芳賀孝宏|松浦浩司|岡田寿夫|瓜田智昭,福田裕彦(ボンバーボーイモード)|竹間淳(ボンバーマンモード),,"小山俊典|KAPPY MATSUNAGA",
1990-09-14,1,3,SPT,ナムコ,ファミスタ,"￥3,500","￥3,500代",0,,,,,,,,
1990-09-14,1,3,SPT,ヒューマン,プロレス,"￥3,500","￥3,500代",0,,,,,,,,
1990-09-21,1,2,TBL,データイースト,サイドポケット,"￥3,300","￥3,500代",0,,,,,,,,
1990-09-21,1,2,ACT,カプコン,ダックテールズ,"￥3,300","￥3,500代",0,,,,ティモシー・M・モーエン,ドミニク・ルイス,カール・バークス|ジーマン・メイゴン|マット・ヤングバーグ|フランシスコ・アンゴネス,,
1990-09-21,1,2,PZL,ビクター音楽産業,バルダーダッシュ,"￥3,400","￥3,500代",0,,,ピーター・リエパ|クリストファー・グレー,ピーター・リエパ|クリストファー・グレー,,,,
1990-09-21,1,3,ACT,パック・イン・ビデオ,ルナランダー,"￥3,500","￥3,500代",0,,,,,,,,
1990-09-28,1,2,RAC,アスク講談社,F-1ボーイ,"￥3,300","￥3,500代",0,,,,,,,,
1990-09-28,1,3,ACT,ジャレコ,おいらじゃじゃ丸！世界大冒険,"￥3,400","￥3,500代",0,,,,,,,,
1990-10-05,1,2,ACT,トーワチキ,うぉーズ,"￥3,090","￥3,000代",0,,,,,,,,
1990-10-06,1,3,RPG,バンダイ,SDガンダム外伝ラクロアンヒーローズ,"￥3,800","￥4,000代",0,,,きよのみつとし,飯田和憲|きよのみつとし|きちじょうじひゅうま|かたおかやすゆき,和久田貴浩,飯田和憲,,
1990-10-10,1,3,SLG,光栄,信長の野望ゲームボーイ版,"￥5,800","￥6,000代",0,,,,,菅野よう子|山本光男,,シブサワ・コウ,
1990-10-12,1,2,ACT,アイ・ジー・エス,アストロラビー,"￥3,300","￥3,500代",0,,吉川昇一|藪崎久也,,風間浩|吉川昇一,,,,
1990-10-12,1,3,STG,コナミ,ツインビーだ！！,"￥3,500","￥3,500代",0,,,上田英生,小玉紀年,福武茂|具志堅典子|大内正徳,,,
1990-10-12,1,1,PZL,ホット・ビィ,パラメデス,"￥3,300","￥3,500代",0,,,,,,,,
1990-10-16,1,3,ACT,HAL研究所,ゴーストバスターズ2,"￥3,400","￥3,500代",0,,,,,ランディ・エデルマン,ダン・エイクロイド|ハロルド・ライミス,,
1990-10-19,1,2,ACT,バリエ,モンスタートラック,"￥3,200","￥3,000代",0,,,,,,,,
1990-10-19,1,3,RAC,トンキンハウス,ロードスター,"￥3,300","￥3,500代",0,,,,,,,,
1990-10-23,1,1,PZL,ココナッツジャパンエンターテイメント,アミーダくん阿弥陀,"￥2,980","￥3,000代",0,,,,,,,,
1990-10-23,1,3,SLG,任天堂,海戦ゲームレーダーミッション,"￥2,600","￥2,500代",0,,,,,,,,
1990-10-26,1,2,ACT,NCS,アフターバースト,"￥3,090","￥3,000代",0,,,,,,,,
1990-10-26,1,2,RPG,サミー工業,ベリウスローランの魔獣,"￥3,300","￥3,500代",0,,,,,,,,
1990-11-09,1,3,RAC,任天堂,F-1レース,"￥2,600","￥2,500代",0,,三木研次,副島康成|岩田聡,宮本茂|三木研次,金指英樹,,山内溥|上村雅之,
1990-11-09,1,2,TBL,パック・イン・ビデオ,トランプボーイ2,"￥3,500","￥3,500代",0,,,,,,,,
1990-11-09,1,2,ACT,ジャレコ,ふしぎなブロビープリンセスブロブを救え！,"￥3,400","￥3,500代",0,,,,"デイビッド・クレイン |Juan Sanchez|Mark Klein","Mark Van Hecke|Alex Demeo",,,
1990-11-16,1,3,RPG,やのまん,アレサ,"￥3,800","￥4,000代",0,,,,,,,,
1990-11-16,1,2,ACT,ナムコ,パックマン,"￥3,500","￥3,500代",0,,,舟木茂雄,岩谷徹|山下正,石村繁一|甲斐敏夫,,,
1990-11-16,1,2,ACT,エポック社,パラソルヘンべえ虹の大冒険,"￥3,300","￥3,500代",0,,,,,,,,
1990-11-30,1,2,ACT,コピアシステム,GO！GO！TANK,"￥3,400","￥3,500代",0,,,,,,,,
1990-11-30,1,2,PZL,ヘクト,キャデラック2,"￥3,300","￥3,500代",0,,,,,,,,
1990-11-30,1,3,ACT,セタ,バトルブル,"￥3,500","￥3,500代",0,,,,,,,,
1990-12-07,1,3,SLG,ユース,海戦ゲームNAVYBLUE'90,"￥3,500","￥3,500代",0,,,,,,,,
1990-12-07,1,1,PZL,キングレコード,ころダイス,"￥3,300","￥3,500代",0,,,,,,,,
1990-12-07,1,3,TBL,東映動画,スコットランドヤード,"￥3,300","￥3,500代",0,,,,,,,,
1990-12-07,1,2,RPG,タカラ,ちびまる子ちゃんおこづかい大作戦,"￥3,400","￥3,500代",0,,,,,,,,
1990-12-07,1,3,ACT,タイトー,バブルボブル,"￥3,600","￥3,500代",0,,,藤末一郎|NISHIYORI,三辻富貴朗,君島正,,,
1990-12-07,1,2,ACT,シグマ商事,ペインターモモピー,"￥3,300","￥3,500代",0,,,H.TAHARA|H.YAMADA|こぼりじゅんや,CHIBIMARUTA|佐藤元,砂原良徳,,,
1990-12-07,1,2,ACT,テクモ,ヘッドオン,"￥3,300","￥3,500代",0,,,,,,,,
1990-12-07,1,3,ACT,テクノスジャパン,熱血硬派くにおくん番外乱闘編,"￥3,500","￥3,500代",0,,,よしはらまさひろ|きくちひろゆき,斉藤伸一|根立克行,うらかわさとし,,,
1990-12-08,1,3,RPG,バンプレスト,鬼忍降魔禄ONI,"￥3,800","￥4,000代",0,,,,,,,,
1990-12-11,1,2,ACT,アイレム,スパルタンX,"￥3,500","￥3,500代",0,,,,,キース・モリソン,エドワード・タン|ジョニー・リー,,
1990-12-12,1,2,PZL,サン電子,プリプリ,"￥3,200","￥3,000代",0,,,,,,,,
1990-12-13,1,3,ACT,アイマックス,ドラゴンテール,"￥3,500","￥3,500代",0,,,,,,,,
1990-12-14,1,4,RPG,スクウェア,SaGa2秘宝伝説,"￥4,800","￥5,000代",0,,河津秋敏,岡部直樹|穴澤友樹,藤岡勝利,植松伸夫|伊藤賢治,河津秋敏|田中弘道,,
1990-12-14,1,1,PZL,ハドソン,クラックス,"￥3,500","￥3,500代",0,,,デヴィッド・エーカース,マーク・スティーブン・ピアス,ブラッド・フラー,,,
1990-12-14,1,3,RPG,ケムコ,ネコジャラ物語,"￥3,300","￥3,500代",0,,,,,,,,
1990-12-14,1,2,SPT,アトラス,ポケットスタジアム,"￥3,300","￥3,500代",0,,,,,,,,
1990-12-14,1,2,PZL,ホット・ビィ,カード＆パズルコレクション銀河,"￥3,500","￥3,500代",0,,,,,,,,
1990-12-18,1,3,ACT,東宝,ゴジラくん怪獣大行進,"￥3,500","￥3,500代",0,,,,,,,,
1990-12-20,1,2,ACT,ナグザット,ポン太とヒナ子の珍道中友情編,"￥3,400","￥3,500代",0,,,,,,,,
1990-12-21,1,4,ETC,カプコン,カプコンクイズハテナ？の大冒険,"￥3,500","￥3,500代",0,,,,,,,,
1990-12-21,1,3,ACT,サン電子,グレムリン2新・種・誕・生,"￥3,400","￥3,500代",0,,,,,ジェリー・ゴールドスミス,チャーリー・ハース,,
1990-12-21,1,3,STG,ジャレコ,バトルユニットZEOTH,"￥3,400","￥3,500代",0,,,"白戸学|RIKA'S KNIGHTS|猪ヶ倉康雄","KANA EBIO",はやしあきひと,,,
1990-12-21,1,1,ACT,ポニーキャニオン,バブルゴースト,"￥3,090","￥3,000代",0,,,,,,,,
1990-12-21,1,2,TBL,ポニーキャニオン,石田芳夫の詰碁パラダイス,"￥3,400","￥3,500代",0,,,,,,,,
1990-12-22,1,3,RPG,ソフエル,モンスターメーカー,"￥3,500","￥3,500代",0,,,,,,,,
1990-12-22,1,3,ACT,カルチャーブレーン,飛龍の拳外伝,"￥3,500","￥3,500代",0,,,,,,,,
1990-12-23,1,4,ETC,トミー,アメリカ横断ウルトラクイズ,"￥3,980","￥4,000代",0,,,,,,,"高橋靖二(第12回 - 第16回)|篠崎安雄(第12回・第13回)|城朋子(“今世紀最後”)|※全てCP",
1990-12-31,1,3,RPG,エンジェル,ドルアーガの塔,"￥3,500","￥3,500代",0,,,内藤智,遠藤雅伸|篠崎雄一郎,小沢純子,,,
1991-01-08,1,3,ACT,コナミ,コントラ,"￥3,500","￥3,500代",0,,,,,,,,
1991-01-08,1,3,STG,HAL研究所,突撃！ポンコツタンク,"￥3,300","￥3,500代",0,,,,,,,,
1991-01-11,1,3,ACT,タイトー,タイトーチェイスHQ,"￥3,600","￥3,500代",0,,,,酒匂弘幸,浅野孝已,,,
1991-01-25,1,2,ACT,アトラス,突撃ばれいしょんず,"￥3,300","￥3,500代",0,,,,,,,,
1991-02-08,1,3,ACT,日本物産,ライサンダー,"￥3,600","￥3,500代",0,,,A.DADADA,K.KAWAHARA|H.WADA,吉田健志,,,
1991-02-08,1,3,PZL,ココナッツジャパンエンターテイメント,鬼ヶ島パチンコ店,"￥3,500","￥3,500代",0,,,,,,,,
1991-02-15,1,3,ADV,アスク講談社,三毛猫ホームズの騎士道,"￥3,500","￥3,500代",0,,,,,,,,
1991-02-15,1,2,ACT,データイースト,バーガータイムデラックス,"￥3,300","￥3,500代",0,,,,,,,,
1991-02-26,1,3,ACT,ジャレコ,怒りの要塞,"￥3,400","￥3,500代",0,,,,,,,,
1991-02-28,1,3,RAC,コナミ,F-1スピリット,"￥3,500","￥3,500代",0,,,,,,,,
1991-02-28,1,2,RAC,アイレム,レーシング魂,"￥3,500","￥3,500代",0,,,,,,,,
1991-03-01,1,3,STG,エポック社,ドラえもん対決ひみつ道具,"￥3,500","￥3,500代",0,,堀江正幸,あそまさあき|池田慎一,葭原智|沖山潤|平井勝人,沓掛隆志,とらじまいっかくじゅう,宮原貞夫|蛇谷秀明,
1991-03-01,1,3,ACT,エピック・ソニーレコード,ロボコップ,"￥3,500","￥3,500代",0,,,,,ベイジル・ポールドゥリス,エドワード・ニューマイヤー|マイケル・マイナー,,
1991-03-08,1,4,TBL,ハドソン,スーパー桃太郎電鉄,"￥4,500","￥4,500代",0,,さくまあきら,飛田雅宏,土居孝幸,関口和之,,すずきとよじ,
1991-03-08,1,3,RPG,UPL,戦国忍者くん,"￥3,800","￥4,000代",0,,,,,,,,
1991-03-15,1,1,PZL,マインドスケープ,ループス,"￥3,090","￥3,000代",0,,,,,真心ブラザーズ,,,
1991-03-19,1,3,STG,アイレム,R-TYPE,"￥3,600","￥3,500代",0,,,SUM|MISACHIN,ABIKO|AKIO|YOSHIGE,石崎正人,,,
1991-03-20,1,3,RAC,バップ,ファーステストラップ,"￥3,800","￥4,000代",0,,,,,,,,
1991-03-29,1,2,PZL,ビック東海,ジェムジェム,"￥3,800","￥4,000代",0,,,,,,,,
1991-03-29,1,3,RAC,ナムコ,ファミリージョッキー,"￥3,500","￥3,500代",0,,,T.FUKUMOTO|宇田川治久|はなおかくみ,,小沢純子,,,
1991-04-05,1,2,PZL,テクモ,ソロモンズ倶楽部,"￥3,300","￥3,500代",0,,,,,,,,
1991-04-05,1,4,STG,コナミ,パロディウスだ！！,"￥3,800","￥4,000代",0,,,徳田典,"GAKINCHO|TOUYOU SYOUTAROU|三好威正|MORY-WANDAYU|MIKACHAN",村岡一樹,,,
1991-04-12,1,2,STG,東映動画,ファイナルリバース,"￥3,400","￥3,500代",0,,,,,,,,
1991-04-12,1,3,SPT,アテナ,ワールドアイスホッケー,"￥3,500","￥3,500代",0,,,,,,,,
1991-04-19,1,3,RPG,コナミ,カーブノア,"￥3,800","￥4,000代",0,,,岩碕一男,岩碕一男|寺田一友,田坂真二|萩原善之,,,
1991-04-19,1,3,SLG,徳間書店,リトルマスターライクバーンの伝説,"￥4,200","￥4,000代",0,,川野忠仁,ONITAMA,川野忠仁|山本浩史|後藤滋,やまだゆうじ,,たなかさとし,
1991-04-19,1,2,ACT,ヒューマン,茶々丸パニック,"￥2,900","￥3,000代",0,,,おもてみえこ|M.IMAFUKU|手島照之,かたおかやすゆき|H.ITOH,,,矢野了也,
1991-04-20,1,3,SLG,バンプレスト,スーパーロボット大戦,"￥3,980","￥4,000代",0,,,高宮成光,阪田雅彦|戸田篤樹,大西康成|こにしまさ,,じっぱひとからげ,
1991-04-26,1,3,ACT,ケムコ,ミッキーマウス2,"￥3,090","￥3,000代",0,,,,,,,,
1991-04-26,1,2,SPT,A-WAVE,ミニバット,"￥3,400","￥3,500代",0,,,,,,,,
1991-04-26,1,2,ACT,ナツメ,ラッキーモンキー,"￥3,090","￥3,000代",0,,,,,,,,
1991-04-26,1,3,ACT,アイマックス,相撲ファイター東海道場所,"￥3,500","￥3,500代",0,,,,,,,,
1991-04-26,1,3,SPT,テクノスジャパン,熱血高校サッカー部ワールドカップ編,"￥3,500","￥3,500代",0,,,,,,,,
1991-04-27,1,3,ACT,ユタカ,からくり剣豪伝ムサシロード,"￥3,500","￥3,500代",0,,,,二宮常雄|下田正美,川井憲次,MIND,,
1991-04-27,1,3,ACT,セタ,トーピドー・レンジ,"￥3,800","￥4,000代",0,,,,,,,,
1991-05-10,1,3,ACT,ココナッツジャパンエンターテイメント,キッチンパニック,"￥3,800","￥4,000代",0,,,,,,,,
1991-05-11,1,2,PZL,キャラクターソフト,サンリオカーニバル,"￥3,296","￥3,500代",0,,,,,,,,
1991-05-17,1,3,ACT,キングレコード,ラブルセイバー,"￥3,500","￥3,500代",0,,,,,,,,
1991-05-17,1,3,SLG,アスミック,一発逆転！！DX馬券王,"￥5,900","￥6,000代",0,,,,,,,,
1991-05-18,1,3,ACT,バンダイ,SDコマンドガンダムG-ARMSオペレーションガンダム,"￥3,500","￥3,500代",0,,,,,,,,
1991-05-21,1,4,SLG,任天堂,ゲームボーイウォーズ,"￥3,500","￥3,500代",0,,,,,,,,
1991-05-24,1,3,ACT,アスミック,アスミッくんワールド2,"￥3,900","￥4,000代",0,,,,,,,,
1991-05-24,1,3,ACT,ナグザット,スノーブラザーズジュニア,"￥3,800","￥4,000代",0,,,,,,,,
1991-05-31,1,3,RPG,クエスト,レジェンド明日への翼,"￥4,500","￥4,500代",0,,,,,,,,
1991-06-07,1,3,SPT,トンキンハウス,サッカー,"￥3,500","￥3,500代",0,,,,,,,,
1991-06-12,1,3,SLG,ヒロ,大戦略,"￥4,800","￥5,000代",0,,,,,,,,
1991-06-15,1,3,ACT,バンダイ,マジカル☆タルるートくん,"￥3,500","￥3,500代",0,,山内重保,,大倉雅彦,横山菁児,江川達也,,
1991-06-21,1,4,RPG,ポニーキャニオン,ジャングルウォーズ,"￥4,800","￥5,000代",0,,さくまあきら(監修),富沢賢一|瓦吹隆|なりたりゅういち,木村初|富沢賢一|土居孝幸,岡本智郎,木村初,有元和彦,
1991-06-21,1,3,STG,ビクター音楽産業,チョップリフター2,"￥3,400","￥3,500代",0,,,,ダン・ゴーリン,,,,
1991-06-28,1,3,STG,ビック東海,エアロスター,"￥3,300","￥3,500代",0,,,,,,,,
1991-06-28,1,3,RPG,タカラ,人生ゲーム伝説,"￥3,980","￥4,000代",0,,,,,,,,
1991-06-28,1,4,RPG,スクウェア,聖剣伝説ファイナルファンタジー外伝,"￥4,800","￥5,000代",0,,石井浩一,吉枝悟,北瀬佳範|大橋悟朗|渋谷員子,伊藤賢治,北瀬佳範,,
1991-07-11,1,3,ACT,アイレム,元祖！！ヤンチャ丸,"￥3,600","￥3,500代",0,,,,,,,,
1991-07-12,1,3,STG,アイ・ジー・エス,ヴァトルギウス,"￥3,900","￥4,000代",0,,,,,,,,
1991-07-12,1,3,ACT,コナミ,ドラキュラ伝説2,"￥3,800","￥4,000代",0,,,山田善朗|前川正人,中里伸也|木村幸一,半沢紀雄|船内秀浩|福武茂,,,
1991-07-16,1,2,PZL,東映動画,紫禁城,"￥3,500","￥3,500代",0,,,,,,,,
1991-07-19,1,2,PZL,BPS,ハットリス,"￥3,500","￥3,500代",0,,,,アレクセイ・パジトノフ|ウラジーミル・ポヒルコ,,,,
1991-07-21,1,1,PZL,ポニーキャニオン,恋は駆け引き,"￥3,090","￥3,000代",0,,,,,,,,
1991-07-26,1,3,ACT,ジャレコ,バニシングレーサー,"￥3,500","￥3,500代",0,,,猪ヶ倉康雄,滝下尚史|面谷知志,鈴木康行,,,
1991-07-26,1,4,ACT,カプコン,ロックマンワールド,"￥3,500","￥3,500代",0,,,篠原雅嗣|吉田幸司|金子清巳,加治勇人|稲船敬二,いけだやすし|友澤眞|梶野俊夫,,藤原得郎,
1991-08-02,1,2,PZL,アトラス,パズルボーイ2,"￥2,980","￥3,000代",0,,,,,増子司,,,
1991-08-02,1,4,SLG,アスキー,フリートコマンダーVS.,"￥4,635","￥4,500代",0,,,,,,,宮崎鉄平|金佐智絵|鈴木浩史|工藤江美子|桐谷太一|三浦淳(CP),
1991-08-02,1,3,RPG,ヒューマン,茶々丸冒険記3アビスの塔,"￥3,900","￥4,000代",0,,,,,,,,
1991-08-03,1,2,ACT,バンプレスト,ペケとポコのダルマンバスターズ,"￥3,300","￥3,500代",0,,,,,,,,
1991-08-09,1,2,ACT,タイトー,エレベーターアクション,"￥3,400","￥3,500代",0,,,,,今村善雄,,,
1991-08-09,1,4,STG,コナミ,ネメシス2,"￥3,800","￥4,000代",0,,,,,,,,
1991-08-09,1,1,ACT,ノバ,バトルシティ,"￥3,090","￥3,000代",0,,,大久保良一,兵藤岳史|小野浩,小沢純子,,,
1991-08-09,1,3,PZL,アスミック,メガリット,"￥3,900","￥4,000代",0,,,,,,,,
1991-08-09,1,3,SPT,徳間書店,東尾修監修プロ野球スタジアム'91,"￥4,200","￥4,000代",0,,,,,,,,
1991-08-23,1,3,ACT,サン電子,ボンバーキングシナリオ2,"￥3,400","￥3,500代",0,,DA.T,岡坂道夫,朝茂之,瀬谷辰宇,,吉田喜春,
1991-09-13,1,3,ADV,タカラ,ちびまる子ちゃん2デラックスまる子ワールド,"￥3,800","￥4,000代",0,,,,,,,,
1991-09-13,1,3,RPG,タイトー,ナイトクエスト,"￥3,600","￥3,500代",0,,,,,,,,
1991-09-13,1,4,RPG,ハドソン,時空戦記ムー,"￥4,500","￥4,500代",0,,,白谷守,金子良馬|野村郁朋|寺岡大介|おちよしひこ,坂本慎一|わたなべひろみつ,,上田和敏|小崎整,
1991-09-20,1,3,ETC,NCS,ウイナーズホース,"￥4,000","￥4,000代",0,,,,,,,,
1991-09-27,1,4,RPG,やのまん,アレサ2,"￥4,800","￥5,000代",0,,,,,,,,
1991-09-27,1,4,SPT,テクモ,テクモボウルGB,"￥3,800","￥4,000代",0,,,,,,,,
1991-09-27,1,3,RPG,タカラ,少年アシベゆうえんちパニック,"￥3,800","￥4,000代",0,,,,,,,,
1991-10-01,1,4,RPG,アスキー,ウィザードリィ外伝1女王の受難,"￥4,635","￥4,500代",0,,,,,,,,
1991-10-18,1,3,RPG,ビック東海,ザードの伝説,"￥3,980","￥4,000代",0,,澤田芳明|ウラトリマクリマン8,,はしうりゆき,玉山文人,ウルフやまき|きどころひとみ|野村十稔,四条いくお,
1991-10-25,1,3,ACT,エピック・ソニーレコード,ドラゴンズ・レア,"￥3,500","￥3,500代",0,,,マイケル・クナウアー|ヴィンス・リー,リック・ダイアー|ビクター・ペンマン|マーティ・フォールガー|ダーリーン・ウォディントン|ドン・ブルース,クリストファー・ストーン,,,
1991-11-01,1,3,SPT,コナミ,コナミックゴルフ,"￥3,800","￥4,000代",0,,,,,,,,
1991-11-08,1,3,SPT,テクノスジャパン,熱血高校ドッジボール部強敵！闘球戦士の巻,"￥3,600","￥3,500代",0,,,,,,,,
1991-11-15,1,4,ACT,コナミ,TMNT2,"￥3,800","￥4,000代",0,,,,,,,,
1991-11-22,1,3,PZL,シグマ商事,ポパイ2,"￥3,500","￥3,500代",0,,,,,,,,
1991-11-22,1,2,PZL,ヨネザワ,秘伝陰陽気功法図式謎遊戯華佗,"￥3,500","￥3,500代",0,,,,,,,,
1991-11-29,1,3,PZL,エピック・ソニーレコード,アルタードスペース,"￥3,500","￥3,500代",0,,,,,,,,
1991-11-29,1,4,RPG,カルチャーブレーン,スーパーチャイニーズランド2宇宙大冒険,"￥3,980","￥4,000代",0,,,,,,,,
1991-12-03,1,3,SPT,ナムコ,ナムコクラシック,"￥3,500","￥3,500代",0,,,,,,,,
1991-12-06,1,3,SPT,トンキンハウス,ドッジボーイ,"￥3,500","￥3,500代",0,,,,,,,,
1991-12-13,1,1,SLG,パック・イン・ビデオ,マインスウィーパー掃海艇,"￥3,500","￥3,500代",0,,,,,,,,
1991-12-13,1,4,RPG,スクウェア,SaGa3時空の覇者[完結編],"￥4,900","￥5,000代",0,,,,,,,,
1991-12-13,1,3,STG,タイトー,サーガイア,"￥3,600","￥3,500代",0,,河野敏男,長谷川健|くりやまたかし|とみおかひであき|菅原徹|笹谷ひでのり|橋本英樹,河野敏男|藤田朗|三方一哉|きたがわてつろう|わきたよしひろ|鎗田準次|石川幸生|五十嵐恒三|栗城源也|讃岐平|おがわみつる,たなかやすひこ|小倉久佳|八木下直人|なかむらつかさ|高橋英吉|高木正彦,,河野敏男,
1991-12-13,1,3,ETC,ココナッツジャパンエンターテイメント,パチンコ西遊記,"￥3,900","￥4,000代",0,,,,,,,,
1991-12-13,1,3,TBL,メルダック,バトルオブキングダム,"￥3,800","￥4,000代",0,,,,,,,,
1991-12-13,1,3,SPT,アイ・ジー・エス,ワールドビーチバレー1991GBカップ,"￥3,900","￥4,000代",0,,,,,,,,
1991-12-13,1,3,ACT,テクモ,忍者龍剣伝GB摩天楼決戦,"￥3,800","￥4,000代",0,,,いしはらかずひこ,谷口俊一,水谷郁|山西浩一,,,
1991-12-14,1,3,RPG,ポニーキャニオン,ウルティマ失われたルーン,"￥4,800","￥5,000代",0,,,,,,,,
1991-12-14,1,3,ETC,ユタカ,きんぎょ注意報！わぴ子のわくわくスタンプラリー！,"￥3,500","￥3,500代",0,,,,,,,,
1991-12-14,1,2,PZL,任天堂,ヨッシーのたまご,"￥2,600","￥2,500代",0,,田尻智,新改裕二|郡山昭仁,丸山傑規|杉森建,増田順一,,宮本茂,
1991-12-20,1,4,ETC,トミー,アメリカ横断ウルトラクイズPART2,"￥3,980","￥4,000代",0,,,,,,,,
1991-12-20,1,4,TBL,トミー,モノポリー,"￥3,980","￥4,000代",0,,,,チャールズ・B・ダロウ (en) ,,,,
1991-12-20,1,4,ACT,カプコン,ロックマンワールド2,"￥3,500","￥3,500代",0,,,,,山崎憲司,,,
1991-12-20,1,3,STG,アイレム,太陽の勇者ファイバードGB,"￥3,800","￥4,000代",0,,,,,,,,
1991-12-25,1,4,ACT,コナミ,がんばれゴエモンさらわれたエビス丸,"￥3,800","￥4,000代",0,,,岩碕一男|後藤保|福井康文,寺田一友|寺田一友|中坂昇,田坂真二|萩原善之|十一谷明広,,,
1991-12-26,1,4,RPG,ハドソン,桃太郎伝説外伝,"￥4,500","￥4,500代",0,,さくまあきら,,土居孝幸,関口和之,さくまあきら(貧乏神伝説|浦島伝説)|山口宏(夜叉姫伝説),,
1991-12-27,1,2,ACT,NCS,ジャンケンマン,"￥3,600","￥3,500代",0,,,,はばらのぶよし|深沢幸司(サブ)|はばらのぶよし(メイン)|植田洋一|深沢幸司(サブ),安藤高弘,あかほりさとる|遠藤徹哉,,
1991-12-27,1,3,PZL,KANEKO,ピータン,"￥3,600","￥3,500代",0,,,,,,,,
1991-12-27,1,3,RAC,バリエ,中嶋悟監修F-1HEROGBWORLDCHAMPIONSHIP'91,"￥3,500","￥3,500代",0,,,,,,,,
1991-12-28,1,2,ACT,トミー,絶対無敵ライジンオー,"￥3,200","￥3,000代",0,,,,武内啓|やまだたかひろ,田中公平,矢立肇,,
1991-12-29,1,3,FTG,ベック,ウルトラマン,"￥3,500","￥3,500代",0,,,,,,"金城哲夫 ほか",,
1992-01-08,1,3,SLG,タカラ,機甲警察メタルジャック,"￥3,800","￥4,000代",0,,,,内田順久|牧野行洋,岩崎文紀,矢立肇,,
1992-01-10,1,3,SLG,ヒューマン,トキオ戦記英雄列伝,"￥4,500","￥4,500代",0,,おおはしひろゆき,,アネックス|いいやんさんすー|加藤三千代|神崎ひろこ,ミント,,飯田和憲,
1992-01-14,1,2,PZL,ジャレコ,Q-bert,"￥4,200","￥4,000代",0,,,,,,,,
1992-01-18,1,4,SLG,バンダイ,SD戦国伝2天下統一編,"￥4,800","￥5,000代",0,,,,,,,,
1992-01-21,1,4,ACT,任天堂,メトロイド2リターンオブサムス,"￥3,500","￥3,500代",0,,,,,,,,
1992-01-24,1,2,ACT,バップ,しっぽでブン！！,"￥3,800","￥4,000代",0,,,,,,,,
1992-01-24,1,3,TBL,ナムコ,雀卓ボーイ,"￥3,500","￥3,500代",0,,,,,,,,
1992-01-31,1,3,RPG,アテナ,TWIN,"￥3,900","￥4,000代",0,,,,,,,,
1992-02-01,1,3,ACT,コナミ,タイニートゥーンアドベンチャーズ,"￥3,500","￥3,500代",0,,,,,ブルース・ブロートン,ポール・ディニ,,
1992-02-14,1,3,SPT,ホット・ビィ,WWFスーパースターズ,"￥3,900","￥4,000代",0,,,,,,,,
1992-02-14,1,3,SPT,ヒロ,トラックミート目指せバルセロナ,"￥3,800","￥4,000代",0,,,,,,,,
1992-02-21,1,3,RPG,サミー工業,ベリウス2復讐の邪神,"￥4,200","￥4,000代",0,,,,,,,,
1992-02-21,1,3,ACT,ジャレコ,怒りの要塞2,"￥3,900","￥4,000代",0,,,,,,,,
1992-02-28,1,4,RPG,バンプレスト,ONI2隠忍伝説,"￥4,980","￥5,000代",0,,,,,,,,
1992-02-28,1,3,TBL,バリエ,新世紀GPXサイバーフォーミュラ,"￥3,980","￥4,000代",0,,,,いのまたむつみ(原案)|吉松孝博|河森正治|いのまたむつみ(原案)|久行宏和,佐橋俊彦,矢立肇,,
1992-02-28,1,3,ACT,ナムコ,平成天才バカボン,"￥3,500","￥3,500代",0,,,,岸義之,本間勇輔,赤塚不二夫,,
1992-03-06,1,3,RPG,エポック社,ドラゴンスレイヤー外伝眠りの王冠,"￥4,500","￥4,500代",0,,,,,,,,
1992-03-06,1,2,ACT,キングレコード,ラブルセイバー2,"￥3,800","￥4,000代",0,,,,,,,,
1992-03-06,1,3,ACT,ハドソン,高橋名人の冒険島2,"￥3,800","￥4,000代",0,,,,,,,,
1992-03-13,1,3,ACT,エピック・ソニーレコード,ハドソン・ホーク,"￥3,500","￥3,500代",0,,,,,マイケル・ケイメン|ロバート・クラフト,スティーヴン・E・デ・スーザ|ダニエル・ウォーターズ,,
1992-03-13,1,4,ACT,メルダック,読本夢五誉身天神怪戦2,"￥4,500","￥4,500代",0,,,,,,,,
1992-03-19,1,3,SPT,バップ,スーパーストリートバスケットボール,"￥4,200","￥4,000代",0,,,,,,,,
1992-03-19,1,3,ACT,エピック・ソニーレコード,ロボコップ2,"￥3,500","￥3,500代",0,,,,,レナード・ローゼンマン,キャラクター創造|エドワード・ニューマイヤー|マイケル・マイナー,,
1992-03-27,1,4,SLG,テクモ,キャプテン翼VS,"￥4,200","￥4,000代",0,,,,,山岸継司|斎藤幹雄|おかむらまゆこ,,,
1992-03-27,1,3,RAC,アトラス,チキチキマシーン猛レース,"￥3,900","￥4,000代",0,,,,,"Hoyt Curtin","Larz Bourne Dalton Sandifer Tom Dagenais Michael Maltese","ウィリアム・ハンナ ジョセフ・バーベラ",
1992-03-27,1,3,ETC,タカラ,ちびまる子ちゃん3めざせ！ゲーム大賞,"￥3,800","￥4,000代",0,,,,,,,,
1992-03-27,1,3,SPT,イマジニア,プロサッカー,"￥3,800","￥4,000代",0,,,,,,,,
1992-03-27,1,4,SLG,徳間書店インターメディア,リトルマスター2雷光の騎士,"￥4,800","￥5,000代",0,,川野忠仁,ONITAMA,川野忠仁|山本浩史|後藤滋,やまだゆうじ,,たなかさとし,
1992-03-27,1,2,TBL,サミー工業,雀四郎,"￥3,800","￥4,000代",0,,,,,,,,
1992-03-28,1,3,ACT,サン電子,バットマンリターンオブザジョーカー,"￥3,800","￥4,000代",0,,,,,,,,
1992-04-03,1,3,ACT,エピック・ソニーレコード,HOOK,"￥3,500","￥3,500代",0,,,,,,,,
1992-04-17,1,3,ETC,アスミック,DX馬券王Z,"￥5,900","￥6,000代",0,,,,,,,,
1992-04-24,1,4,SPT,ハドソン,炎の闘球児ドッジ弾平,"￥4,500","￥4,500代",0,,,,はしもとかつみ|郷敏治,勝又隆一,こしたてつひろ,,
1992-04-24,1,1,PZL,アクレイムジャパン,ミグレイン,"￥3,980","￥4,000代",0,,,,,,,,
1992-04-27,1,4,ACT,任天堂,星のカービィ,"￥2,900","￥3,000代",172,,桜井政博,"岩田聡(SUNDAY RAIN)","桜井政博|MOGAMI KURANO",石川淳,,金井誠,
1992-04-28,1,3,SLG,シグマ商事,ポケットバトル,"￥3,500","￥3,500代",0,,,,,,,,
1992-04-28,1,3,STG,アルトロン,レッドオクトーバーを追え,"￥4,500","￥4,500代",0,,,,,ベイジル・ポールドゥリス,トム・クランシー|『レッド・オクトーバーを追え』,,
1992-05-02,1,3,ACT,ケムコ,スパイVSスパイとらっぱーず天国,"￥3,800","￥4,000代",0,,,,,,,,
1992-05-02,1,2,PZL,エポック社,パネルの忍者ケサマルサラ姫お助け申す！の巻,"￥3,500","￥3,500代",0,,,,,,,,
1992-05-29,1,4,STG,任天堂,X(エックス),"￥3,900","￥4,000代",0,,,,,タイラー・ベイツ|チェルシー・ウルフ(英語版),タイ・ウェスト,,
1992-06-26,1,3,ACT,イマジニア,スーパーハンチバック,"￥3,800","￥4,000代",0,,,,,,,,
1992-06-26,1,2,PZL,ヘクト,ソリテア,"￥3,900","￥4,000代",0,,,,,,,,
1992-06-26,1,3,ACT,アルトロン,ホーム・アローン,"￥4,500","￥4,500代",0,,,,,ジョン・ウィリアムズ,ジョン・ヒューズ,,
1992-07-03,1,4,RPG,やのまん,うる星やつらミス友引を捜せ！,"￥5,200","￥5,000代",0,,,,,,,,
1992-07-10,1,3,ACT,バンダイ,マジカル☆タルるートくん2ライバーゾーンパニック！！,"￥3,500","￥3,500代",0,,,,,,,,
1992-07-17,1,3,SPT,コナミ,コナミックスポーツインバルセロナ,"￥3,500","￥3,500代",0,,,,,,,,
1992-07-17,1,4,RPG,バンプレスト,らんま1/2熱烈格闘編,"￥3,980","￥4,000代",0,,,,,,,,
1992-07-17,1,4,SLG,ベック,宇宙戦艦ヤマト,"￥3,900","￥4,000代",0,,,,岡迫亘弘|松本零士|スタジオぬえ,宮川泰,藤川桂介|田村丸|山本暎一,,
1992-07-17,1,4,SPT,徳間書店インターメディア,東尾修監修プロ野球スタジアム'92,"￥4,800","￥5,000代",0,,,,,,,,
1992-07-24,1,4,ACT,テクノスジャパン,ダウンタウン熱血行進曲どこでも運動会,"￥3,800","￥4,000代",0,,,,,,,,
1992-07-24,1,4,ACT,カプコン,バイオニックコマンドー,"￥3,500","￥3,500代",0,,,,,,,,
1992-07-24,1,3,ACT,NCS,プリンス・オブ・ペルシャ,"￥3,980","￥4,000代",0,,,ジョーダン・メックナー,ジョーダン・メックナー,フランシス・メックナー,,ブライアン・エーラー,
1992-07-30,1,3,SPT,ナムコ,ファミスタ2,"￥3,500","￥3,500代",0,,,,,,,,
1992-07-31,1,4,STG,やのまん,ペンタドラゴン,"￥4,800","￥5,000代",0,,,,,,,,
1992-07-31,1,4,ACT,アイレム,大工の源さんゴーストビルディングカンパニー,"￥3,800","￥4,000代",0,,,,,,,"Max Matsuura",
1992-08-07,1,4,ETC,タカラ,クイズ世界はSHOWBYショーバイ！！,"￥3,980","￥4,000代",0,,,,,,,小松原登|小杉善信|吉田真,
1992-08-07,1,3,TBL,ココナッツジャパンエンターテイメント,シーザースパレス,"￥3,980","￥4,000代",0,,,,,,,,
1992-08-07,1,3,ETC,タカラ,ちびまる子ちゃん4これが日本だよ！王子さま,"￥3,800","￥4,000代",0,,,,,,,,
1992-08-07,1,3,ETC,コナミ,ゲームボーイ電子手帳ナノノート,"￥4,500","￥4,500代",0,,,,,,,,
1992-08-07,1,3,FTG,バンプレスト,バーサスヒーロー格闘王への道,"￥3,980","￥4,000代",0,,,,,,,,
1992-08-07,1,4,ACT,トンキンハウス,マサカリ伝説金太郎アクション編,"￥3,980","￥4,000代",0,,,,,,,,
1992-08-11,1,4,RAC,バリエ,中嶋悟監修F-1HEROGB'92THEGRADEDDRIVER,"￥3,980","￥4,000代",0,,,,,,,,
1992-08-28,1,4,SPT,ホット・ビィ,ハイパーブラックバス,"￥4,500","￥4,500代",0,,,,,,,,
1992-09-04,1,4,SLG,バンダイ,SDガンダムSD戦国伝3新SD戦国伝地上最強編,"￥4,800","￥5,000代",0,,,,,,,,
1992-09-04,1,4,RPG,ケムコ,セレクション2暗黒の封印,"￥4,800","￥5,000代",0,,,,,,,,
1992-09-12,1,3,FTG,ユタカ,キン肉マンザ☆ドリームマッチ,"￥3,500","￥3,500代",0,,,,,富樫則彦,,,
1992-09-14,1,5,RPG,任天堂,カエルの為に鐘は鳴る,"￥3,900","￥4,000代",0,,大澤徹,佐藤成希,真下雅彦|山根知美,戸高一生,坂本賀勇,加納誠,
1992-09-17,1,4,RPG,ナムコ,ビタミーナ王国物語,"￥4,900","￥5,000代",0,,,,,田島勝朗,,,
1992-09-25,1,3,SPT,コナミ,コナミックバスケット,"￥3,500","￥3,500代",0,,,,,,,,
1992-09-25,1,3,SLG,ナグザット,メルヘン倶楽部,"￥3,800","￥4,000代",0,,,,,,,,
1992-09-30,1,4,SLG,光栄,三国志GB版,"￥6,800","￥7,000代",0,,,,,,,,
1992-10-09,1,3,ETC,ココナッツジャパンエンターテイメント,パチンコかぐや姫,"￥3,864","￥4,000代",0,,,,,,,,
1992-10-16,1,2,ETC,ヘクト,3分予想馬番倶楽部,"￥5,800","￥6,000代",0,,,,,,,,
1992-10-16,1,1,PZL,BPS,SPOT,"￥3,500","￥3,500代",0,,,,,,,,
1992-10-16,1,4,RPG,やのまん,アレサ3,"￥4,800","￥5,000代",0,,,,,,,,
1992-10-16,1,3,SPT,バンプレスト,バトルドッジボール,"￥4,980","￥5,000代",0,,,,,富樫則彦,,,
1992-10-21,1,5,ACT,任天堂,スーパーマリオランド26つの金貨,"￥3,900","￥4,000代",270,,清武博二|細川豪彦,原田貴裕|山中勝|小川譲,清武博二|細川豪彦|加納誠,戸高一生,,横井軍平,
1992-10-23,1,3,ACT,ミサワエンターテイメント,アダムスファミリー,"￥3,900","￥4,000代",0,,,,,,,,
1992-10-30,1,1,ACT,ヒロ,キョロちゃんランド,"￥3,980","￥4,000代",0,,,,,,,,
1992-10-30,1,3,ACT,ジャレコ,ランバート,"￥4,000","￥4,000代",0,,,,,,,,
1992-11-06,1,4,ACT,ジャレコ,ファンタズム,"￥3,900","￥4,000代",0,,,,,,,,
1992-11-13,1,4,RPG,バンダイ,セイントパラダイス最強の戦士たち,"￥4,800","￥5,000代",0,,,,,,,,
1992-11-13,1,3,RAC,ココナッツジャパンエンターテイメント,フェラーリ,"￥4,300","￥4,500代",0,,,,,,,,
1992-11-20,1,3,ACT,データイースト,タンブルポップ,"￥3,800","￥4,000代",0,,,,,,,,
1992-11-21,1,3,PZL,任天堂,ヨッシーのクッキー,"￥2,900","￥3,000代",0,,山本雅央|山上仁志|たかさごたつひろ|RYOJIN,ヂュー・リー|よしかわのなえ|山本雄一,日野重文|松本千恵子|いのうえみか,生田ノブヤ|佐藤亜希羅|TSUTOMU|西坂紀子,,横井軍平,
1992-11-27,1,4,ACT,ハドソン,GB原人,"￥3,980","￥4,000代",0,,上田和敏,竹重英樹|伊丹美裕|白谷守,金子良馬|中村孝子,高山博彦,,,
1992-11-27,1,4,ETC,トミー,アメリカ横断ウルトラクイズPART3チャンピオン大会,"￥3,500","￥3,500代",0,,,,,,,,
1992-11-27,1,3,ETC,ビーアイ,きんぎょ注意報！2ぎょぴちゃんを探せ！,"￥4,980","￥5,000代",0,,,,,,,,
1992-11-27,1,3,SPT,コナミ,コナミックアイスホッケー,"￥3,500","￥3,500代",0,,,,,,,,
1992-11-27,1,4,ACT,サンソフト,トリップワールド,"￥3,500","￥3,500代",0,,植田祐一,植田祐一,なりたとしひこ,"PHASE OUT|岩田雅之|石田力|見廣篤",,,
1992-11-27,1,3,ACT,トミー,元気爆発ガンバルンガー,"￥3,800","￥4,000代",0,,,,近藤高光|やまだたかひろ,長谷川智樹,矢立肇,,
1992-12-11,1,3,STG,アイレム,R-TYPE2,"￥3,800","￥4,000代",0,,,,AKIO|TARACHAN,石田雅彦,,,
1992-12-11,1,4,ACT,ユタカ,スーパービックリマン伝説の石版,"￥3,800","￥4,000代",0,,,,,,,,
1992-12-11,1,4,ACT,アイレム,ぬ～ぼ～,"￥3,800","￥4,000代",0,,,,,,,,
1992-12-11,1,3,ACT,トミー,ミラクルアドベンチャーエスパークス失われた聖石ペリヴァロン,"￥3,800","￥4,000代",0,,,,,,,,
1992-12-11,1,4,ACT,カプコン,ロックマンワールド3,"￥3,500","￥3,500代",0,,,,稲船敬二,村田幸史,,藤原得郎,
1992-12-15,1,3,SLG,エニックス,ダンジョンランド,"￥4,600","￥4,500代",0,,,,桜玉吉,,,,
1992-12-18,1,4,ETC,アテナ,クイズ日本昔話アテナのハテナ？,"￥3,980","￥4,000代",0,,,,,,,,
1992-12-18,1,3,ACT,ケムコ,ドクターフランケン,"￥3,900","￥4,000代",0,,,,,,,,
1992-12-18,1,3,ACT,アルトロン,トムとジェリー,"￥4,500","￥4,500代",0,,,,,,,,
1992-12-18,1,3,RPG,バップ,ひとりでできるもん！クッキング伝説,"￥3,900","￥4,000代",0,,,,,,,,
1992-12-18,1,3,ACT,ケムコ,ミッキーズチェイス,"￥3,800","￥4,000代",0,,,,,,,,
1992-12-18,1,3,ACT,ユタカ,宇宙の騎士テッカマンブレード,"￥3,500","￥3,500代",0,,,,TOlllO(設定)|佐野浩敏(原案協力)|佐山善則|中原れい,和田薫,,,
1992-12-18,1,3,STG,T＆Eソフト,地球解放軍ZAS,"￥3,500","￥3,500代",0,,,,,,,,
1992-12-18,1,3,ACT,エンジェル,美少女戦士セーラームーン,"￥3,500","￥3,500代",0,,,,,,,,
1992-12-18,1,4,ETC,アイレム,木づちだクイズだ源さんだ！,"￥3,800","￥4,000代",0,,,,,,,,
1992-12-19,1,3,ACT,エポック社,ドラえもん2アニマル惑星伝説,"￥3,900","￥4,000代",0,,,なかばちしのぶ|小林貴樹|阿部啓太,,大高亮,,沓掛隆志|寺島徹,
1992-12-22,1,3,TBL,イマジニア,4IN1FUNPACK,"￥3,800","￥4,000代",0,,,,,,,,
1992-12-22,1,4,ACT,サン電子,LOONEYTUNESバックスバニーとゆかいな仲間たち,"￥3,600","￥3,500代",0,,,,,,,,
1992-12-25,1,3,STG,PCMコンプリート,ゼノン2メガブラスト,"￥3,864","￥4,000代",0,,,,,,,,
1992-12-25,1,2,ACT,ナムコ,バーコードボーイバトルスペース,"￥8,300","￥8,500代",0,,,,,,,,
1992-12-25,1,4,RPG,アトラス,女神転生ラストバイブル,"￥5,300","￥5,500代",0,,,,,,,,
1992-12-26,1,4,RPG,アスキー,ウィザードリィ外伝2古代皇帝の呪い,"￥4,635","￥4,500代",0,,,,,,,,
1992-12-27,1,3,SPT,アイ・ジー・エス,Jリーグファイティングサッカー,"￥4,800","￥5,000代",0,,澤田芳明,SHILPHEED|水谷靖志|浜田康之|石原和茂|秋本義雄|吉成智,おおぬまいさむ|土居康浩,玉山文人,,いこましんいち,
1992-12-27,1,4,RPG,データイースト,ヘラクレスの栄光動き出した神々,"￥4,800","￥5,000代",0,,,,,,,,
1993-01-03,1,4,ACT,コナミ,悪魔城スペシャルぼくドラキュラくん,"￥3,800","￥4,000代",0,,,,,,,,
1993-01-08,1,3,RAC,ジャレコ,ダーティ・レーシング,"￥3,900","￥4,000代",0,,,,,,,,
1993-01-29,1,3,TBL,バリエ,新日本プロレスリング闘魂三銃士,"￥3,980","￥4,000代",0,,,,,,,,
1993-01-29,1,3,SPT,タイトー,リングレイジ,"￥3,900","￥4,000代",0,,,,,,,,
1993-02-12,1,3,ADV,ビーアイ,サンダーバード,"￥3,980","￥4,000代",0,,,,,,,,
1993-02-19,1,5,RPG,ビック東海,ザードの伝説2偽神の領域,"￥4,900","￥5,000代",0,,きどころかずみ,,野村十稔|きどころかずみ,鈴木ひめ|Thinp.UCHIBORI|玉山文人,きどころかずみ,四条いくお,
1993-02-26,1,4,RPG,バンプレスト,ONI3黒の破壊神,"￥4,980","￥5,000代",0,,,,,,,,
1993-02-26,1,3,ACT,アクレイムジャパン,バートのサバイバルキャンプ,"￥3,980","￥4,000代",0,,,,,,,,
1993-02-26,1,3,ACT,ロジーク,バーニングペーパー,"￥3,200","￥3,000代",0,,,,,,,,
1993-02-26,1,4,ACT,ハドソン,高橋名人の冒険島3,"￥3,800","￥4,000代",0,,,,,,,,
1993-03-12,1,4,ETC,バンダイ,CLUTMASTERウルトラマンに魅せられて,"￥3,800","￥4,000代",0,,,,,,,,
1993-03-19,1,3,SPT,イマジニア,GBバスケットボール,"￥3,900","￥4,000代",0,,,,,,,,
1993-03-19,1,3,ACT,アルトロン,キラートマト,"￥4,500","￥4,500代",0,,,,,,,,
1993-03-19,1,4,SPT,マイクロワールド,ザ・キックボクシング,"￥4,200","￥4,000代",0,,,,,,,,
1993-03-19,1,2,PZL,キャラクターソフト,サンリオカーニバル2,"￥3,296","￥3,500代",0,,,,,,,,
1993-03-19,1,3,TBL,バップ,ダブル役満,"￥4,500","￥4,500代",0,,,,,ナオト・インティライミ(作詞・作曲),,,
1993-03-19,1,4,RPG,ソフエル,モンスターメーカー2ウルの秘剣,"￥4,980","￥5,000代",0,,,,,石井秀仁(作詞・作曲)暗中浪漫|桜井青(作詞・作曲)初恋中毒〜BL編〜,,,
1993-03-26,1,2,ETC,ビック東海,G1キング！三匹の予想屋,"￥5,900","￥6,000代",0,,,,,,,,
1993-03-26,1,4,FTG,コナミ,アウトバースト,"￥4,000","￥4,000代",0,,櫻井正司,ながたまさつぐ,櫻井正司,"萩原善之 十一谷明広",,福井博幸,
1993-03-26,1,3,ACT,ハドソン,ミロンの迷宮組曲,"￥3,800","￥4,000代",0,,,笹川敏幸,笹川敏幸,国本剛章|井上大介,笹川敏幸,,
1993-04-09,1,3,ACT,バンダイ,クレヨンしんちゃんオラとシロはお友達だよ,"￥3,500","￥3,500代",0,,,,,,,,
1993-04-16,1,3,SPT,アクレイムジャパン,NBAオールスターチャレンジ2,"￥3,900","￥4,000代",0,,,,,,,,
1993-04-16,1,4,ACT,カプコン,魔界村外伝THEDEMONDARKNESS,"￥3,500","￥3,500代",0,,,うえやまこうじ,宮崎亮|京谷有紀,里村由紀,,,
1993-04-23,1,3,ACT,ケムコ,ミッキーマウス4魔法のラビリンス,"￥3,900","￥4,000代",0,,,,,,,,
1993-05-21,1,3,SPT,アクレイムジャパン,WWFスーパースターズ2,"￥3,980","￥4,000代",0,,,,,,,,
1993-05-21,1,2,ACT,ジャレコ,妖精物語ロッドランド,"￥3,900","￥4,000代",0,,,,森谷忠明|衛藤浩二,多和田吏,,,
1993-05-28,1,3,ACT,タイトー,バブルボブルJr,"￥3,600","￥3,500代",0,,,,,,,,
1993-05-28,1,3,SLG,イマジニア,ポピュラス外伝,"￥4,900","￥5,000代",0,,,,,,,,
1993-05-28,1,4,RAC,ロジーク,鈴木亜久里F1スーパードライビング,"￥3,900","￥4,000代",0,,,,,,,,
1993-06-06,1,5,RPG,任天堂,ゼルダの伝説夢をみる島,"￥3,900","￥4,000代",0,,手塚卓志,森田和明|葛原貴光,山村康久|有本正直|日野重文|小田部羊一,濱野美奈子|石川こずえ|戸高一生,田邊賢輔|小泉歓晃,宮本茂,
1993-06-18,1,3,ETC,ココナッツジャパンエンターテイメント,パチスロキッズ,"￥3,980","￥4,000代",0,,,,,,,,
1993-06-25,1,2,PZL,イマジニア,スプリッツ似顔絵15ゲーム,"￥3,900","￥4,000代",0,,,,,,,,
1993-06-25,1,4,ACT,日本物産,ブービーボーイズ,"￥3,800","￥4,000代",0,,藤原茂樹,,藤原茂樹,吉田健志|船場洋志,,,
1993-07-09,1,3,ACT,アクレイムジャパン,エイリアン3,"￥3,980","￥4,000代",0,,,,,エリオット・ゴールデンサール,キャラクター創造|ダン・オバノン|ロナルド・シャセット,,
1993-07-16,1,4,SPT,テクノスジャパン,びっくり熱血新記録！どこでも金メダル,"￥3,800","￥4,000代",0,,,,,,,,
1993-07-16,1,2,SPT,EAビクター,マイケルジョーダンONEONONE,"￥3,900","￥4,000代",0,,,,,,,,
1993-07-20,1,4,RPG,コナミ,ゴッドメディスンファンタジー世界の誕生,"￥4,500","￥4,500代",0,,,,,,,,
1993-07-23,1,3,SPT,ジャレコ,Jカップサッカー,"￥3,900","￥4,000代",0,,,,,,,,
1993-07-23,1,3,RPG,バップ,ミステリアム,"￥4,500","￥4,500代",0,,,,,"ミュージックビデオ 「Mysterious Ways」 - YouTube",,ブライアン・イーノ|ダニエル・ラノワ,
1993-07-23,1,3,SPT,アスク講談社,ああ播磨灘,"￥4,500","￥4,500代",0,,長田紀生,,新井豊,天野正道,さだやす圭,,
1993-07-23,1,2,SPT,ミサワエンターテイメント,ジミーコナーズのプロテニスツアー,"￥3,900","￥4,000代",0,,,,,,,,
1993-07-23,1,4,FTG,トミー,幽☆遊☆白書,"￥3,980","￥4,000代",0,,,,,やまだ豊,三嶋龍朗,,
1993-07-30,1,4,ACT,アイレム,主役戦隊アイレムファイター,"￥3,800","￥4,000代",0,,,,,,,"masato matsuura(1-6|12曲目)|masato matsuura|tetsuya komuro(7-11曲目)",
1993-07-30,1,2,ETC,日本クラリービジネス,的中ラッシュ,"￥6,900","￥7,000代",0,,,,,,,,
1993-07-30,1,3,ACT,バンプレスト,鉄球ファイト！ザ・グレイトバトル外伝,"￥3,980","￥4,000代",0,,田中健一,KEROCHAN,TAKE|守谷淳一,富樫則彦,,下道隆,
1993-08-06,1,3,PZL,ジャレコ,ソルダム,"￥3,900","￥4,000代",0,,,,,,,,
1993-08-06,1,4,RPG,バンプレスト,らんま1/2格劇問答！！,"￥3,980","￥4,000代",0,,,,,,,,
1993-08-08,1,4,ACT,ハドソン,桃太郎電劇,"￥4,500","￥4,500代",0,,さくまあきら,いとうしんいち,いとうしんいち|土居孝幸,吉田美智子,,浦敏治,
1993-08-10,1,3,ETC,ナムコ,モンスターメーカーバーコードサーガ,"￥3,800","￥4,000代",0,,,,,,,,
1993-08-19,1,3,TBL,バップ,ダブル役満Jr.,"￥4,800","￥5,000代",0,,,,,,,,
1993-08-20,1,3,ACT,ユタカ,仮面ライダーSD走れ！マイティライダーズ,"￥3,599","￥3,500代",0,,,,,,,,
1993-08-27,1,4,SPT,アクレイムジャパン,MVPベースボール,"￥4,500","￥4,500代",0,,,,,,,,
1993-08-27,1,3,RAC,ナムコ,ファミリージョッキー2名馬の血統,"￥4,500","￥4,500代",0,,,,,,,,
1993-08-27,1,3,ETC,キングレコード,勝馬予想競馬貴族,"￥5,900","￥6,000代",0,,,,,,,,
1993-09-10,1,4,ETC,バンダイ,カルトジャンプ,"￥3,800","￥4,000代",0,,,,,,,,
1993-09-17,1,3,TBL,バップ,ダブル役満2,"￥4,800","￥5,000代",0,,,,,,,,
1993-09-23,1,3,PZL,イマジニア,レミングス,"￥3,900","￥4,000代",0,,,デイブ・ジョーンズ(英語版),ゲイリー・ティモンズ|スコット・ジョンストン,ブライアン・ジョンストン|ティム・ライト(英語版),,,
1993-09-24,1,3,ACT,アスク講談社,エイリアンVSプレデター,"￥4,500","￥4,500代",0,,,,,,,,
1993-09-25,1,5,RPG,アスキー,ウィザードリィ外伝3闇の聖典-SCRIPTUREOFTHEDARK-,"￥5,150","￥5,000代",0,,,,,,,,
1993-10-08,1,3,RAC,ナムコ,カットビロード,"￥4,800","￥5,000代",0,,,,,,,,
1993-10-22,1,3,ACT,バナレックス,クレヨンしんちゃん2オラとわんぱくごっこだゾ,"￥3,500","￥3,500代",0,,,,,,,,
1993-10-29,1,4,ETC,トミー,アメリカ横断ウルトラクイズPART4,"￥3,980","￥4,000代",0,,,,,,,,
1993-10-29,1,4,SPT,ナムコ,ファミスタ3,"￥4,900","￥5,000代",0,,,,,,,,
1993-10-29,1,5,ACT,カプコン,ロックマンワールド4,"￥3,500","￥3,500代",0,,,,稲船敬二,村田幸史,,藤原得郎,
1993-11-19,1,4,RPG,ポニーキャニオン,ウルティマ失われたルーン2,"￥4,900","￥5,000代",0,,,,,,,,
1993-11-19,1,3,ETC,ココナッツジャパンエンターテイメント,パチ夫くん,"￥3,980","￥4,000代",0,,,,,,,,
1993-11-19,1,4,RPG,アトラス,女神転生ラストバイブル2,"￥5,300","￥5,500代",0,,,,,,,,
1993-11-26,1,3,ACT,コナミ,TMNT3タートルズ危機一発,"￥3,500","￥3,500代",0,,,,,,,,
1993-11-26,1,4,TBL,トミー,UNOスモールワールド,"￥3,980","￥4,000代",0,,,,,,,,
1993-11-27,1,4,TBL,任天堂,カービィのピンボール,"￥2,900","￥3,000代",112,,,,,池上正,,岩田聡,
1993-12-03,1,3,ACT,カプコン,ダックテイルズ2,"￥3,500","￥3,500代",0,,,,ティモシー・M・モーエン,ドミニク・ルイス,カール・バークス|ジーマン・メイゴン|マット・ヤングバーグ|フランシスコ・アンゴネス,,
1993-12-10,1,4,ETC,アイレム,アンダーカバーコップス破壊神ガルマァ,"￥3,800","￥4,000代",0,,,,,,,,
1993-12-10,1,4,ACT,ビーアイ,ピングー世界で1番元気なペンギン,"￥4,200","￥4,000代",0,,,,,,,,
1993-12-10,1,4,FTG,トミー,幽☆遊☆白書第2弾暗黒武術会編,"￥3,980","￥4,000代",0,,,,,,,,
1993-12-17,1,4,ACT,バンダイ,怪獣王ゴジラ,"￥3,800","￥4,000代",0,,,,,,,,
1993-12-17,1,3,ETC,アスミック,馬券王V3,"￥6,500","￥6,500代",0,,,,,,,,
1993-12-18,1,3,ACT,アイレム,最後の忍道,"￥3,800","￥4,000代",0,,,,,石田雅彦,,,
1993-12-22,1,3,ACT,コナミ,タイニートゥーンアドベンチャーズ2～バスターバニーのかっとびだいぼうけん～,"￥3,600","￥3,500代",0,,,,,,,,
1993-12-22,1,4,ACT,テクノスジャパン,ダウンタウンスペシャルくにおくんの時代劇だよ全員集合！,"￥4,800","￥5,000代",0,,吉田晄浩,南波靖一郎(メインプログラマー)|大日方忠道(背景チェック担当)|松本康宏(メニュー周り担当)|森真一(ショップ周り担当),根立克行(キャラ担当)|東郷和代(背景担当),田崎寿子,,,
1993-12-22,1,3,ACT,ケムコ,ミッキーマウス5魔法のステッキ,"￥3,900","￥4,000代",0,,,,,,,,
1993-12-24,1,4,FTG,アクレイムジャパン,モータルコンバット神拳降臨伝説,"￥4,300","￥4,500代",0,,,,,,,,
1994-01-07,1,3,ACT,メサイヤ,バトルトード,"￥4,200","￥4,000代",0,,,クリス・スタンパー|マーク・ベターリッジ,ティム・スタンパー(英語版)|クリス・スタンパー(英語版)|ケヴィン・ベイリス,デビッド・ワイズ,,ジョエル・ホッホバーグ,
1994-01-14,1,3,ACT,アルトロン,トムとジェリーPART2,"￥4,500","￥4,500代",0,,,,,,,,
1994-01-21,1,5,ACT,任天堂,スーパーマリオランド3ワリオランド,"￥3,900","￥4,000代",159,,清武博二|細川豪彦,山中勝|小川譲|平野勲|香月良昇,清武博二|細川豪彦|杉野憲一,吉冨亮二|石川こずえ,,横井軍平,
1994-02-11,1,3,ACT,ヴァージン,スポットクールアドベンチャー,"￥4,200","￥4,000代",0,,,,,,,,
1994-02-11,1,3,ACT,ココナッツジャパンエンターテイメント,バーチャルウォーズ,"￥4,900","￥5,000代",0,,,,,ジョン・ワイマン,スティーヴン・キング|『芝刈り機の男』,,
1994-02-18,1,4,TBL,ハドソン,スーパー桃太郎電鉄2,"￥4,500","￥4,500代",0,,さくまあきら|飛田雅宏,青山光(青山公士),土居孝幸,関口和之,,浦敏治,
1994-02-18,1,3,PZL,光栄,ホイホイゲームボーイ版,"￥4,800","￥5,000代",0,,,,,,,,
1994-02-18,1,4,SPT,ジャレコ,武田修宏のエースストライカー,"￥4,900","￥5,000代",0,,,,,,,,
1994-02-25,1,3,STG,アクレイムジャパン,T-2ザ・アーケードゲーム,"￥3,890","￥4,000代",0,,,,,,,,
1994-03-03,1,4,ETC,バンダイ,ウェルカムなかよしパーク,"￥3,800","￥4,000代",0,,,,,,,,
1994-03-11,1,4,RPG,バンプレスト,ONI4鬼神の血族,"￥4,980","￥5,000代",0,,,,,,,,
1994-03-11,1,3,ACT,バンダイ,疾風！アイアンリーガー,"￥3,500","￥3,500代",0,,,,二宮常雄|大河原邦男|二宮常雄|本橋秀之,和田薫,矢立肇,,
1994-03-18,1,3,TBL,サミー工業,雀四郎2,"￥4,200","￥4,000代",0,,,,,,,,
1994-03-25,1,3,SPT,アクレイムジャパン,WWFキングオブザリング,"￥4,200","￥4,000代",0,,,,,,,,
1994-03-25,1,5,PZL,ビック東海,ルクル,"￥4,800","￥5,000代",0,,,,,,,,
1994-03-25,1,3,PZL,イマジニア,ロロの大冒険,"￥3,900","￥4,000代",0,,,,,,,,
1994-03-25,1,4,ACT,バンプレスト,剣勇伝説ヤイバ,"￥3,980","￥4,000代",0,,,,,,,,
1994-03-25,1,4,ACT,アイレム,大工の源さん～ロボット帝国の野望～,"￥3,800","￥4,000代",0,,,,,,,,
1994-03-25,1,3,PZL,エニックス,南国少年パプワくんガンマ団の野望,"￥3,900","￥4,000代",0,,,,,,,,
1994-03-26,1,3,ACT,バンダイ,クレヨンしんちゃん3オラのごきげんアスレチック,"￥3,500","￥3,500代",0,,,,,,,,
1994-04-01,1,3,ETC,タイトー,Mr.GOの馬券的中術,"￥5,900","￥6,000代",0,,,,,,,,
1994-04-02,1,3,SPT,EAV,Jリーグウィニングゴール,"￥5,980","￥6,000代",0,,,,,,,,
1994-04-08,1,2,TBL,イマジニア,詰め将棋～百番将棋～,"￥4,700","￥4,500代",0,,,,,,,,
1994-04-15,1,1,ACT,アテナ,モグラでポン！,"￥3,900","￥4,000代",0,,,,,,,,
1994-04-15,1,2,TBL,アイマックス,詰め将棋問題提供「将棋世界」,"￥4,700","￥4,500代",0,,,,,,,,
1994-04-22,1,4,ACT,ハドソン,GB原人ランドビバ！ちっくん王国,"￥3,800","￥4,000代",0,,大久保則雄,竹重英樹,松永智史|浦部勝彦,伊藤康広|田中達也,,宮本徳人,
1994-04-22,1,3,PZL,ココナッツジャパンエンターテイメント,パチ夫くんキャッスル,"￥3,980","￥4,000代",0,,,,,,,,
1994-04-22,1,4,PZL,ココナッツジャパンエンターテイメント,フィジェッツ,"￥4,300","￥4,500代",0,,,,,,,,
1994-04-22,1,4,RPG,カプコン,天地を喰らう,"￥4,600","￥4,500代",0,,,,,,,,
1994-04-22,1,4,ACT,エンジェル,美少女戦士セーラームーンR,"￥3,800","￥4,000代",0,,"佐藤順一 → 幾原邦彦 → 五十嵐卓哉",,"(※ 作画チーフ)|只野和子 → 伊藤郁子 → 爲我井克美",有澤孝紀,武内直子,,
1994-04-28,1,3,PZL,ビクターエンタテインメント,ノンタンといっしょくるくるぱずる,"￥3,900","￥4,000代",0,,,,,,,,
1994-04-29,1,4,ACT,サンソフト,ルーニー・トゥーンズそれゆけ！スピーディー・ゴンザレス,"￥3,900","￥4,000代",0,,,,,,,,
1994-05-27,1,4,PZL,テクノスジャパン,太陽の天使マーロー～お花畑は大パニック～,"￥3,900","￥4,000代",0,,,,,,,,
1994-06-03,1,4,RPG,トミー,幽☆遊☆白書第3弾魔界の扉編,"￥3,980","￥4,000代",0,,,,,,,,
1994-06-10,1,4,ETC,ヴィジット,ザ・心理ゲーム,"￥4,500","￥4,500代",0,,,,,,,,
1994-06-10,1,3,ETC,ココナッツジャパンエンターテイメント,パチスロキッズ2,"￥4,500","￥4,500代",0,,,,,,,,
1994-06-14,1,3,PZL,任天堂,テトリスフラッシュ,"￥2,900","￥3,000代",0,,山本雅央|山上仁志,,,高野充彦|上村みゆき,,横井軍平,
1994-06-14,1,5,ACT,任天堂,ドンキーコング,"￥3,900","￥4,000代",0,,宮本茂,"駒野目裕久|飯沼実|西田充裕|村田泰裕(AC) |中郷俊彦(FC)",宮本茂,兼岡行男,,山内溥|横井軍平(AC)|上村雅之(FC),
1994-06-17,1,3,SPT,ココナッツジャパンエンターテイメント,ワールドカップストライカー,"￥4,500","￥4,500代",0,,,,,,,,
1994-06-30,1,5,FTG,タカラ,熱闘サムライスピリッツ,"￥4,660","￥4,500代",0,,,,,,,,
1994-07-01,1,5,PZL,ホリ電気,ろっくん！もんすたぁ！！,"￥3,900","￥4,000代",0,,,,,,,,
1994-07-15,1,4,ACT,ビデオシステム,キテレツ大百科冒険大江戸ジュラ紀,"￥3,900","￥4,000代",0,,,,,,藤子・F・不二雄,,
1994-07-15,1,4,SPT,メサイヤ,全日本プロレスジェット,"￥4,880","￥5,000代",0,,石塚輝,川原英明|松田哲哉,えのもとじゅん|岩本紀彦,佐々木筑柴|森彰彦,,薮崎久也|石塚輝,
1994-07-22,1,5,ACT,カプコン,ロックマンワールド5,"￥3,800","￥4,000代",0,,,,稲船敬二,,,藤原得郎,
1994-07-29,1,3,ETC,サミー工業,GBパチスロ必勝法Jr.,"￥4,777","￥5,000代",0,,,,,,,,
1994-07-29,1,3,PZL,アクレイムジャパン,クリスティワールド,"￥3,980","￥4,000代",0,,,,,,,,
1994-07-29,1,4,ACT,バンダイ,ジャングルの王者ターちゃん,"￥3,980","￥4,000代",0,,,,工藤裕加|西野理恵,山田直毅|鈴木豪,,,
1994-07-29,1,4,ETC,アイマックス,パチスロワールドカップ'94,"￥4,500","￥4,500代",0,,,,,,,,
1994-07-29,1,3,SPT,サンソフト,ワールドカップUSA'94,"￥4,800","￥5,000代",0,,,,,,,,
1994-07-29,1,3,ETC,キングレコード,勝馬予想競馬貴族EX'94,"￥6,900","￥7,000代",0,,,,,,,,
1994-07-29,1,4,SPT,テクノスジャパン,熱血！ビーチバレーだよくにおくん,"￥3,800","￥4,000代",0,,,ストレートさとう,よこぺん|坪谷衛|大竹剛,澤和雄|ごとうなおき,,,
1994-07-29,1,5,FTG,タカラ,熱闘餓狼伝説2あらたなるたたかい,"￥4,660","￥4,500代",0,,,,,,,,
1994-07-31,1,4,PZL,バンプレスト,ぷよぷよ,"￥3,980","￥4,000代",0,,,,,,,,
1994-08-05,1,3,ETC,ビーアイ,3丁目のタマタマ＆フレンズ3丁目お化けパニック！！,"￥3,980","￥4,000代",0,,,,,,,,
1994-08-05,1,4,ACT,東宝・小学館プロダクション,ポコニャン！夢の大冒険,"￥4,300","￥4,500代",0,,,,,,,,
1994-08-10,1,4,ACT,ハドソン,ボンバーマンGB,"￥4,300","￥4,500代",0,,大久保則雄,緒方健次,大久保則雄|水野祥司,福田裕彦,,宮本徳人,
1994-08-11,1,4,SPT,バンダイ,TVアニメスラムダンクがけっぷちの決勝リーグ,"￥3,980","￥4,000代",0,,,,,,,,
1994-08-26,1,4,ACT,エンジェル,ウルトラマン超闘士激伝,"￥3,800","￥4,000代",0,,,,大平直樹|堀井敏之,,瑳川竜|栗原仁,,
1994-08-26,1,3,ACT,バンダイ,クレヨンしんちゃん4オラのいたずら大変身,"￥3,800","￥4,000代",0,,,,,,,,
1994-09-09,1,4,RPG,バンダイ,新SDガンダム外伝ナイトガンダム物語,"￥3,980","￥4,000代",0,,武藤仁,畠山慶輝,宮城嘉樹,J.SAITO,,稲垣浩文,
1994-09-16,1,3,SPT,バップ,スーパーストリートバスケットボール2,"￥4,800","￥5,000代",0,,,,,,,,
1994-09-16,1,2,ETC,ヴィジット,連対王,"￥5,500","￥5,500代",0,,,,,,,,
1994-09-22,1,4,TBL,バンダイ,とっても！ラッキーマンラッキークッキーみんな大好きー,"￥3,980","￥4,000代",0,,,,,,,,
1994-09-23,1,3,ACT,コナミ,魂斗羅スピリッツ,"￥3,800","￥4,000代",0,,中里伸也,八井田満|菅波秀幸,中里伸也|猿田雅之,柳沢美紀|安達昌宣|岩瀬立飛,,北上一三,
1994-09-30,1,2,TBL,ツクダオリジナル,オセロワールド,"￥3,900","￥4,000代",0,,,,,,,,
1994-09-30,1,3,ACT,アクレイムジャパン,バートのジャックと豆の木,"￥3,900","￥4,000代",0,,,,,,,,
1994-09-30,1,4,ACT,サンソフト,ルーニー・トゥーンズダフィー・ダック,"￥4,300","￥4,500代",0,,,,,,,,
1994-10-07,1,4,ETC,日本物産,本命ボーイ,"￥6,700","￥6,500代",0,,,,,,,,
1994-10-14,1,4,ETC,ヴィジット,ザ・心理ゲーム2大阪編,"￥4,500","￥4,500代",0,,,,,,,,
1994-10-19,1,3,TBL,魔法,詰め将棋神吉五段,"￥4,900","￥5,000代",0,,,,,,,,
1994-10-19,1,3,TBL,魔法,詰碁シリーズ1藤沢秀行名誉棋聖,"￥4,900","￥5,000代",0,,,,,,,,
1994-10-21,1,4,ACT,ハドソン,GB原人2,"￥3,980","￥4,000代",0,,赤羽仁,相原順子|荒居弘之,赤羽仁|青木コブ太,松前公高,,宮本徳人,
1994-10-28,1,4,ETC,ユタカ,TVチャンピオン,"￥3,980","￥4,000代",0,,,,,,,"桜井卓也|永井宏明|斎藤勇 ほか",
1994-10-28,1,2,TBL,アルトロン,チェスマスター,"￥4,500","￥4,500代",0,,,,,,,,
1994-10-28,1,5,RPG,トンキンハウス,マサカリ伝説金太郎RPG編,"￥4,660","￥4,500代",0,,,,,,,,
1994-10-28,1,3,ETC,アスミック,馬券王TV'94,"￥6,500","￥6,500代",0,,,,,,,,
1994-11-11,1,4,FTG,アクレイムジャパン,モータルコンバット2究極神拳,"￥4,200","￥4,000代",0,,,,,,,,
1994-11-18,1,4,TBL,日本物産,ニチブチマージャン吉本劇場,"￥4,800","￥5,000代",0,,,,,,,,
1994-11-18,1,3,ETC,イマジニア,携帯競馬エイトスペシャル,"￥6,900","￥7,000代",0,,,,,,,,
1994-11-25,1,3,ACT,コナミ,タイニートゥーンアドベンチャーズ3～ドキドキスポーツフェスティバル～,"￥3,800","￥4,000代",0,,,,,,,,
1994-11-25,1,4,RPG,バンダイ,ドラゴンボールZ悟空飛翔伝,"￥3,800","￥4,000代",0,,飯田和憲,きよのみつとし,鎌田政宏|宇野道夫|真野仁志|高屋敷哲,山田耕治,,磯貝健夫,
1994-11-25,1,3,ETC,ココナッツジャパンエンターテイメント,パチ夫くん2,"￥4,500","￥4,500代",0,,,,,,,,
1994-11-25,1,2,TBL,イマジニア,本将棋,"￥4,980","￥5,000代",0,,,,,,,,
1994-12-09,1,3,PZL,ナムコ,パックパニック,"￥3,500","￥3,500代",0,,見城こうじ,,,荒川美恵,,,
1994-12-09,1,4,FTG,トミー,幽☆遊☆白書第4弾魔界統一編,"￥3,980","￥4,000代",0,,,,,,,,
1994-12-16,1,5,ACT,ハドソン,桃太郎電劇2,"￥4,500","￥4,500代",0,,さくまあきら(総監督)|千葉達也(監督),,土居孝幸,吉田美智子,,,
1994-12-20,1,2,PZL,四次元,スーパースネーキー,"￥3,800","￥4,000代",0,,,,,,,,
1994-12-22,1,3,ACT,ベック,ウルトラマンボール,"￥3,800","￥4,000代",0,,,,,,,,
1994-12-22,1,4,TBL,ビック東海,トコロ'SまあじゃんJr.,"￥4,800","￥5,000代",0,,,,,,,,
1994-12-23,1,3,ACT,ココナッツジャパンエンターテイメント,インディージョーンズ最後の聖戦,"￥4,300","￥4,500代",0,,,,,ジョン・ウィリアムズ,ジェフリー・ボーム,,
1994-12-23,1,3,TBL,アテナ,プロ麻雀極GB,"￥4,900","￥5,000代",0,,,,,,,,
1994-12-23,1,4,TBL,魔法,将棋最強,"￥4,980","￥5,000代",0,,,,,,,,
1994-12-23,1,3,TBL,四次元,灘麻太朗のパワフル麻雀～次の一手100題～,"￥4,800","￥5,000代",0,,,,,,,,
1995-01-03,1,4,ACT,ナムコ,パックインタイム,"￥3,800","￥4,000代",0,,オリビエ・ゴゲル,アラン・ギュイ,シリル・フォンテーヌ|フランソワ・リマッソン,フレデリック・モット,,ティエリー・ロビン,
1995-01-13,1,4,RPG,カルチャーブレーン,スーパーチャイニーズランド3,"￥4,200","￥4,000代",0,,,,,,,,
1995-01-27,1,3,ETC,マジファクト,パチスロ必勝ガイドGB,"￥4,500","￥4,500代",0,,,,,,,,
1995-01-27,1,4,FTG,バンプレスト,バトルクラッシャー,"￥3,980","￥4,000代",0,,石谷浩二,,,富樫則彦,,下道隆,
1995-01-27,1,4,ETC,バンダイ,ママレード・ボーイ,"￥3,980","￥4,000代",0,,矢部秋則,,馬越嘉彦,奥慶一,,,
1995-02-24,1,5,FTG,タカラ,熱闘ワールドヒーローズ2JET,"￥4,660","￥4,500代",0,,,,,,,,
1995-03-03,1,3,TBL,トミー,UNO2スモールワールド,"￥3,800","￥4,000代",0,,,,,,,,
1995-03-03,1,5,RPG,アトラス,アナザ・バイブル,"￥5,500","￥5,500代",0,,,,,,,,
1995-03-03,1,4,SLG,エンジェル,ガメラ大怪獣空中決戦,"￥3,980","￥4,000代",0,,,,,大谷幸,伊藤和典,,
1995-03-14,1,4,PZL,任天堂,マリオのピクロス,"￥3,900","￥4,000代",0,,,,,,,石原恒和,
1995-03-17,1,4,SPT,アクレイムジャパン,NFLクォーターバッククラブ'95,"￥3,900","￥4,000代",0,,,,,,,,
1995-03-17,1,5,SPT,バンダイ,TVアニメスラムダンク2全国へのTIPPOFF,"￥4,200","￥4,000代",0,,,,,,,,
1995-03-17,1,3,PZL,BPS,スーパーボンブリス,"￥4,500","￥4,500代",0,,,,,,,,
1995-03-21,1,5,ACT,任天堂,星のカービィ2,"￥3,900","￥4,000代",151,,下村真一,鈴木義樹|鄭志明|山根雅司,橋口茂|三浦和弥|大久保良子,安藤浩和|池上正,,岩田聡|宮本茂,
1995-03-24,1,4,RPG,バンプレスト,ONI5隠忍を継ぐ者,"￥4,980","￥5,000代",0,,,,,,,,
1995-03-24,1,4,ETC,ココナッツジャパンエンターテイメント,パチスロキッズ3,"￥4,500","￥4,500代",0,,,,,,,,
1995-03-24,1,4,ACT,ビーアイ,原人コッツ,"￥4,500","￥4,500代",0,,,,,,,,
1995-04-07,1,4,SPT,バンプレスト,蒼き伝説シュート！,"￥3,980","￥4,000代",0,,西尾大介,,荒木伸吾|姫野美智|秋山由樹子,"Command S.inc",大島司,,
1995-04-14,1,5,FTG,カルチャーブレーン,SD飛龍の拳外伝,"￥4,700","￥4,500代",0,,,,,,,,
1995-04-14,1,3,ETC,キングレコード,勝馬予想競馬貴族EX'95,"￥6,900","￥7,000代",0,,,,,,,,
1995-04-21,1,4,SPT,EAV,JリーグLIVE'95,"￥5,980","￥6,000代",0,,,,,,,,
1995-04-28,1,1,PZL,Jウィング,チキチキ天国,"￥3,900","￥4,000代",0,,,,,,,,
1995-04-28,1,3,ETC,ココナッツジャパンエンターテイメント,パチ夫くん3,"￥4,800","￥5,000代",0,,,,,,,,
1995-04-28,1,4,PZL,バンダイ,空想科学世界ガリバーボーイ空想科学パズルプリッとポン,"￥3,980","￥4,000代",0,,,,,,,,
1995-04-28,1,4,RPG,トミー,赤ずきんチャチャ,"￥3,900","￥4,000代",0,,,,渡辺はじめ,佐橋俊彦|手塚理,,,
1995-04-28,1,4,RPG,タカラ,魔法陣グルグル勇者とククリの大冒険,"￥3,980","￥4,000代",0,,,,加瀬政広,中村暢之,三井秀樹,,
1995-05-26,1,3,ADV,タカラ,ちびまる子ちゃんまる子デラックス劇場,"￥3,980","￥4,000代",0,,,,,,,"Max Matsuura",
1995-06-02,1,4,RPG,トミー,魔法騎士レイアース,"￥4,500","￥4,500代",0,,,,石田敦子|山根理宏(モンスター)|門之園恵美,松尾早人,CLAMP,,
1995-06-16,1,4,RPG,バンダイ,モグモグGOMBO遥かなる超料理伝説,"￥4,800","￥5,000代",0,,,,,,,,
1995-06-23,1,5,ETC,ケイエスエス,パチンコ物語外伝,"￥5,980","￥6,000代",0,,,,,,,,
1995-06-23,1,4,TBL,タカラ,人生ゲーム,"￥4,660","￥4,500代",0,,,,"Bill Markham",,,,
1995-06-30,1,4,ETC,バンプレスト,スーパーパチンコ大戦,"￥3,980","￥4,000代",0,,,,,,,,
1995-06-30,1,5,SLG,バンプレスト,第2次スーパーロボット大戦G,"￥5,980","￥6,000代",0,,,庄真宏,阪田雅彦|知見浩之|阪田雅彦,田中伸一,,"じっぱ ひとからげ",
1995-07-14,1,5,FTG,トミー,NINKU-忍空-,"￥4,200","￥4,000代",0,,,,,,,,
1995-07-14,1,3,STG,ナムコ,ギャラガ＆ギャラクシアン,"￥3,800","￥4,000代",0,,,,,,,,
1995-07-14,1,3,ACT,日本物産,フリスキートム,"￥3,980","￥4,000代",0,,,,佐藤俊和|小田恭司|本田光雄,,,,
1995-07-27,1,5,ACT,任天堂,スーパードンキーコングGB,"￥3,900","￥4,000代",108,,ティム・スタンパー,クリス・サザーランド|ブレンダン・ガン,グレッグ・メイレス|スティーヴ・メイルズ|ケヴィン・ベイリス|マーク・スティーヴンソン,デヴィッド・ワイズ|イーブリン・フィッシャー|ロビン・ビーンランド,,,
1995-07-28,1,4,ACT,サンソフト,アルフレッドチキン,"￥4,300","￥4,500代",0,,,,,,,,
1995-08-04,1,4,RPG,四次元,おとぎ話大戦,"￥4,900","￥5,000代",0,,,,,,,,
1995-08-10,1,4,ACT,ハドソン,ボンバーマンGB2,"￥4,800","￥5,000代",0,,五井智久,いけだともなり,ちくだゆうこ|水野祥司|吉見直人,福田裕彦,,宮本徳人,
1995-08-11,1,5,FTG,カプコン,ストリートファイター2,"￥4,800","￥5,000代",0,,西谷亮,,西谷亮(NIN)|安田朗(AKIMAN),下村陽子|阿部功,,岡本吉起,
1995-08-25,1,4,ACT,バンプレスト,GOGOアックマン,"￥3,980","￥4,000代",0,,,,,,,,
1995-08-25,1,5,RPG,バンダイ,ドラゴンボールZ悟空激闘伝,"￥5,800","￥6,000代",0,,飯田和憲,きよのみつとし,高屋敷哲|高屋敷哲|佐原美奈子,西澤洋,,磯貝健夫,
1995-09-14,1,5,SPT,バンダイ,キャプテン翼J完全制覇への挑戦,"￥4,200","￥4,000代",0,,,,,,,,
1995-10-20,1,4,SPT,BLACKLABEL,ハイパーブラックバス'95,"￥4,500","￥4,500代",0,,,,,,,,
1995-10-27,1,5,SPT,アクレイムジャパン,NBAJAMトーナメントエディション,"￥4,800","￥5,000代",0,,,,,,,,
1995-10-27,1,4,ACT,アクレイムジャパン,ジャッジ・ドレッド,"￥4,500","￥4,500代",0,,,,,アラン・シルヴェストリ,キャラクター創造|ジョン・ワグナー|カルロス・エスクエラ,,
1995-10-27,1,4,ACT,アクレイムジャパン,バットマンフォーエバー,"￥4,200","￥4,000代",0,,,,,エリオット・ゴールデンサール,キャラクター創造|ボブ・ケイン,,
1995-10-27,1,4,SPT,アクレイムジャパン,フォアマンフォーリアル,"￥4,200","￥4,000代",0,,,,,,,,
1995-10-27,1,4,RPG,トミー,魔法騎士レイアース2ndミッシングカラーズ,"￥4,500","￥4,500代",0,,,,,,,,
1995-11-24,1,4,SPT,トミー,Jリーグビックウェイブサッカー,"￥4,800","￥5,000代",0,,,,,,,,
1995-11-24,1,5,ETC,トミー,NINKU-忍空-忍空戦争編,"￥4,800","￥5,000代",0,,,,,,,,
1995-12-08,1,4,PZL,ケイエスエス,ウェディングピーチじゃ魔ピーパニック,"￥4,980","￥5,000代",0,,,,,,,,
1995-12-14,1,5,ACT,任天堂,カービィのブロックボール,"￥3,900","￥4,000代",0,,後野尋宗,山崎武士|広尾敏文|夜野幸|下河康|朱立,城山功|湖東夕,大山助三|高木了恵,,横井軍平|宮本茂,
1995-12-22,1,3,ACT,ケムコ,P-マンGB,"￥4,200","￥4,000代",0,,,,,,,,
1995-12-22,1,5,ACT,トミー,東京ディズニーランドミッキーのシンデレラ城ミステリーツアー,"￥4,200","￥4,000代",0,,,,,,,,
1995-12-27,1,4,RPG,カルチャーブレーン,忍たま乱太郎GB,"￥4,800","￥5,000代",0,,,,,,,,
1995-12-29,1,3,ACT,POW,ブロックくずしGB,"￥3,980","￥4,000代",0,,,,,,,,
1996-02-27,1,5,RPG,任天堂,ポケットモンスター赤,"￥3,980","￥4,000代",418,,田尻智,太田健程|森本茂樹|渡辺哲也|増田順一,田尻智|杉森建|西田敦子|藤原基史|森本茂樹,増田順一,"田尻智|たにぐち りょうすけ|野々村文宏|陣内弘之",宮本茂|川口孝司|石原恒和,
1996-02-27,1,5,RPG,任天堂,ポケットモンスター緑,"￥3,980","￥4,000代",404,,田尻智,太田健程|森本茂樹|渡辺哲也|増田順一,田尻智|杉森建|西田敦子|藤原基史|森本茂樹,増田順一,"田尻智|たにぐち りょうすけ|野々村文宏|陣内弘之",宮本茂|川口孝司|石原恒和,
1996-02-29,1,4,ETC,タカラ,くまのプー太郎宝さがしだ大入りゲームバトル,"￥3,980","￥4,000代",0,,,,,,,"Max Matsuura",
1996-03-22,1,5,FTG,タカラ,熱闘闘神伝,"￥4,660","￥4,500代",0,,,,,,,,
1996-04-26,1,5,FTG,タカラ,熱闘ザ・キング・オブ・ファイターズ'95,"￥4,500","￥4,500代",0,,,,,,,,
1996-05-17,1,1,TBL,ヘクト,連珠倶楽部五目ならべ,"￥2,480","￥2,500代",0,,,,,,,,
1996-06-21,1,5,SPT,スターフィッシュ,バスフィッシング達人手帳,"￥9,800","￥10,000代",0,,,,,,,,
1996-07-21,1,5,ETC,ナムコ,ナムコギャラリーvol.1,"￥3,980","￥4,000代",0,,,,,,,,
1996-07-21,1,6,ACT,ハドソン,ボンバーマンコレクション,"￥3,980","￥4,000代",0,,,,,,,,
1996-07-21,1,5,PZL,任天堂,モグラーニャ,"￥3,900","￥4,000代",0,,亀山雅之,星野義明|安間基夫,渡辺直樹|高橋英子|あおきのりこ,阪東太郎,,宮本茂,
1996-08-09,1,6,ETC,ハドソン,桃太郎コレクション,"￥3,980","￥4,000代",0,,,,,,,,
1996-08-23,1,6,FTG,タカラ,熱闘サムライスピリッツ斬九郎無双剣,"￥4,500","￥4,500代",0,,,,,,,,
1996-09-13,1,6,ETC,カルチャーブレーン,スーパーチャイニーズランド1・2・3,"￥3,980","￥4,000代",0,,,,,,,,
1996-09-27,1,6,FTG,カルチャーブレーン,SD飛龍の拳外伝2,"￥4,200","￥4,000代",0,,,,,,,,
1996-09-27,1,3,RAC,UBIソフト,ストリートレーサー,"￥4,980","￥5,000代",0,,,,,,,,
1996-09-27,1,5,SPT,トンキンハウス,スポーツコレクション,"￥3,980","￥4,000代",0,,,,,,,,
1996-10-15,1,5,RPG,任天堂,ポケットモンスター青,"￥3,000","￥3,000代",201,,田尻智,太田健程|森本茂樹|渡辺哲也|増田順一,田尻智|杉森建|西田敦子|藤原基史|森本茂樹,増田順一,"田尻智|たにぐち りょうすけ|野々村文宏|陣内弘之",宮本茂|川口孝司|石原恒和,
1996-10-19,1,5,PZL,任天堂,ピクロス2,"￥3,000","￥3,000代",0,,石原恒和,緒方旗生|北脇啓,,上野利幸,,川口孝司|中山誠,
1996-10-26,1,5,PZL,任天堂,ヨッシーのパネポン,"￥3,000","￥3,000代",0,,,,,,,,
1996-11-01,1,4,PZL,カルチャーブレーン,パズル忍たま乱太郎,"￥3,980","￥4,000代",0,,,,,,,,
1996-11-22,1,6,ACT,ハドソン,原人コレクション,"￥3,980","￥4,000代",0,,,,,,,,
1996-11-22,1,5,RPG,チュンソフト,不思議のダンジョン風来のシレンGB～月影村の怪物～,"￥3,900","￥4,000代",0,,長畑成一郎,小川一美,冨江慎一郎|長谷川薫|田中信二,すぎやまこういち,冨江慎一郎,中村光一,
1996-11-23,1,5,ACT,任天堂,ドンキーコングランド,"￥3,000","￥3,000代",0,,,クリス・サザーランド,グレッグ・メイレス|アンドリュー・コラード|スティーヴ・メイレス,デビッド・ワイズ,リー・ラブデー(英語版),グレッグ・メイレス(英語版),
1996-11-29,1,5,ETC,ナムコ,ナムコギャラリーvol.2,"￥3,980","￥4,000代",0,,,,,,,,
1996-11-29,1,5,ETC,ココナッツジャパンエンターテイメント,パチ夫くんゲームギャラリー,"￥4,300","￥4,500代",0,,,,,,,,
1996-12-02,1,4,ACT,バンダイ,クレヨンしんちゃんオラのごきげんコレクション,"￥3,980","￥4,000代",0,,,,,吹田明仁,,磯貝健夫,
1996-12-02,1,4,ACT,ハドソン,ボンバーマンGB3,"￥3,980","￥4,000代",0,,ビル・リッチ,荒居弘之|阿部幸絵,窪田英之|水野祥司|吉見直人|佐藤梢,福田裕彦,,井上佳典,
1996-12-06,1,6,ETC,ハドソン,桃太郎コレクション2,"￥3,980","￥4,000代",0,,,,,,,,
1996-12-13,1,4,RPG,バンダイ,ゲゲゲの鬼太郎妖怪創造主現る！,"￥4,500","￥4,500代",0,,,たじませいいち,はただまなぶ|龍石堂浩二,わたなべよしお,,柳川絵奈,
1996-12-13,1,4,PZL,コンパイル,ぽけっとぷよぷよ通,"￥3,900","￥4,000代",0,,,,,,,,
1996-12-13,1,4,ETC,イマジニア,合格ボーイシリーズ英単語ターゲット1900,"￥2,050","￥2,000代",0,,,,,,,,
1996-12-21,1,3,PZL,ケムコ,スヌーピーのはじめてのおつかい,"￥3,980","￥4,000代",0,,,,,,,,
1996-12-21,1,4,ACT,トミー,みどりのマキバオー,"￥3,900","￥4,000代",0,,,,和泉成彦,松野恭平,つの丸,,
1996-12-27,1,4,PZL,ジャレコ,テトリスプラス,"￥3,980","￥4,000代",0,,,,,,,,
1996-12-27,1,5,SLG,Jウィング,ミニ4ボーイ,"￥4,980","￥5,000代",0,,,,,,,,
1996-12-27,1,4,ADV,バンダイ,名探偵コナン地下遊園地殺人事件,"￥3,980","￥4,000代",0,,,,,,,,
1996-12-28,1,6,ACT,カルチャーブレーン,スーパーチャイニーズファイターGB,"￥3,980","￥4,000代",0,,,,,,,,
1996-12-28,1,6,SPT,スターフィッシュ,スーパーブラックバスポケット,"￥4,980","￥5,000代",0,,,,,,,,
1997-01-24,1,4,ETC,イマジニア,合格ボーイシリーズセットで覚える日本史ターゲット201,"￥2,050","￥2,000代",0,,,,,,,,
1997-01-25,1,4,PZL,任天堂,カービィのきらきらきっず,"￥3,000","￥3,000代",0,,山上仁志,迫田勝弘,小澤和|能登谷哲也,石川淳|安藤浩和,,岩田聡|菅浩秋,
1997-01-31,1,2,PZL,やのまんゲームズ,ズープ,"￥2,800","￥3,000代",0,,,,,,,,
1997-02-01,1,4,ACT,任天堂,ゲームボーイギャラリー,"￥3,000","￥3,000代",0,,山上仁志,高瀬栄|広尾敏文|やまざきたけし,城山功|たちばなえいじ,水田陽子|杉田仁,,出石武宏,
1997-02-21,1,5,RPG,日本システムサプライ,チャルボ55SUPERPUZZLEACTION,"￥3,800","￥4,000代",0,,,,,,,,
1997-02-28,1,5,ETC,タイトー,タイトーバラエティパック,"￥3,800","￥4,000代",0,,,,,,,,
1997-03-28,1,4,ETC,イマジニア,合格ボーイシリーズ大学入試出る順英熟語ターゲット1000,"￥2,480","￥2,500代",0,,,,,,,,
1997-04-25,1,4,PZL,ハドソン,セームゲーム,"￥3,480","￥3,500代",0,,,,,,,,
1997-05-01,1,5,ETC,小学館,ドラえもんのスタディボーイ1小一こぐご・かん字,"￥2,850","￥3,000代",0,,,,,,,,
1997-05-01,1,5,ETC,小学館,ドラえもんのスタディボーイ2小一さんすう・けいさん,"￥2,850","￥3,000代",0,,,,,,,,
1997-05-23,1,5,SLG,アスキー,ミニ四駆GBLet's＆Go！！,"￥4,900","￥5,000代",0,,,,,,,,
1997-06-01,1,5,ETC,小学館,ドラえもんのスタディボーイ4小二国語・かん字,"￥2,850","￥3,000代",0,,,,,,,,
1997-06-01,1,5,ETC,小学館,ドラえもんのスタディボーイ5小二算数・計算,"￥2,850","￥3,000代",0,,,,,,,,
1997-06-20,1,6,SPT,スターフィッシュ,スーパーブラックバスポケット2,"￥3,980","￥4,000代",0,,,,,,,,
1997-06-27,1,5,SLG,バンダイ,ゲームで発見！！たまごっち,"￥4,500","￥4,500代",145,,,,,,,,
1997-06-27,1,5,SLG,ハドソン,ゲームボーイウォーズTURBO,"￥4,200","￥4,000代",0,,,,,,,,
1997-06-27,1,4,ETC,イマジニア,合格ボーイシリーズ高校入試でる順中学英単語1700,"￥2,480","￥2,500代",0,,,,,,,,
1997-06-27,1,4,?,ハドソン,ゲームボーイウォーズTurboファミ通版,非売品,#VALUE!,0,,,,,,,,
1997-07-11,1,4,ETC,イマジニア,Z会合格ボーイシリーズZ会究極の英単語1500,"￥2,000","￥2,000代",0,,,,,,,,
1997-07-11,1,5,SLG,バンダイ,ゲームで発見！！たまごっちピンクなTAMAGOTCHセット,"￥11,000","￥11,000代",145,,,,,,,,
1997-07-11,1,5,ACT,ハドソン,スーパービーダマンファイティングフェニックス,"￥3,980","￥4,000代",0,,,,,,,,
1997-07-18,1,3,ACT,ケムコ,それゆけ！キッド,"￥3,980","￥4,000代",0,,,,,,上原正三ほか,小泉美明(テレビ朝日)|阿部征司(東映),
1997-07-18,1,5,SLG,キッド,ポケットラブ,"￥4,800","￥5,000代",0,,なかむらまさき(中村正樹),しみずけんじ,市川久祥|ほそだたかあき(細田貴昭)|さとうひでゆき(佐藤英之)|さっぽろももこ,塩田信之,さっぽろももこ,,
1997-07-25,1,5,ETC,ナムコ,ナムコギャラリーvol.3,"￥3,980","￥4,000代",0,,,,,,,,
1997-07-25,1,3,TBL,ボトムアップ,ポケット麻雀,"￥3,980","￥4,000代",0,,,,,,,,
1997-07-25,1,4,ETC,イマジニア,合格ボーイシリーズ高校入試出る順中学英熟語3500,"￥2,480","￥2,500代",0,,,,,,,,
1997-07-25,1,4,SLG,光栄,名作シリーズ三国志ゲームボーイ版,"￥4,800","￥5,000代",0,,,,,,,,
1997-07-25,1,3,SLG,光栄,名作シリーズ信長の野望ゲームボーイ版,"￥3,980","￥4,000代",0,,,,,,,,
1997-08-08,1,5,FTG,タカラ,熱闘ザ・キング・オブ・ファイターズ'96,"￥3,980","￥4,000代",0,,,,,,,,
1997-08-08,1,4,TBL,タカラ,THEGAMEOFLIFE人生ゲーム(廉価版),"￥3,980","￥4,000代",0,,,,,,,,
1997-08-12,1,4,RAC,トミー,マッハGoGoGo,"￥4,800","￥5,000代",0,,,,須田正己|堀井敏之|小川浩|吉田すずか,稲葉光秀,竜の子プロダクション,,
1997-08-22,1,4,SLG,Jウィング,ディノブリーダー,"￥4,800","￥5,000代",0,,くれやまと,まつながちえみ|山本哲也,"永島三人|ロボロフスキー|舟橋正恭|ZA-ZA KOBAYASHI","NIKAIUTA UOH",,,
1997-08-29,1,4,PZL,アテナ,マネーアイドルエクスチェンジャー,"￥3,980","￥4,000代",0,,,PIGGY,STARMAN|石田敦子,末村謙之輔|富樫則彦,,浅井健吾,
1997-08-29,1,4,ETC,イマジニア,"合格ボーイシリーズ高校入試“でる順""漢字問題の征服","￥2,480","￥2,500代",0,,,,,,,,
1997-09-19,1,5,RPG,パック・イン・ソフト,川のぬし釣り3,"￥3,600","￥3,500代",0,,,まつもとしん,有田和博,水田陽子,,宮沢徹|石川真理子,
1997-09-25,1,5,ETC,コナミ,コナミGBコレクションvol.1,"￥3,980","￥4,000代",0,,,,,,,,
1997-09-26,1,4,ETC,イマジニア,合格ボーイシリーズ「解体英熟語」完全準拠Z会究極の英熟語1017,"￥2,000","￥2,000代",0,,,,,,,,
1997-09-26,1,4,TBL,スターフィッシュ,おやつクイズもぐもぐQTHEQUIZGAME,"￥3,500","￥3,500代",0,,,,,,,,
1997-09-26,1,2,TBL,ココナッツジャパンエンターテイメント,カードゲーム(ハッピープライス),"￥2,980","￥3,000代",0,,,,,,,,
1997-09-26,1,3,TBL,ココナッツジャパンエンターテイメント,シーザースパレス(ハッピープライス),"￥2,980","￥3,000代",0,,,,,,,,
1997-09-26,1,3,RAC,ココナッツジャパンエンターテイメント,フェラーリ(ハッピープライス),"￥2,980","￥3,000代",0,,,,,,,,
1997-09-26,1,5,RAC,Jウィング,ミニ4ボーイ2ファイナルエボリューション,"￥4,800","￥5,000代",0,,,,,,,,
1997-09-26,1,3,SPT,ココナッツジャパンエンターテイメント,ワールドカップストライカー(ハッピープライス),"￥2,980","￥3,000代",0,,,,,,,,
1997-09-26,1,4,ETC,イマジニア,合格ボーイシリーズ高校入試歴史年代あんきポイント240,"￥2,480","￥2,500代",0,,,,,,,,
1997-09-27,1,5,ETC,任天堂,ゲームボーイギャラリー2,"￥3,000","￥3,000代",0,,山上仁志,高瀬栄|広尾敏文|やまざきたけし,城山功|たちばなえいじ,水田陽子|杉田仁,,出石武宏,
1997-10-01,1,4,ETC,イマジニア,合格ボーイシリーズ高校入試理科あんきポイント250,"￥2,480","￥2,500代",0,,,,,,,,
1997-10-10,1,3,PZL,BPS,スーパーボンブリス(再版),"￥3,980","￥4,000代",0,,,,,,,,
1997-10-17,1,5,SLG,Jウィング,あにまるぶりーだー,"￥4,800","￥5,000代",0,,,,,,,,
1997-10-17,1,5,SLG,バンダイ,ゲームで発見！！たまごっち2,"￥4,286","￥4,500代",145,,,,,,,,
1997-10-17,1,5,ADV,アトラス,プリクラポケット不完全女子高校性マニュアル,"￥3,980","￥4,000代",0,,,,,,,,
1997-10-31,1,4,ETC,イマジニア,合格ボーイシリーズよく使われる英検2級レベルの会話表現333,"￥2,480","￥2,500代",0,,,,,,,,
1997-11-21,1,4,ETC,ナグザット,コレクションポケット,"￥3,980","￥4,000代",0,,,,,,,,
1997-11-27,1,4,ACT,コナミ,悪魔城ドラキュラ～漆黒たる前奏曲～,"￥3,980","￥4,000代",0,,山下幸紀,山口佳輝,内田和伸,岡田蘭|岩田陽一,,福井博幸,
1997-11-28,1,4,ETC,イマジニア,会合格ボーイシリーズ「解体英語構文」完全準拠Z会究極の英語構文285,"￥2,480","￥2,500代",0,,,,,,,,
1997-11-28,1,3,TBL,ボトムアップ,トランプコレクション,"￥3,980","￥4,000代",0,,,,,,,,
1997-11-28,1,5,RPG,イマジニア,メダロット(カブトバージョン),"￥3,980","￥4,000代",0,,,,,,,,
1997-11-28,1,5,RPG,イマジニア,メダロット(クワガタバージョン),"￥3,980","￥4,000代",0,,,,,,,,
1997-11-29,1,5,SLG,アトラス,プリクラポケット2彼氏改造大作戦,"￥3,980","￥4,000代",0,,,,,,,,
1997-12-01,1,5,ETC,小学館,ドラえもんのスタディボーイ3九九マスター,"￥2,850","￥3,000代",0,,,,,,,,
1997-12-04,1,4,ACT,コナミ,がんばれゴエモン～黒船党の謎～,"￥3,980","￥4,000代",0,,山下幸紀,近藤誠|福井博幸,永井真,岡田蘭|岩田陽一|田中理恵,,福井博幸,
1997-12-05,1,4,ETC,イマジニア,サンリオうらないパーティ,"￥2,980","￥3,000代",0,,,,,,,,
1997-12-11,1,5,ETC,コナミ,コナミGBコレクションvol.2,"￥3,980","￥4,000代",0,,,,,,,,
1997-12-12,1,5,ACT,ハドソン,ポケットボンバーマン,"￥3,980","￥4,000代",0,,,,,竹間淳(6曲)|矢野慎也,,,
1997-12-12,1,5,SLG,バンプレスト,超魔神英雄伝ワタルまぜっこモンスター,"￥3,800","￥4,000代",0,,,,,,,,
1997-12-19,1,4,ACT,スターフィッシュ,カラムー町の大事件,"￥3,800","￥4,000代",0,,,,,,,,
1997-12-19,1,4,PZL,アクセラ,スタースイープ,"￥3,800","￥4,000代",0,,,,,,,,
1997-12-19,1,4,ACT,ケムコ,バックスバニーコレクション,"￥3,480","￥3,500代",0,,,,,,,,
1997-12-19,1,5,SLG,パック・イン・ソフト,牧場物語GB,"￥3,980","￥4,000代",0,,,"SHIN SHIN|おにがわらのぶやす|ちゅうそんじきよと",和田康宏|まつやまいぐさ,田中剛,,和田康宏,
1997-12-26,1,3,ETC,ココナッツジャパンエンターテイメント,パチスロキッズ(ハッピープライス),"￥2,980","￥3,000代",0,,,,,,,,
1997-12-26,1,3,ETC,ココナッツジャパンエンターテイメント,パチスロキッズ2(ハッピープライス),"￥2,980","￥3,000代",0,,,,,,,,
1998-01-01,1,6,ETC,小学館,ドラえもんのスタディボーイ6学習漢字マスター1006,"￥2,850","￥3,000代",0,,,,,,,,
1998-01-10,1,5,ETC,新学社,ポケット漢字郎,"￥3,800","￥4,000代",0,,,,,,,,
1998-01-15,1,5,SLG,バンダイ,ゲームで発見！！たまごっちオスっちとメスっち,"￥4,286","￥4,500代",145,,,,,,,,
1998-01-30,1,2,TBL,アルトロン,ニューチェスマスター,"￥4,500","￥4,500代",0,,,,,,,,
1998-01-30,1,4,ETC,イマジニア,合格ボーイシリーズ学研慣用句・ことわざ210,"￥1,990","￥2,000代",0,,,,,,,,
1998-01-30,1,4,ETC,イマジニア,合格ボーイシリーズ学研小学校高学年レベル入試に出た要点ランク順四字熟語288,"￥1,990","￥2,000代",0,,,,,,,,
1998-02-19,1,5,ETC,コナミ,コナミGBコレクションvol.3,"￥3,980","￥4,000代",0,,,,,,,,
1998-02-20,1,4,SLG,ショウエイシステム,NAVYBLUE98,"￥3,980","￥4,000代",0,,,,,,,,
1998-02-21,1,6,ETC,任天堂,ポケットカメラ,"￥5,775","￥6,000代",0,,,,,,,,
1998-02-27,1,5,SLG,ハドソン,ネクタリスGB,"￥4,200","￥4,000代",0,,,,,,,,
1998-02-27,1,4,ADV,トミー,ポケットキョロちゃん,"￥3,980","￥4,000代",0,,,,,,,,
1998-03-05,1,5,TBL,ハドソン,大貝獣物語ザ・ミラクル・オブ・ザ・ゾーン,"￥3,980","￥4,000代",0,,,,,,,,
1998-03-06,1,5,RPG,光栄,もんすたあ★レース,"￥3,980","￥4,000代",0,,,,,,,,
1998-03-06,1,4,RAC,講談社,頭文字D外伝,"￥3,980","￥4,000代",0,,,,,,,,
1998-03-13,1,4,ETC,日本テレネット,パチンコCR大工の源さんGB,"￥3,980","￥4,000代",0,,,,,,,,
1998-03-13,1,6,SLG,キッド,ポケットラブ2,"￥4,800","￥5,000代",0,,なかむらまさき,さいきただとし,市川久祥|さとうひでゆき|さっぽろももこ|じぇねらるわたなべ,やまさん,さっぽろももこ|のむら♥まりか,,
1998-03-19,1,5,ETC,コナミ,コナミGBコレクションvol.4,"￥3,980","￥4,000代",0,,,,,,,,
1998-03-20,1,4,ETC,イマジニア,合格ボーイシリーズZ会<例文で覚える>中学英単語1132,"￥2,000","￥2,000代",0,,,,,,,,
1998-03-20,1,5,SLG,アイマックス,カンヅメモンスター,"￥4,500","￥4,500代",0,,,,,,,,
1998-03-20,1,4,RAC,エポック社,ドラえもんカート,"￥3,980","￥4,000代",0,,,,,,,,
1998-03-20,1,5,RPG,イマジニア,メダロットパーツコレクション,"￥3,980","￥4,000代",0,,,,,,,,
1998-03-20,1,5,ETC,イマジニア,合格ボーイシリーズ山川一問一答世界史B用語問題集,"￥2,480","￥2,500代",0,,,,,,,,
1998-03-26,1,5,RPG,コナミ,ゴッドメディスン復刻版,"￥3,980","￥4,000代",0,,,,,,,,
1998-03-26,1,4,SPT,コナミ,パワプロGB,"￥3,980","￥4,000代",0,,,,,,,,
1998-03-27,1,5,FTG,タカラ,熱闘リアルバウト餓狼伝説スペシャル,"￥3,980","￥4,000代",0,,,,,,,,
1998-04-10,1,3,PZL,タイトー,パズルボブルGB,"￥3,500","￥3,500代",0,,,丸山尋司|野口順一郎,中久木成一|木下一洋,中山上等兵,,,
1998-04-22,1,4,ETC,イマジニア,合格ボーイシリーズ桐原書店頻出英文法・語法問題1000,"￥2,480","￥2,500代",0,,,,,,,,
1998-04-22,1,5,ETC,イマジニア,合格ボーイシリーズ山川一問一答新課程日本史B用語問題集,"￥2,480","￥2,500代",0,,,,,,,,
1998-04-24,1,3,SPT,ボトムアップ,ポケットバスフィッシング,"￥3,980","￥4,000代",0,,,,,,,,
1998-05-01,1,5,RPG,ケムコ,SELECTIONI＆II選ばれし者＆暗黒の封印,"￥3,980","￥4,000代",0,,,,,,,,
1998-05-15,1,5,SLG,Jウィング,あにまるぶりーだー2,"￥4,800","￥5,000代",0,,,,,,,,
1998-05-22,1,4,SPT,トミー,日本代表チーム栄光のイレブン,"￥3,580","￥3,500代",0,,,,,,,,
1998-05-29,1,5,RPG,イマジニア,メダロットパーツコレクション2,"￥3,980","￥4,000代",0,,,,,,,,
1998-05-29,1,4,ETC,イマジニア,合格ボーイシリーズ学研小学校高学年レベル入試に出た要点ランク順歴史512,"￥1,990","￥2,000代",0,,,,,,,,
1998-06-04,1,5,SPT,コナミ,ワールドサッカーGB,"￥3,980","￥4,000代",0,,,,,,,,
1998-06-05,1,5,SLG,Jウィング,ディノブリーダー2,"￥4,800","￥5,000代",0,,くれやまと,まつながちえみ|山本哲也,"永島三人|ロボロフスキー|舟橋正恭|ZA-ZA KOBAYASHI","NIKAIUTA UOH",,,
1998-06-19,1,6,SLG,アスキー,ミニ四駆GBLet's＆Go！！オールスターバトルMAX,"￥4,800","￥5,000代",0,,,,,,,,
1998-06-19,1,5,PZL,カルチャーブレーン,忍たま乱太郎GB絵あわせチャレンジパズル,"￥3,980","￥4,000代",0,,,,,,,,
1998-06-26,1,4,ETC,イマジニア,合格ボーイシリーズ■いアタマを●くする。数字で遊ぼう算数編,"￥2,480","￥2,500代",0,,,,,,,,
1998-06-26,1,4,SLG,バンプレスト,いつでも！にゃんとワンダフル,"￥3,980","￥4,000代",0,,,,,,,,
1998-06-26,1,5,SLG,アイマックス,日刊べるとも倶楽部,"￥4,500","￥4,500代",0,,,,,,,,
1998-06-26,1,5,SPT,Jウィング,日本代表フランスでがんばれ！Jリーグサポーターサッカー,"￥5,500","￥5,500代",0,,,,,,,,
1998-07-02,1,5,TBL,コナミ,高気圧ボーイ,"￥3,980","￥4,000代",0,,,,山田信洋|田中真二|坂本充子,神尾憲一,吉川兆二,下村聡,
1998-07-10,1,4,ETC,イマジニア,合格ボーイシリーズ99年度版英単語センター1500,"￥2,480","￥2,500代",0,,,,,,,,
1998-07-10,1,5,TBL,Jウィング,GO！GO！ヒッチハイク,"￥4,800","￥5,000代",0,,,,,,,,
1998-07-10,1,6,RPG,パック・イン・ソフト,海のぬし釣り2,"￥3,600","￥3,500代",0,,,,,,,,
1998-07-17,1,5,RPG,スターフィッシュ,化石創世リボーン,"￥3,980","￥4,000代",0,,,,,,,,
1998-07-24,1,5,SPT,バンダイ,グランダー武蔵RV,"￥5,800","￥6,000代",0,,,,加瀬政広(第1期)|平岡正幸|入好さとる(RV),淡海悟郎,藤本信行,,
1998-07-24,1,5,ETC,トミー,東京ディズニーランドファンタジーツアー,"￥4,200","￥4,000代",0,,,,,,,,
1998-07-24,1,5,SPT,スターフィッシュ,爆釣列伝翔～ハイパーバスフィッシング～,"￥3,980","￥4,000代",0,,,,,,,,
1998-07-24,1,5,ETC,バンダイ,魚群探知機ポケットソナー,"￥14,800","￥15,000代",0,,,,,,,,
1998-07-31,1,3,PZL,アクレイムジャパン,ブレインドレイン,"￥3,500","￥3,500代",0,,,,,,,,
1998-07-31,1,5,TBL,ジャレコ,早押しクイズ～王座決定戦～,"￥3,980","￥4,000代",0,,,,,,,,
1998-07-31,1,5,TBL,ハドソン,桃太郎電鉄jr.全国ラーメンめぐりの旅,"￥3,980","￥4,000代",0,,さくまあきら(監督)|こまいかずお,,土居孝幸,関口和之|宮路一昭,,浦敏治,
1998-08-06,1,4,PZL,サンソフト,上海Pocket,"￥3,980","￥4,000代",0,,,,,,,,
1998-08-07,1,4,ACT,スターフィッシュ,テュロック～バイオノザウルスの戦い～,"￥3,980","￥4,000代",0,,,ロバート・コーエン,デヴィッド・ディーンストビール|アラン・D・ジョンソン|ドン・パーリン(英語版),ダレン・ミッチェル,ジェフ・ゴメス(英語版)|ボブ・レイトン(英語版),デヴィッド・ディーンストビール,
1998-08-07,1,5,SLG,バンプレスト,超魔神英雄伝ワタルまぜっこモンスター2,"￥3,980","￥4,000代",0,,,,,,,,
1998-08-07,1,4,ADV,バンダイ,名探偵コナン疑惑の豪華列車,"￥3,980","￥4,000代",0,,,,,,,,
1998-08-09,1,5,SLG,ハドソン,ポケットファミリーGB,"￥3,980","￥4,000代",0,,,,,,,,
1998-08-28,1,5,SLG,Jウィング,昆虫博士,"￥4,800","￥5,000代",0,,,,,,,,
1998-09-11,1,4,TBL,ボトムアップ,ポケット将棋,"￥3,980","￥4,000代",0,,,,,,,,
1998-09-11,1,6,FTG,アクレイムジャパン,モータルコンバット＆モータルコンバット2,"￥3,980","￥4,000代",0,,,,,,,,
1998-09-11,1,5,RPG,Jウィング,釣り先生,"￥4,800","￥5,000代",0,,,,,,,大瀧詠一,
1998-09-12,1,6,RPG,任天堂,ポケットモンスターピカチュウ,"￥3,000","￥3,000代",316,,田尻智,太田健程|森本茂樹|渡辺哲也|増田順一,田尻智|杉森建|西田敦子|藤原基史|森本茂樹,増田順一,"田尻智|たにぐち りょうすけ|野々村文宏|陣内弘之",宮本茂|川口孝司|石原恒和,
1998-09-18,1,5,ACT,ハドソン,超速スピナー,"￥4,500","￥4,500代",0,,,,,,,,
1998-09-25,2,7,RPG,エニックス,ドラゴンクエストモンスターズテリーのワンダーランド,"￥4,900","￥5,000代",235,,,,堀井雄二|鳥山明,すぎやまこういち,堀井雄二|佐々木智広,千田幸信,
1998-09-25,1,3,SPT,ボトムアップ,ポケットゴルフ,"￥3,980","￥4,000代",0,,,,,,,,
1998-10-02,1,5,RPG,コーエー,もんすたあ★レースおかわり,"￥3,980","￥4,000代",0,,,,,,,,
1998-10-15,1,5,RPG,コナミ,爆釣リトリーブマスター,"￥3,980","￥4,000代",0,,,,,,,,
1998-10-16,1,5,SLG,キングレコード,新競馬貴族ポケットジョッキー,"￥5,800","￥6,000代",0,,,,,,,,
1998-10-21,2,6,TBL,NECインターチャネル,グローカルヘキサイト,"￥3,980","￥4,000代",0,,,,,,,,
1998-10-21,2,5,PZL,任天堂,テトリスデラックス,"￥3,500","￥3,500代",0,,,,,,,,
1998-10-21,2,7,ACT,任天堂,ワリオランド2盗まれた財宝,"￥3,500","￥3,500代",0,,細川豪彦,山中勝,清武博二,石川こずえ,,出石武宏,
1998-10-23,2,5,SPT,アテナ,ポケットボウリングGB,"￥3,800","￥4,000代",0,,,,,,,,
1998-10-30,1,5,SLG,ココナッツジャパンエンターテイメント,ポケット電車,"￥3,980","￥4,000代",0,,,,,,,,
1998-11-06,1,2,TBL,アイマックス,詰め将棋廉価版,"￥4,200","￥4,000代",0,,,,,,,,
1998-11-13,2,6,TBL,童,本格将棋将棋王,"￥3,980","￥4,000代",0,,,,,,,,
1998-11-20,2,6,SLG,ハドソン,ゲームボーイウォーズ2,"￥4,200","￥4,000代",0,,,,,,,,
1998-11-27,2,6,RPG,イマジニア,サンリオタイムネット過去編,"￥3,500","￥3,500代",0,,,,,,,,
1998-11-27,2,6,RPG,イマジニア,サンリオタイムネット未来編,"￥3,500","￥3,500代",0,,,,,,,,
1998-11-27,2,6,SPT,スターフィッシュ,スーパーブラックバスポケット3スターフィッシュ釣り,"￥3,980","￥4,000代",0,,,,,,,,
1998-11-27,1,4,ETC,エポック社,ドラえもんのGAMEBOYであそぼうよデラックス10,"￥3,800","￥4,000代",0,,,,,,,,
1998-11-27,2,6,PZL,コンパイル,ぽけっとぷよぷよSUN,"￥3,980","￥4,000代",0,,,,,,,,
1998-11-27,1,5,FTG,カプコン,激闘パワーモデラー,"￥3,980","￥4,000代",0,,,,,,,,
1998-12-04,2,6,RPG,ハドソン,ロボットポンコッツ(星バージョン),"￥3,980","￥4,000代",0,,,,,,,,
1998-12-04,2,6,RPG,ハドソン,ロボットポンコッツ(太陽バージョン),"￥3,980","￥4,000代",0,,,,,,,,
1998-12-11,2,6,ACT,スターフィッシュ,カラムー町は大さわぎ！～ポリンキーズとおかしな仲間たち～,"￥3,980","￥4,000代",0,,,,,,,,
1998-12-11,2,6,TBL,ハズブロージャパン,ゲームボーイモノポリー,"￥3,980","￥4,000代",0,,,,,,,,
1998-12-11,2,6,RPG,タム,バーコード対戦バーディガン,"￥5,500","￥5,500代",0,,,,,,,,
1998-12-11,2,6,TBL,トミー,ロードス島戦記-英雄騎士伝-,"￥3,980","￥4,000代",0,,,,,,安田均(テーブルトークRPG),,
1998-12-12,2,6,RPG,任天堂,ゼルダの伝説夢をみる島DX,"￥3,500","￥3,500代",0,,手塚卓志,森田和明|葛原貴光,山村康久|有本正直|日野重文|小田部羊一,濱野美奈子|石川こずえ|戸高一生,田邊賢輔|小泉歓晃,宮本茂,
1998-12-12,2,6,ETC,イマジニア,フェアリーキティの開運辞典～妖精の国の占い修行～,"￥3,980","￥4,000代",0,,,,,,,,
1998-12-17,1,6,TBL,コナミ,遊戯王デュエルモンスターズ,"￥4,300","￥4,500代",161,,,,"荒木伸吾|姫野美智|原憲一(第145話 - 第184話)|加々美高浩(第199話 - 第224話)|小海雄司",光宗信吉,高橋和希|スタジオ・ダイス,,
1998-12-18,2,3,ACT,ボトムアップ,ポケットカラーブロック,"￥3,980","￥4,000代",0,,,,,,,,
1998-12-18,2,3,RAC,ポニーキャニオン,ザ・首都高レーシング,"￥3,980","￥4,000代",0,,,,,,,,
1998-12-18,1,6,ETC,アトラス,プリクラポケット3～タレントデビュー大作戦,"￥3,980","￥4,000代",0,,,,,,,,
1998-12-18,2,6,TBL,任天堂,ポケモンカードGB,"￥3,500","￥3,500代",139,,,,,,,,
1998-12-23,2,6,TBL,Jウィング,麻雀クエスト,"￥3,980","￥4,000代",0,,,,,,,,
1998-12-24,2,6,RPG,ハドソン,ボンバーマンクエスト,"￥3,800","￥4,000代",0,,藤原茂樹|池之内武志,荘埜毅明|山下孝|ふじもとせいいち,水野祥司|佐藤梢,入江茂明|麻生美咲|植木啓示|高橋悟朗|富樫則彦|竹間淳,,猪狩寛,
1998-12-25,1,4,ETC,イマジニア,合格ボーイシリーズ「読み解き古文単語」準拠Z会<例文で覚える>究極の古文単語～古文知識・文法基礎入り～,"￥2,000","￥2,000代",0,,,,,,,,
1998-12-25,1,3,TBL,ギャップス,小島武夫・灘麻太郎の実践麻雀教室,"￥3,800","￥4,000代",0,,,,,,,,
1999-01-01,2,6,RPG,タムソフト,バーディガンライトバージョン限定スペシャルBOX！,?,#VALUE!,0,,,,,,,,
1999-01-14,2,6,RPG,コナミ,がんばれゴエモン天狗党の逆襲,"￥4,300","￥4,500代",0,,,,,,,,
1999-01-28,1,6,ETC,BOSSコミュニケーションズ,PachinkoDataCardちょ～あたる君,"￥4,980","￥5,000代",0,,,,,,,,
1999-01-29,2,6,RPG,メディアファクトリー,Bビーダマン爆外伝～ビクトリーへのみち～,"￥3,980","￥4,000代",0,,,,,,,,
1999-01-29,2,6,ACT,ケムコ,バックスバニークレイジーキャッスル3,"￥3,980","￥4,000代",0,,,,,,小山内美江子・清水有生ほか,竹之下寛次,
1999-02-11,2,8,SLG,コナミ,ときめきメモリアルPOCKETカルチャー編～木漏れ日のメロディ～,"￥4,300","￥4,500代",0,,,,,,,,
1999-02-11,2,8,SLG,コナミ,ときめきメモリアルPOCKETスポーツ編～校庭のフォトグラフ～,"￥4,300","￥4,500代",0,,,,,,,,
1999-02-12,2,6,RPG,スターフィッシュ,化石創世リボーン2～モンスターディガー～,"￥3,980","￥4,000代",0,,,,,,,,
1999-02-19,1,4,RPG,アスキー,ウィザードリィ外伝1[復刻版],"￥4,500","￥4,500代",0,,,,,,,,
1999-02-19,1,4,RPG,アスキー,ウィザードリィ外伝2[復刻版],"￥4,500","￥4,500代",0,,,,,,,,
1999-02-19,1,5,RPG,アスキー,ウィザードリィ外伝3[復刻版],"￥5,000","￥5,000代",0,,,,,,,,
1999-02-19,2,6,TBL,童,本格四人打ち麻雀麻雀王,"￥2,980","￥3,000代",0,,,,,,,,
1999-02-26,2,6,SLG,アトラス,ハムスターパラダイス,"￥3,980","￥4,000代",0,,,,,,,,
1999-02-26,2,7,RPG,ハドソン,ポヨンのダンジョンルーム,"￥3,980","￥4,000代",0,,,,,,,,
1999-03-05,2,4,PZL,アルトロン,ROX6=Six,"￥3,980","￥4,000代",0,,,,,,,,
1999-03-11,2,6,ETC,コナミ,ビートマニアGB,"￥4,300","￥4,500代",0,,,,,,,,
1999-03-12,1,4,ETC,イマジニア,合格ボーイシリーズ■いアタマを●くする。算数バトル編,"￥2,480","￥2,500代",0,,,,,,,,
1999-03-12,2,4,PZL,エポック社,おはスタやまちゃん＆レイモンド,"￥3,800","￥4,000代",0,,,,,,,,
1999-03-12,2,6,RAC,エポック社,ドラえもんカート2,"￥3,980","￥4,000代",0,,,,,,,,
1999-03-12,2,7,RPG,コーエー,もんすたあ★レース2,"￥3,980","￥4,000代",0,,,,,,,,
1999-03-12,2,6,RPG,メサイヤ,王ドロボウJINGエンジェル,"￥3,980","￥4,000代",0,,,,,,,,
1999-03-12,2,6,RPG,メサイヤ,王ドロボウJINGデビル,"￥3,980","￥4,000代",0,,,,,,,,
1999-03-12,2,6,SPT,魔法,甲子園ポケット,"￥3,980","￥4,000代",0,,,,,,,,
1999-03-19,2,6,TBL,アテナ,プロ麻雀極GB2,"￥4,200","￥4,000代",0,,,,,,,,
1999-03-19,2,6,FTG,タカラ,決闘ビーストウォーズビースト戦士最強決定戦,"￥3,680","￥3,500代",0,,,,,,,,
1999-03-19,2,6,RPG,アトラス,女神転生外伝ラストバイブル,"￥3,980","￥4,000代",0,,,,,,,,
1999-03-19,2,4,TBL,ポニーキャニオン,将棋2,"￥3,480","￥3,500代",0,,,,,,,,
1999-03-19,2,6,TBL,ハドソン,大貝獣物語ザ・ミラクル・オブ・ザ・ゾーン2,"￥3,980","￥4,000代",0,,,,,,,,
1999-03-26,2,6,SLG,魔法,クイクイ,"￥3,980","￥4,000代",0,,,,,,,,
1999-03-26,2,6,TBL,ギャップス,バーガーバーガーポケット,"￥3,800","￥4,000代",0,,,,,,,,
1999-04-01,2,7,SPT,コナミ,パワプロクンポケット,"￥4,500","￥4,500代",0,,藤岡謙治,井上秀登|西川直樹|宮岡宏司,藤岡謙治|前川恵一,砂子純子|くすのきあつし|小倉努|荒木茂,,赤田勲,
1999-04-02,2,6,SLG,ココナッツジャパンエンターテイメント,ポケット電車2,"￥3,980","￥4,000代",0,,,,,,,,
1999-04-08,2,6,ACT,任天堂,ゲームボーイギャラリー3,"￥10,000","￥10,000代",0,,山上仁志,高瀬栄|広尾敏文|やまざきたけし,城山功|たちばなえいじ,水田陽子|杉田仁,,出石武宏,
1999-04-09,2,6,TBL,カルチャーブレーン,加藤一二三九段の将棋教室,"￥3,200","￥3,000代",0,,,,,,,,
1999-04-09,2,6,SLG,コーエー,信長の野望ゲームボーイ版2,"￥4,800","￥5,000代",0,,,,,菅野よう子|山本光男,,シブサワ・コウ,
1999-04-14,2,6,TBL,任天堂,ポケモンピンボール,"￥3,800","￥4,000代",102,,,,,,,,
1999-04-16,2,6,TBL,アルトロン,チェックメイト,"￥4,500","￥4,500代",0,,,,,,,,
1999-04-16,2,6,RPG,アトラス,女神転生外伝ラストバイブル2,"￥3,980","￥4,000代",0,,,,,,,,
1999-04-23,2,5,SPT,エポック社,ゴルフDEおはスタ,"￥3,980","￥4,000代",0,,,,,,大場つぐみ,,
1999-04-23,3,6,RAC,ケムコ,トップギア・ポケット,"￥4,500","￥4,500代",0,,,,,,,,
1999-04-23,2,6,PZL,タイトー,プチカラット,"￥3,800","￥4,000代",0,,藤渡尊浩,金子道明|粕谷智昭|南雲泰人,谷口敦|藤渡尊浩|前田千穂|二宮健|福崎真理|金子陽子|藤本一弘|ディスティーノブ|渡部恭久|香宗我部恭信,渡部恭久,,谷口敦,
1999-04-23,2,5,SPT,ナツメ,リアルプロ野球！セントラルリーグ編,"￥3,980","￥4,000代",0,,,,,,,,
1999-04-23,2,5,SPT,ナツメ,リアルプロ野球！パシフィックリーグ編,"￥3,980","￥4,000代",0,,,,,,,,
1999-04-23,2,6,TBL,タカラ,人生ゲーム友達たくさんつくろうよ！,"￥3,980","￥4,000代",0,,,,,,,,
1999-04-28,2,7,RPG,Jウィング,ディノブリーダー3～ガイア復活～,"￥4,800","￥5,000代",0,,くれやまと,まつながちえみ|山本哲也,"永島三人|ロボロフスキー|舟橋正恭|ZA-ZA KOBAYASHI","NIKAIUTA UOH",,,
1999-04-28,2,6,PZL,イマジニア,パズルコレクションハローキティのマジカルミュージアム,"￥3,980","￥4,000代",0,,,,,,,,
1999-04-28,2,7,SLG,コナミ,ポケットGIステイブル,"￥4,500","￥4,500代",0,,,,,,,,
1999-04-28,2,6,PZL,コナミ,花さか天使テンテンくんのビートブレイカー,"￥4,300","￥4,500代",0,,,,,,,,
1999-04-29,2,6,TBL,スターフィッシュ,パチパチパチス郎～ニューパルサー編～,"￥3,980","￥4,000代",0,,,,,,,,
1999-04-30,2,6,ACT,カルチャーブレーン,SD飛龍の拳外伝EX,"￥3,900","￥4,000代",0,,,,,,,,
1999-05-13,2,6,RAC,コナミ,IT'sワールドラリー,"￥4,300","￥4,500代",0,,,,,,,山下達郎,
1999-05-20,2,5,SLG,エム・ティー・オー,カードキャプターさくら～いつもさくらちゃんといっしょ～,"￥3,980","￥4,000代",0,,,,,,,,
1999-05-27,2,6,SLG,スターフィッシュ,カンヅメモンスターパフェ,"￥3,980","￥4,000代",0,,,,,,,,
1999-05-28,2,6,ACT,ポニーキャニオン,ピットフォールGB,"￥3,980","￥4,000代",0,,,,,,,,
1999-05-29,2,6,SLG,コーエー,学級王ヤマザキゲームボーイ版,"￥3,980","￥4,000代",0,,,,,,,,
1999-06-03,2,8,ETC,Jウィング,漢字BOY,"￥4,800","￥5,000代",0,,,,,,,,
1999-06-04,2,6,ETC,ヘクト,パチンコCRモーレツ原始人T,"￥3,980","￥4,000代",0,,,,,,,,
1999-06-11,2,4,TBL,ボトムアップ,ポケット花札,"￥4,500","￥4,500代",0,,,,,,,,
1999-06-11,3,5,PZL,ヒューマン,ルーカのパズルで大冒険,"￥3,800","￥4,000代",0,,,,,,,,
1999-06-17,2,6,RPG,コナミ,サバイバルキッズ～孤島の冒険者,"￥4,300","￥4,500代",0,,,,,,,,
1999-06-24,2,8,RPG,Jウィング,あにまるぶり～だ～3,"￥4,800","￥5,000代",0,,,,,,小山内美江子・清水有生ほか,竹之下寛次,
1999-06-24,2,6,SPT,コナミ,ワールドサッカーGB2,"￥4,300","￥4,500代",0,,,,,,,,
1999-06-25,2,6,TBL,カルチャーブレーン,坂田吾朗九段の連珠教室,"￥3,200","￥3,000代",0,,,,,,,,
1999-07-01,2,6,SPT,コナミ,ハイパーオリンピックシリーズトラック＆フィールドGB,"￥4,300","￥4,500代",0,,,,,,,,
1999-07-08,2,8,TBL,コナミ,遊戯王デュエルモンスターズ2闇界決闘記,"￥4,500","￥4,500代",110,,,,,,,,
1999-07-09,2,6,TBL,カルチャーブレーン,プロ麻雀「兵」GB,"￥3,900","￥4,000代",0,,,,,,,,
1999-07-16,1,4,ETC,イマジニア,合格ボーイシリーズ■いアタマを●くする。社会バトル編,"￥2,480","￥2,500代",0,,,,,,,,
1999-07-16,2,8,SPT,デジタルキッズ,ゴルフ王,"￥3,980","￥4,000代",0,,,,,,,,
1999-07-16,2,6,RPG,パック・イン・ソフト,川のぬし釣り4,"￥4,200","￥4,000代",0,,,,,,,石川真理子,
1999-07-17,2,6,PZL,イマジニア,パズルコレクションハローキティのビーズ工房,"￥3,980","￥4,000代",0,,,,,,,,
1999-07-23,3,6,ACT,ケムコ,スパイVSスパイ,"￥3,980","￥4,000代",0,,,,マイケル・J・リーデル,,,,
1999-07-23,2,6,ACT,エポック社,ドラえもんあるけあるけラビリンス,"￥3,980","￥4,000代",0,,,,,,,,
1999-07-23,3,6,RPG,キングレコード,ポケットルアーボーイ,"￥3,980","￥4,000代",0,,,,,,,,
1999-07-23,2,7,RPG,イマジニア,メダロット2(カブトバージョン),"￥3,980","￥4,000代",0,,,,,,,,
1999-07-23,2,7,RPG,イマジニア,メダロット2(クワガタバージョン),"￥3,980","￥4,000代",0,,,,,,,,
1999-07-23,2,7,RPG,Jウィング,昆虫博士2,"￥4,800","￥5,000代",0,,,,,,,,
1999-07-23,3,7,RPG,ハドソン,次世代ベーゴマバトルベイブレード,"￥3,980","￥4,000代",0,,,,,,,,
1999-07-23,2,7,RPG,Jウィング,釣り先生2,"￥4,800","￥5,000代",0,,,,,,,,
1999-07-23,3,6,STG,キッド,無頼戦士カラー,"￥3,980","￥4,000代",0,,,,,,,,
1999-07-30,2,6,RPG,キッド,ジェムジェムモンスター,"￥3,980","￥4,000代",0,,,,,,,,
1999-07-30,2,7,RAC,タカラ,チョロQカスタマブルGB,"￥3,980","￥4,000代",0,,,,,,,,
1999-07-30,2,6,SLG,コーエー,三国志ゲームボーイ版2,"￥4,800","￥5,000代",0,,,,,向谷実,,シブサワ・コウ,
1999-08-05,2,6,RPG,コナミ,アザーライフアザードリームスGB,"￥4,300","￥4,500代",0,,堀尾健一郎,函館次郎|堀尾健一郎|小木曽一公|石川和男|菊地雄治|長倉政章,堀尾健一郎|山田耕司|服部桂介,田廻弘志,山田耕司|堀尾健一郎,北上一三,
1999-08-06,3,7,SLG,ハドソン,ポケットファミリーGB2,"￥3,980","￥4,000代",0,,,,,,,,
1999-08-06,2,7,SLG,ビクターインタラクティブソフトウェア,牧場物語GB2,"￥3,980","￥4,000代",0,,,,和田康宏|まつやまいぐさ,,,和田康宏,
1999-08-10,3,7,SPT,任天堂,マリオゴルフGB,"￥3,800","￥4,000代",0,,,,,,,,
1999-08-13,2,6,ETC,ジャレコ,Get虫'倶楽部みんなの昆虫大図鑑,"￥4,400","￥4,500代",0,,,,,,,,
1999-08-13,3,6,SPT,エポック社,JリーグエキサイトステージGB,"￥3,980","￥4,000代",0,,,,,,,,
1999-08-13,2,6,ADV,ケムコ,シャドウゲイトリターン,"￥3,980","￥4,000代",0,,デヴィッド・マーシュ|カール・ローロフス,,,,,スコット・バーフィールド,
1999-08-27,2,6,SLG,コンパイル,ぷよぷよ外伝ぷよウォーズ,"￥3,980","￥4,000代",0,,,,,ナオト・インティライミ(作詞・作曲),,,
1999-08-27,2,6,TBL,アルトロン,バックギャモン,"￥3,980","￥4,000代",0,,,,,,,,
1999-09-03,2,7,ETC,パック・イン・ソフト,まじょっコマリちゃんのきせかえ物語,"￥3,800","￥4,000代",0,,,,,,,,
1999-09-10,2,6,RPG,アトラス,ぐるぐるガラクターズ,"￥4,300","￥4,500代",0,,,,,,,,
1999-09-10,2,6,ACT,スターフィッシュ,テュロック2～時空戦士～,"￥3,980","￥4,000代",0,,,,,,,,
1999-09-23,2,6,RPG,タイトー,かわいいペットショップ物語,"￥3,980","￥4,000代",0,,,,,,,,
1999-09-23,2,7,RPG,エニックス,ドラゴンクエスト1・2,"￥4,900","￥5,000代",0,,,,堀井雄二|鳥山明,すぎやまこういち,堀井雄二,青海亮太,
1999-09-24,1,4,ETC,イマジニア,合格ボーイシリーズ■いアタマを●くする。国語バトル編,"￥2,680","￥2,500代",0,,,,,,,,
1999-10-01,3,6,RAC,キッド,フロントロウ,"￥3,980","￥4,000代",0,,,,,,,,
1999-10-01,2,6,SLG,バンプレスト,スーパーロボット大戦リンクバトラー,"￥4,500","￥4,500代",0,,,,,,,,
1999-10-08,2,6,TBL,ツクダオリジナル,オセロミレニアム,"￥3,980","￥4,000代",0,,,,,,,,
1999-10-08,3,6,SPT,ボトムアップ,スーパーリアルフィッシング,"￥4,500","￥4,500代",0,,,,,,,,
1999-10-08,2,6,RPG,バンプレスト,格闘料理伝説ビストロレシピ激闘フードバトル編,"￥3,980","￥4,000代",0,,,,,,,,
1999-10-14,3,6,RAC,スパイク,V-RALLYチャンピオンシップエディション,"￥3,980","￥4,000代",0,,,,,,,,
1999-10-15,2,7,ADV,エポック社,シルバニアファミリー～おとぎの国のペンダント～,"￥3,980","￥4,000代",0,,,,,,吉田秋生,,
1999-10-15,3,6,ADV,ケムコ,ディジャブ1＆2TheCasebooksofAceHarding,"￥3,980","￥4,000代",0,,,,,,,,
1999-10-15,3,6,RAC,エム・ティー・オー,ポケットGT,"￥3,980","￥4,000代",0,,,,,高野寛|福廣秀一朗(リバイバル),遊川和彦|菅良幸|山岡潤平(リバイバル),安藤和久|河西秀幸|田端綾子,
1999-10-21,2,7,RPG,コナミ,銃鋼戦記バレットバトラー,"￥4,500","￥4,500代",0,,,,,,,,
1999-10-22,2,6,SLG,タム,アクアライフ,"￥3,980","￥4,000代",0,,,,,,,,
1999-10-22,3,6,PZL,タイトー,クイックスアドベンチャー,"￥3,980","￥4,000代",0,,,,,,,,
1999-10-22,3,7,SLG,アテナ,夜光虫GB,"￥3,800","￥4,000代",0,,,,,,,,
1999-10-29,3,6,RPG,スターフィッシュ,ウィザードリィエンパイア,"￥3,980","￥4,000代",0,,,,,,,,
1999-10-29,2,6,PZL,イマジニア,ウェットリスGB,"￥3,980","￥4,000代",0,,,,,,,,
1999-10-29,2,7,SPT,キッド,ゴルフだいすき！Let'sPlayGOLF,"￥3,980","￥4,000代",0,,,,,,,,
1999-10-29,2,7,SLG,ジョルダン,ハムスター倶楽部,"￥3,980","￥4,000代",0,,,,,,,,
1999-10-29,2,7,RPG,イマジニア,メダロット2パーツコレクション,"￥3,980","￥4,000代",0,,,,,,,,
1999-11-05,1,4,ETC,イマジニア,合格ボーイシリーズ■いアタマを●くする。理科バトル編,"￥2,680","￥2,500代",0,,,,,,,,
1999-11-05,2,5,PZL,メディアファクトリー,コラムスGB～手塚キャラクターズ～,"￥3,800","￥4,000代",0,,,,,,,,
1999-11-12,2,6,STG,エポック社,R-TYPEDX,"￥3,980","￥4,000代",0,,,,,,,,
1999-11-12,3,6,PZL,カプコン,テトリスアドベンチャーすすめミッキーと仲間たち,"￥3,800","￥4,000代",0,,,,,,,,
1999-11-21,2,6,RPG,任天堂,ポケットモンスター金,"￥3,800","￥4,000代",353,,田尻智|増田順一(サブディレクター),渡辺哲也|森本茂樹|玉田荘介|太田健程,田尻智|西野弘二|森本茂樹|増田順一|松島賢二|杉森建|藤原基史|森本茂樹|にしだあつこ|吉田宏信|斉藤むねお|太田敏|吉川玲奈|奥谷順|岩下明日香|渡辺哲也,増田順一|一之瀬剛,松宮稔展|松島賢二,出石武宏|川口孝司|石原恒和|山内溥,
1999-11-21,2,6,RPG,任天堂,ポケットモンスター銀,"￥3,800","￥4,000代",364,,,,,,,,
1999-11-25,2,6,ETC,コナミ,ビートマニアGB2ガッチャミックス,"￥4,300","￥4,500代",0,,,,,,,,
1999-11-25,2,6,ETC,コナミ,筋肉番付GB～挑戦者はキミだ！～,"￥4,500","￥4,500代",0,,,,,,,,
1999-11-26,3,6,ACT,アルトロン,リトルマジック,"￥3,980","￥4,000代",0,,,,,,,,
1999-12-03,2,6,TBL,バンプレスト,ザ・グレイトバトルPOCKET,"￥3,980","￥4,000代",0,,,,,,,,
1999-12-03,2,6,ETC,ピノチオ,それいけ！アンパンマン不思議なニコニコアルバム,"￥4,300","￥4,500代",0,,,,,,,,
1999-12-10,2,4,PZL,BPS,スーパーボンブリスDX,"￥3,980","￥4,000代",0,,,,,,,,
1999-12-10,3,7,RPG,ボトムアップ,グランデュエル～深きダンジョンの秘宝～,"￥4,500","￥4,500代",0,,,,,,,,
1999-12-10,3,8,SPT,スターフィッシュ,スーパーブラックバス～リアル・ファイト～,"￥4,500","￥4,500代",0,,,,,,,,
1999-12-10,2,6,TBL,エム・ティー・オー,みんなの将棋-初級編-,"￥3,980","￥4,000代",0,,,,,,,,
1999-12-10,2,6,RPG,バンプレスト,格闘料理伝説ビストロレシピ～決闘★ビストガルム編～,"￥3,980","￥4,000代",0,,,,,,,,
1999-12-10,3,8,SLG,サイバーフロント,電車でGO！,"￥4,200","￥4,000代",0,,,,,,,,
1999-12-16,2,7,RPG,コナミ,がんばれゴエモン～もののけ道中飛び出せ鍋奉行！～,"￥4,500","￥4,500代",0,,堀江浩司,堂前嘉樹|片岡健一|中塚公彦,堀江浩司|片岡健一|難波和宏|叶地規代子,戸島壮太郎|岩切剛丈,,蛭子悦延,
1999-12-17,2,6,ETC,コーエー,スウィートアンジェ,"￥3,980","￥4,000代",0,,,,,,,,
1999-12-17,3,6,RAC,ケムコ,トップギア・ポケット2,"￥4,200","￥4,000代",0,,,,,,,,
1999-12-17,2,6,TBL,ボトムアップ,ポケットカラー麻雀,"￥3,980","￥4,000代",0,,,,,,,,
1999-12-17,3,7,ACT,ハドソン,ボンバーマンMAX-闇の戦士-,"￥3,980","￥4,000代",0,,,,,,,,
1999-12-17,3,7,ACT,ハドソン,ボンバーマンMAX-光の勇者-,"￥3,980","￥4,000代",0,,,,,,,,
1999-12-17,2,6,TBL,カルチャーブレーン,女流雀士に挑戦GB～私達に挑戦してネ！,"￥3,980","￥4,000代",0,,,,,,,,
1999-12-22,2,6,TBL,BOSSコミュニケーションズ,パチンコ必勝ガイドデータの王様,"￥4,980","￥5,000代",0,,"Anton Prydatko(Guy)","Anton Prydatko|Alexander J. Lin|Matthew Dale|Michael Miko","Character Design :|シエラ|Visual Design :|Anton Prydatko(Guy)|Sound Design :|ak+q|N²|Design Support :|Khronetic",,,"Anton Prydatko(Guy)",
1999-12-22,3,6,ACT,カルチャーブレーン,飛龍の拳烈伝GB,"￥3,980","￥4,000代",0,,,,,,,,
1999-12-22,2,6,TBL,ボトムアップ,ポケットカラートランプ,"￥3,980","￥4,000代",0,,,,,,,,
1999-12-23,2,6,TBL,スターフィッシュ,ハリウッドピンボール,"￥3,980","￥4,000代",0,,,,,,,,
1999-12-24,2,6,ETC,トミー,踊る天才ペット！DancingFurby,"￥3,980","￥4,000代",0,,,,,,,,
1999-12-24,3,6,ACT,カルチャーブレーン,スーパーチャイニーズファイターEX,"￥3,900","￥4,000代",0,,,,,,,,
1999-12-24,3,6,TBL,ボトムアップ,ポケットカラービリヤード,"￥3,980","￥4,000代",0,,,,,,,,
1999-12-24,2,7,SLG,テクモ,モンスターファームバトルカードGB,"￥3,980","￥4,000代",0,,,,,,,,
1999-12-24,2,6,RPG,ハドソン,ロボットポンコッツ月バージョン,"￥3,980","￥4,000代",0,,,,,,,,
1999-12-24,2,6,RPG,カプコン,爆走戦記メタルウォーカーGB～鋼鉄の友情～,"￥4,300","￥4,500代",0,,,,,,,,
1999-12-24,3,7,TBL,キングレコード,機動戦艦ナデシコルリルリ麻雀,"￥3,980","￥4,000代",0,,,,,,,,
1999-12-25,2,6,PZL,Jウィング,倉庫番伝説光と闇の国,"￥4,300","￥4,500代",0,,,,,,,,
1999-12-25,2,6,AVG,コナミ,おわらいよゐこのげえむ道～オヤジ探して三丁目～,"￥4,500","￥4,500代",0,,,,,,,,
2000-01-01,2,6,ACT,サンソフト,ダフィーダックすべってころんで大金持ち,"￥3,980","￥4,000代",0,,,,,,,,
2000-01-08,2,7,RPG,イマジニア,エリーのアトリエGB～ザールブルグの妖精錬金術師,"￥4,500","￥4,500代",0,,,,,,,,
2000-01-08,2,7,RPG,イマジニア,マリーのアトリエGB～ザールブルグの妖精錬金術師,"￥4,500","￥4,500代",0,,,,,,,,
2000-01-15,2,7,RPG,イマジニア,ジャックの大冒険～大魔王の逆襲～,"￥3,980","￥4,000代",0,,,,,,,,
2000-01-27,3,6,SPT,コナミ,ハイパーオリンピックウィンター2000,"￥4,500","￥4,500代",0,,,,,,,,
2000-01-28,3,6,ACT,任天堂,ドンキーコングGBディンキーコング＆ディクシーコング,"￥3,800","￥4,000代",0,,,マーク・ウィルソン,アンドリュー・コラード|ポール・ウェイバー|マーク・スティーヴンソン,イーブリン・フィッシャー|デビッド・ワイズ,,アンドリュー・コラード,
2000-01-28,2,6,SLG,MTO,なかよしペットシリーズ1かわいいハムスター,"￥3,980","￥4,000代",0,,浅沼穣,五反田義治,則本真樹|MEIMU,桜庭統,五反田義治,山岸功典,
2000-02-04,3,7,RPG,メディアファクトリー,Bビーダマン爆外伝Vファイナル・メガ・チューン,"￥3,980","￥4,000代",0,,,,,,,,
2000-02-11,2,6,PZL,Jウィング,語楽王TANGO！,"￥3,980","￥4,000代",0,,,,,,,,
2000-02-18,3,6,SPT,タム,ポケットビリヤードファンクthe9ボール,"￥3,980","￥4,000代",0,,,,,,,,
2000-02-18,2,6,TBL,カルチャーブレーン,本格対戦将棋『歩』,"￥3,900","￥4,000代",0,,,,,,,,
2000-02-21,2,7,RPG,任天堂,トレード＆バトルカードヒーロー,"￥3,800","￥4,000代",0,,,,,,,,
2000-02-24,3,6,RAC,ビデオシステム,F-1WORLDGRANDPRIXforGAMEBOYCOLORII,"￥4,300","￥4,500代",0,,,,,,,,
2000-02-25,3,6,RPG,カルチャーブレーン,プロ麻雀「兵」GB2,"￥3,900","￥4,000代",0,,,,,,,,
2000-02-25,3,6,ACT,サンソフト,メタファイトEX,"￥3,980","￥4,000代",0,,東谷浩明,のうつよし|やすだてつのり,KOBEBEAR,すだあきら,,浅田明弘,
2000-02-25,3,7,RPG,コーエー,メタモード,"￥4,500","￥4,500代",0,,,きただゆきひろ|古澤正紀|夏目哲宏,徳永清孝|内藤亜希子|上田聡子|こだまきこ|たはらともみ|はぬまあん|藤真つかさ,本間雅明|スタジオクリシェ,,後藤彰|うえのしょうぞう,
2000-02-25,3,6,TBL,カルチャーブレーン,本格花札GB,"￥4,500","￥4,500代",0,,,,,,,,
2000-02-25,2,6,AVG,バンプレスト,名探偵コナンからくり寺院殺人事件,"￥4,500","￥4,500代",0,,,,,,,,
2000-03-08,2,6,SLG,エポック社,ドラえもんメモリーズのび太の想い出大冒険,"￥3,980","￥4,000代",0,,,,,,,,
2000-03-08,2,7,TBL,イマジニア,メダロット・カードロボトル(カブトバージョン),"￥3,980","￥4,000代",0,,,,,,,,
2000-03-08,2,7,TBL,イマジニア,メダロット・カードロボトル(クワガタバージョン),"￥3,980","￥4,000代",0,,,,,,,,
2000-03-08,2,8,STG,Jウィング,突撃！パッパラ隊,"￥4,500","￥4,500代",0,,,,小林ゆかり,増田隆宣,,,
2000-03-08,3,7,SLG,エポック社,プロ野球シミュレーションポケットプロ野球,"￥3,980","￥4,000代",0,,,,,,,小沢健二,
2000-03-17,1,6,ETC,イマジニア,合格ボーイGOLD■いアタマを●くする。国語算数理科社会常識の書,"￥3,800","￥4,000代",0,,,,,,,,
2000-03-17,1,6,ETC,イマジニア,合格ボーイGOLD■いアタマを●くする。国語算数理科社会難問の書,"￥3,800","￥4,000代",0,,,,,,,,
2000-03-17,3,7,ETC,アスキー,RPGツクールGB,"￥4,800","￥5,000代",0,,,,,,,,
2000-03-17,2,6,ETC,エポック社,シルバニアメロディー～森の仲間と踊りましょ！～,"￥3,980","￥4,000代",0,,,,,,,,
2000-03-17,2,6,PZL,カプコン,パズループ,"￥3,800","￥4,000代",0,,,よしむらみつお|赤石昭宏,赤石昭宏,,,,
2000-03-17,3,7,SLG,アトラス,ハムスターパラダイス2(ちゅー),"￥3,980","￥4,000代",0,,,,,,,,
2000-03-17,3,7,SPT,Jウィング,ポケットプロレスパーフェクトレスラー,"￥3,980","￥4,000代",0,,,,,,,,
2000-03-17,3,7,STG,エポック社,マクロス7-銀河のハートを奮わせろ！-,"￥3,980","￥4,000代",0,,,,,,,,
2000-03-21,3,7,ACT,任天堂,ワリオランド3不思議なオルゴール,"￥3,800","￥4,000代",0,,細川豪彦,山中勝|山野勝也|尾崎亘洋|香月良昇,清武博二|真下雅彦|上田正二|平野勲|佐野伸也,石川こずえ,,出石武宏,
2000-03-23,3,6,ACT,コナミ,サイボーグクロちゃん～デビル復活！！～,"￥4,500","￥4,500代",0,,,,,,,,
2000-03-24,3,7,ACT,シスコンエンタテイメント,Disney'sTARZAN,"￥4,300","￥4,500代",0,,,,,,,,
2000-03-24,2,7,SLG,タイトー,さるパンチャー,"￥3,980","￥4,000代",0,,,,,,,,
2000-03-24,2,6,ACT,ビクターインタラクティブソフトウェア,じゃがいぬくん,"￥3,800","￥4,000代",0,,,,,,,,
2000-03-24,2,6,SLG,エム・ティー・オー,なかよしペットシリーズ2かわいいウサギ,"￥3,980","￥4,000代",0,,,,,,,大沢伸一,
2000-03-24,3,8,ACT,ユービーアイソフト,レイマンミスター・ダークの罠,"￥4,200","￥4,000代",0,,,,,,,,
2000-03-24,2,6,RPG,タカラ,爆球連発！！スーパービーダマン激誕！ライジングヴァルキリー！！,"￥4,500","￥4,500代",0,,,,,,,,
2000-03-30,3,7,ACT,コナミ,バトルフィッシャーズ,"￥4,500","￥4,500代",0,,,,,,,,
2000-03-30,2,7,SPT,コナミ,パワクロクンポケット2,"￥4,500","￥4,500代",0,,藤岡謙治,井上秀登|西川直樹|宮岡宏司,藤岡謙治|前川恵一,坂倉雄一|砂子純子|佐藤直之|とよはらさいこ,,赤田勲,
2000-03-30,3,6,ETC,コナミ,ポップンミュージックGB,"￥4,300","￥4,500代",0,,,,,,,,
2000-03-31,3,6,SPT,アテナ,トリックボーダーGP,"￥3,800","￥4,000代",0,,,,,,,,
2000-03-31,2,6,RPG,コンパイル,アルルの冒険まほうのジュエル,"￥4,200","￥4,000代",0,,,,,,,,
2000-03-31,3,6,SPT,ボトムアップ,スノボーチャンピオン,"￥3,980","￥4,000代",0,,,,,,,,
2000-03-31,3,6,TBL,サンソフト,必殺パチンコBOYCRモンスターハウス,"￥3,980","￥4,000代",0,,,,,,,,
2000-03-31,2,6,ADV,バンプレスト,名探偵コナン奇岩島秘宝伝説,"￥4,500","￥4,500代",0,,,,,,,,
2000-04-07,3,8,ACT,Jウィング,VSレミングス,"￥4,500","￥4,500代",0,,,,,,,,
2000-04-13,2,6,RPG,コナミ,遊戯王モンスターカプセルGB,"￥4,500","￥4,500代",0,,,,,,,,
2000-04-14,2,6,TBL,ギャップス,聖牌伝説,"￥2,800","￥3,000代",0,,石井浩一,吉枝悟,北瀬佳範|大橋悟朗|渋谷員子,伊藤賢治,北瀬佳範,,
2000-04-21,2,6,TBL,タカラ,DXモノポリーGB,"￥3,980","￥4,000代",0,,,,,,,,
2000-04-21,3,6,SLG,ギャップス,バーガーパラダイスインターナショナル,"￥2,980","￥3,000代",0,,,,,,,,
2000-04-21,3,6,ACT,ケムコ,バックスバニークレイジーキャッスル4,"￥3,980","￥4,000代",0,,,,,,,,
2000-04-27,3,7,ACT,コナミ,メタルギアGhostBabel,"￥4,500","￥4,500代",0,,,,,,,,
2000-04-28,2,7,RPG,Jウィング,ディノブリーダー4,"￥4,800","￥5,000代",0,,くれやまと,まつながちえみ|山本哲也,"永島三人|ロボロフスキー|舟橋正恭|ZA-ZA KOBAYASHI","NIKAIUTA UOH",,,
2000-04-28,3,6,TBL,小学館プロダクション,ドラえもんのクイズボーイ,"￥3,800","￥4,000代",0,,,,,,,,
2000-04-28,2,5,PZL,アルトロン,パズルボブル4,"￥3,800","￥4,000代",0,,,,,,,,
2000-04-28,3,6,SLG,カルチャーブレーン,フェレット物語ディア・マイ・フレンド,"￥3,980","￥4,000代",0,,,,,,,,
2000-04-28,2,6,PZL,エクシング・エンターテイメント,ロードランナードムドム団のやぼう,"￥3,980","￥4,000代",0,,,,,,,,
2000-04-28,2,6,ETC,エム・ティー・オー,漢字deパズル,"￥4,280","￥4,500代",0,,,,,,,,
2000-04-28,2,6,ETC,ヘクト,競馬場へ行こう！ワイド,"￥3,980","￥4,000代",0,,,,,,,常田大希,
2000-04-28,2,6,ACT,バイオックス,大工の源さん～カチカチのトンカチがカチ～,"￥3,980","￥4,000代",0,,,,,,,"Max Matsuura",
2000-04-28,2,6,TBL,童,麻雀女王,"￥3,980","￥4,000代",0,,,,,,,,
2000-05-19,2,6,ETC,スターフィッシュ,ゲームコンビニ21,"￥3,980","￥4,000代",0,,,,,,,,
2000-05-26,2,6,ACT,ジョルダン,タイトーメモリアルバブルボブル,"￥3,980","￥4,000代",0,,,,,,,,
2000-05-26,2,6,RAC,ジョルダン,タイトーメモリアルCHASEH.Q.,"￥3,980","￥4,000代",0,,,,,,,,
2000-06-02,3,7,RPG,ハドソン,大貝獣物語ポヨンのダンジョンルーム2,"￥3,980","￥4,000代",0,,,,,,,,
2000-06-10,2,7,TBL,イマジニア,ビックリマン2000チャージングカードGB,"￥3,980","￥4,000代",0,,,,,,,,
2000-06-15,3,8,RPG,コナミ,ハンター×ハンター～ハンターの系譜～,"￥4,500","￥4,500代",0,,,,,,,,
2000-06-29,2,5,PZL,ナムコ,ミスタードリラーGB版,"￥3,800","￥4,000代",0,,,,,,,,
2000-06-30,2,6,ETC,エム・ティー・オー,おじゃる丸～満願神社は縁日でおじゃる！～,"￥4,280","￥4,500代",0,,,,,,,,
2000-06-30,3,7,ACT,サンソフト,ムーミンの大冒険,"￥3,980","￥4,000代",0,,,,,,,,
2000-06-30,3,7,TBL,アテナ,井出洋介の麻雀教室GB,"￥3,800","￥4,000代",0,,,,,,,,
2000-06-30,2,6,ETC,Jウィング,漢字BOY2,"￥4,800","￥5,000代",0,,,,,,,,
2000-07-06,3,7,SPT,コナミ,ワールドサッカーGB2000,"￥4,500","￥4,500代",0,,,,,,,,
2000-07-13,3,7,SPT,コナミ,がんばれ！ニッポン！オリンピック2000,"￥4,500","￥4,500代",0,,,,,,,,
2000-07-13,3,8,TBL,コナミ,遊戯王デュエルモンスターズ3三聖戦神降臨,"￥4,500","￥4,500代",0,,,,,,,,
2000-07-14,3,7,ADV,トミー,あつめてあそぶくまのプーさんもりのたからもの,"￥3,980","￥4,000代",0,,,,,,,,
2000-07-14,3,6,TBL,タム,いつでもパチンコGBCRモンスターハウス,"￥3,980","￥4,000代",0,,,,,,,,
2000-07-14,2,7,TBL,サクセス,おじゃる丸～月夜が池のたからもの～,"￥3,980","￥4,000代",0,,,,,,,,
2000-07-14,2,7,RPG,アスミック,ドカボン！？ミレニアムクエスト,"￥3,980","￥4,000代",0,,,,,,,,
2000-07-19,2,6,RPG,コナミ,サバイバルキッズ2～脱出！双子島～,"￥4,500","￥4,500代",0,,,,,,,,
2000-07-19,2,6,ACT,イマジニア,ディアダニエルののスウィートアドベンチャー～キティちゃんをさがして～,"￥3,980","￥4,000代",0,,,,,,,,
2000-07-19,2,6,ACT,イマジニア,ハローキティのスウィートアドベンチャー～ダニエル君にあいたい～,"￥3,980","￥4,000代",0,,,,,,,,
2000-07-21,2,6,SPT,ナウプロダクション,データナビプロ野球,"￥4,300","￥4,500代",0,,,,,,,,
2000-07-21,3,6,RAC,キッド,爆走デコトラ伝説GBスペシャル男度胸の天下統一,"￥3,980","￥4,000代",0,,,,,,,,
2000-07-23,3,8,RPG,イマジニア,メダロット3カブトバージョン,"￥4,300","￥4,500代",0,,,,,,小山内美江子・清水有生ほか,竹之下寛次,
2000-07-23,3,8,RPG,イマジニア,メダロット3クワガタバージョン,"￥4,300","￥4,500代",0,,,,,,小山内美江子・清水有生ほか,竹之下寛次,
2000-07-27,3,8,ETC,プライムシステム,水木しげるの新・妖怪伝,"￥4,800","￥5,000代",0,,,,,,,,
2000-07-28,3,8,ADV,メディアファクトリー,サクラ大戦GB檄・花組入隊！,"￥4,800","￥5,000代",0,,,,,,,,
2000-07-28,3,7,TBL,Jウィング,華欄虎龍学園～花札・麻雀～,"￥4,800","￥5,000代",0,,,,,,,,
2000-08-03,3,7,ACT,コナミ,ダンスダンスレボリューションGB,"￥4,800","￥5,000代",0,,,,,,,,
2000-08-04,2,7,RPG,トミー,ゾイド邪神復活！～ジェノブレイカー編～,"￥4,500","￥4,500代",0,,,,,,,,
2000-08-04,2,7,RPG,マイクロキャビン,ソウルゲッター～放課後冒険RPG～,"￥3,980","￥4,000代",0,,,,,,,,
2000-08-04,3,7,RPG,メディアファクトリー,ぞくぞくヒーローズ,"￥5,980","￥6,000代",0,,中潟憲雄,むらおしんいち|むらかみひろはる,とこよだようじ|樫本学ヴ,高濱祐輔|八鍬斉|堀江睦男|金光健司,三条陸,平林久和,
2000-08-04,2,8,RPG,Jウィング,ダンジョンセイバー,"￥4,800","￥5,000代",0,,菊地宏,高見初秋,菊地宏|おおつきべるの,足立美奈子,,菊地宏,
2000-08-04,3,7,RPG,ビクターインタラクティブソフトウェア,ぬし釣りアドベンチャーカイトの冒険,"￥4,200","￥4,000代",0,,,,,,,,
2000-08-04,3,7,STG,マイクロキャビン,マジカルチェイスGB～見習い魔法使い賢者の谷へ～,"￥3,480","￥3,500代",0,,,,,,,,
2000-08-04,3,7,ADV,マーベラスエンターテイメント,ラブひなポケット,"￥4,200","￥4,000代",0,,,,,,,,
2000-08-10,2,7,ACT,コナミ,筋肉番付GB2～目指せ！マッスルチャンピオン～,"￥4,500","￥4,500代",0,,,,,,,,
2000-08-11,3,6,SPT,アルトロン,K.O.-ザ・プロ・ボクシング-,"￥4,500","￥4,500代",0,,,,,,,,
2000-08-11,3,6,ACT,ケムコ,トゥイーティ世界一周80匹のネコをさがせ！,"￥4,200","￥4,000代",0,,,,,,,,
2000-08-11,2,7,ETC,アトラス,谷村ひとし流パチンコ攻略大作戦ドン・キホーテが行く,"￥4,500","￥4,500代",0,,,,,,,,
2000-08-11,3,6,SLG,エム・ティー・オー,なかよしペットシリーズ3かわいい仔犬,"￥3,980","￥4,000代",0,,,,,,,,
2000-08-11,3,7,RAC,タカラ,パーフェクトチョロQ,"￥3,980","￥4,000代",0,,,,,,,,
2000-08-11,3,7,RPG,ハドソン,ベイブレードFIGHTINGTOURNAMENT,"￥3,980","￥4,000代",0,,,,,,,,
2000-08-11,2,6,ADV,ダズ,海底伝説！！トレジャーワールド,"￥3,980","￥4,000代",0,,,,,,,,
2000-08-11,2,6,SPT,ナツメ,所さんの世田谷カントリークラブ,"￥3,980","￥4,000代",0,,,,,,,,
2000-08-18,3,4,TBL,ポニーキャニオン,実践役に立つ詰碁,"￥3,980","￥4,000代",0,,,,,,,,
2000-08-23,3,6,ACT,任天堂,コロコロカービィ,"￥4,500","￥4,500代",0,,鈴木利明,笠松栄弘|西川英治|能登英司|幸田清|鈴木ゆかり,井沢圭子,前川琢也|尾崎裕一|米政美,,上村雅之|谷口和彦,
2000-09-07,3,6,ETC,コナミ,ポップンミュージックGBアニメーションメロディ,"￥4,500","￥4,500代",0,,,,,,,,
2000-09-08,3,6,ETC,任天堂,とっとこハム太郎ともだち大作戦でちゅ,"￥3,800","￥4,000代",0,,,,,,,,
2000-09-21,3,7,PZL,任天堂,ポケモンでパネポン,"￥3,800","￥4,000代",0,,,,,,,,
2000-09-22,2,6,PZL,ジョルダン,ハムスター倶楽部あわせてチュー,"￥3,980","￥4,000代",0,,,,,,,,
2000-09-22,3,7,SLG,ナグザット,ぼくのキャンプ場,"￥3,980","￥4,000代",0,,,,,,,,
2000-09-22,3,6,PZL,コンパイル,ぽけっとぷよぷよ～ん,"￥3,980","￥4,000代",0,,,,,,,,
2000-09-28,3,7,ETC,コナミ,ビートマニアGBガッチャミックス2,"￥4,500","￥4,500代",0,,,,,,,,
2000-09-29,3,6,ACT,アルトロン,エレベーターアクションEX,"￥4,500","￥4,500代",0,,,,,,,,
2000-09-29,3,6,ADV,レイアップ,ゴン太のおきらく大冒険,"￥3,980","￥4,000代",0,,,,,,,"Max Matsuura",
2000-09-29,2,6,STG,タイトー,スペースインベーダーX,"￥3,980","￥4,000代",0,,,西角友宏,西角友宏,亀井道行,,,
2000-09-29,3,6,ACT,テクモ,ソロモン,"￥4,300","￥4,500代",0,,,,,,,,
2000-09-29,2,6,PZL,ナグザット,パズルデショーブヨ！ウータマちゃん,"￥3,800","￥4,000代",0,,,,,,,,
2000-09-29,3,7,TBL,キングレコード,新世紀エヴァンゲリオン麻雀補完計画,"￥3,980","￥4,000代",0,,,,,,,,
2000-09-29,3,7,SLG,ビクターインタラクティブソフトウェア,牧場物語GB3ボーイ・ミーツ・ガール,"￥4,200","￥4,000代",0,,,,和田康宏|まつやまいぐさ,,,和田康宏,
2000-10-06,3,7,ETC,エム・ティー・オー,カードキャプターさくら～友枝小学校大運動会～,"￥4,280","￥4,500代",0,,,,,,,,
2000-10-06,3,6,ETC,ヴィアール・ワン,スーパードール・リカちゃんきせかえ大作戦,"￥4,300","￥4,500代",0,,,,,,,,
2000-10-19,3,6,ACT,コナミ,サイボーグクロちゃん2～ホワイトウッズの逆襲～,"￥4,500","￥4,500代",0,,,,,,,,
2000-10-20,2,6,ACT,カプコン,ロックマンXサイバーミッション,"￥3,980","￥4,000代",0,,大小原宏治,,岡村志野|宮原健一|安藤恵介,梶野俊夫|前田早織,,三並達也,
2000-10-21,2,7,ADV,任天堂,怪人ゾナー,"￥3,800","￥4,000代",0,,,,,,,,
2000-10-27,1,6,ETC,イマジニア,合格ボーイGOLD■いアタマを●くする。立体平面図形の達人,"￥3,800","￥4,000代",0,,,,,,,,
2000-10-27,3,7,SLG,アルトロン,JETでGO！LET'SGOBYAIRLINER,"￥4,500","￥4,500代",0,,,,,,,,
2000-11-01,3,7,SPT,任天堂,マリオテニスGB,"￥3,800","￥4,000代",0,,高橋秀五,沼屋賢司,高橋宏之|高橋秀五|橋本充|三上雅史|木村明仁|松永かおり|さかもとひでとし|橋本昌之,桜庭統,,波多野信治|高橋宏之|高橋秀五,
2000-11-03,2,7,RPG,スマイルソフト,携帯電獣テレファングスピードバージョン,"￥4,700","￥4,500代",0,,,,,,,,
2000-11-03,2,7,RPG,スマイルソフト,携帯電獣テレファングパワーバージョン,"￥4,700","￥4,500代",0,,,,,,,,
2000-11-03,3,6,SPT,Jウィング,血と汗と涙の高校野球,"￥4,800","￥5,000代",0,,,,,,,,
2000-11-10,2,7,RPG,ナムコ,テイルズオブファンタジアなりきりダンジョン,"￥4,500","￥4,500代",0,,鈴木G健一,,藤島康介(キャラクターデザイン),田村信二|桜庭統|会田敏樹,新免G之進,横山茂|岡本進一郎,
2000-11-16,3,7,ETC,コナミ,DanceDanceRevolutionGB2,"￥4,800","￥5,000代",0,,,,,,,,
2000-11-17,2,7,RPG,アトラス,真・女神転生デビルチルドレン赤の書,"￥4,300","￥4,500代",0,,,,,,,,
2000-11-17,2,7,RPG,アトラス,真・女神転生デビルチルドレン黒の書,"￥4,300","￥4,500代",0,,,,,,,,
2000-11-17,3,8,RPG,エニックス,ドキドキ伝説魔法陣グルグル,"￥5,900","￥6,000代",0,,,,加瀬政広,中村暢之,衛藤ヒロユキ,,
2000-11-21,3,7,RPG,任天堂,かくれんぼバトルモンスタータクティクス,"￥3,800","￥4,000代",0,,,,,,,,
2000-11-22,3,6,ETC,コナミ,ポップンミュージックGBディズニーチューンズ,"￥4,500","￥4,500代",0,,,,,,,,
2000-11-22,3,6,ACT,コナミ,グリンチ,"￥4,500","￥4,500代",0,,,,,,,,
2000-11-22,3,6,SLG,コナミ,エアフォースデルタ,"￥4,300","￥4,500代",0,,,,,,,,
2000-11-23,3,6,ACT,タム,それいけ！アンパンマン～5つの塔の王様～,"￥4,500","￥4,500代",0,,,,,,,,
2000-11-23,3,7,RPG,エニックス,コマンドマスター,"￥5,900","￥6,000代",0,,,,,,,,
2000-11-24,3,7,RPG,イマジニア,メダロット3パーツコレクションZからの超線状,"￥4,300","￥4,500代",0,,,,,,,,
2000-11-24,2,6,SLG,バンプレスト,仙界異聞録準提大戦～TVアニメーション「仙界伝封神演義」より～,"￥3,980","￥4,000代",0,,,,,,,,
2000-11-30,3,6,ACT,コナミ,ハムナプトラ～失われた砂漠の都～,"￥4,300","￥4,500代",0,,,,,ジェリー・ゴールドスミス,スティーヴン・ソマーズ,,
2000-12-01,3,8,ACT,ユービーアイソフト,ドナルドダックデイジーを救え,"￥4,300","￥4,500代",0,,,,,,,,
2000-12-01,3,6,ADV,トミー,スーパーミメルGBミメルベアのハッピーメールタウン,"￥3,980","￥4,000代",0,,,,,,,,
2000-12-01,3,7,RPG,サンライズインタラクティブ,GBハロボッツ,"￥4,800","￥5,000代",0,,,,,,,,
2000-12-01,3,7,RPG,角川書店,六門天外モンコレナイトGB,"￥4,300","￥4,500代",0,,,,,,,,
2000-12-02,3,8,SLG,NECインターチャネル,Piaキャロットへようこそ！！2.2,"￥5,300","￥5,500代",0,,,,,あり,,,
2000-12-07,3,8,TBL,コナミ,遊戯王デュエルモンスターズ4最強決闘者戦記遊戯デッキ,"￥4,800","￥5,000代",0,,,,,,,,
2000-12-07,3,8,ETC,コナミ,遊戯王デュエルモンスターズ4最強決闘者戦記海馬デッキ,"￥4,800","￥5,000代",0,,,,,,,,
2000-12-07,3,8,ETC,コナミ,遊戯王デュエルモンスターズ4最強決闘者戦記城之内デッキ,"￥4,800","￥5,000代",0,,,,,,,,
2000-12-08,3,6,ETC,ビデオシステム,だぁ！だぁ！だぁ！とつぜん☆カードでバトルで占いで！？,"￥4,500","￥4,500代",0,,,,,,,,
2000-12-08,3,9,SLG,サイバーフロント,電車でGO！2,"￥5,200","￥5,000代",0,,,,,,,,
2000-12-08,2,7,TBL,キングレコード,でじこの麻雀パーティ,"￥3,980","￥4,000代",0,,,,,,,,
2000-12-08,3,8,RPG,エニックス,ドラゴンクエスト3そして伝説へ・・・,"￥6,400","￥6,500代",0,,,,,,,,
2000-12-14,3,7,RPG,任天堂,ポケットモンスタークリスタルバージョン,"￥3,800","￥4,000代",244,,田尻智|増田順一(サブディレクター),渡辺哲也|森本茂樹|玉田荘介|太田健程,田尻智|西野弘二|森本茂樹|増田順一|松島賢二|杉森建|藤原基史|森本茂樹|にしだあつこ|吉田宏信|斉藤むねお|太田敏|吉川玲奈|奥谷順|岩下明日香|渡辺哲也,増田順一|一之瀬剛,松宮稔展|松島賢二,出石武宏|川口孝司|石原恒和|山内溥,
2000-12-15,3,6,SLG,エム・ティー・オー,なかよしクッキングシリーズ1おいしいケーキ屋さん,"￥3,980","￥4,000代",0,,,,,,,,
2000-12-15,2,7,RPG,ナムコ,攻めCOMダンジョンドルルルアーガ,"￥4,500","￥4,500代",0,,,,,,,,
2000-12-15,2,8,SLG,ジョルダン,ハムスター倶楽部2,"￥4,300","￥4,500代",0,,,,,,,,
2000-12-15,3,8,SLG,アトラス,ハムスターパラダイス3ちゅりー,"￥4,300","￥4,500代",0,,,,,,小山内美江子・清水有生ほか,竹之下寛次,
2000-12-16,2,7,ADV,バンプレスト,金田一少年の事件簿～10年目の招待状～,"￥4,500","￥4,500代",0,,,,,,,,
2000-12-20,3,6,ETC,小学館/エポック社,ドラえもんのスタディボーイ九九ゲーム,"￥3,980","￥4,000代",0,,,,,,,,
2000-12-21,3,6,ACT,コナミ,がんばれゴエモン～星空士ダイナマイッツあらわる！！～,"￥4,800","￥5,000代",0,,カワミナミケイタ,柳原秀紀|森岳徳|前川公輝|永田正規|村上真吾,カワミナミケイタ|笹倉敦|林彰吾|松岡美和,冨田朋也,,蛭子悦延|カワミナミケイタ,
2000-12-22,3,6,PZL,タイトー,パズルボブルミレニアム,"￥4,200","￥4,000代",0,,,,田中日香里,Hajime,モリ・マサ,,
2000-12-22,3,7,ADV,エポック社,シルバニアファミリー2色づく森のファンタジー,"￥3,980","￥4,000代",0,,,,,,,,
2000-12-22,3,6,RPG,スターフィッシュ,ウィザードリィエンパイア～復活の杖～,"￥3,980","￥4,000代",0,,,,,,,,
2000-12-22,2,7,RPG,タイトー,かわいいペットショップ物語2,"￥4,200","￥4,000代",0,,,,,,,,
2000-12-22,3,8,RPG,ハドソン,グランディアパラレルトリッパーズ,"￥4,500","￥4,500代",0,,,,,,,,
2001-01-01,3,7,RPG,ハドソン,桃太郎伝説1→2,"￥4,300","￥4,500代",0,,さくまあきら(ゲーム監督)|浦敏治|駒井一夫,塩本正悟(メインプログラム),土居孝幸,関口和之|宮路一昭,,中本伸一,
2001-01-01,3,8,SLG,Jウィング,あにまるぶり～だ～4,"￥4,800","￥5,000代",0,,,,,,,,
2001-01-12,3,6,ETC,小学館/エポック社,ドラえもんのスタディボーイ学習漢字ゲーム,"￥3,980","￥4,000代",0,,,,,,,,
2001-01-21,3,8,ACT,任天堂,ドンキーコング2001,"￥3,800","￥4,000代",0,,ティム・スタンパー,クリス・サザーランド|ブレンダン・ガン,グレッグ・メイレス|スティーヴ・メイルズ|ケヴィン・ベイリス|マーク・スティーヴンソン,デヴィッド・ワイズ|イーブリン・フィッシャー|ロビン・ビーンランド,,,
2001-01-26,3,7,RPG,タカラ,ブレイブサーガ新章アスタリア,"￥4,800","￥5,000代",0,,,,,,,,
2001-01-26,3,7,ADV,マーベラスエンターテイメント,ラブひなパーティー,"￥4,500","￥4,500代",0,,,,,,,,
2001-02-02,3,6,ACT,コーエー,サムライキッド,"￥3,980","￥4,000代",0,,,,,,,,
2001-02-08,3,7,ETC,コナミ,おはスタDanceDanceRevolutionGB,"￥4,800","￥5,000代",0,,,,,,,,
2001-02-09,3,7,RPG,イマジニア,へろへろくん,"￥4,800","￥5,000代",0,,皆川博信,,かみやたかひろ,,,光澤嘉一朗|河村直哉,
2001-02-09,3,6,TBL,アテナ,勝負師伝説哲也新宿天運編,"￥4,700","￥4,500代",0,,,,,,,,
2001-02-15,3,7,ETC,コナミ,DanceDanceRevolutionGB3,"￥4,800","￥5,000代",0,,,,,,,,
2001-02-16,3,6,PZL,ジョルダン,ポップンポップ,"￥3,800","￥4,000代",0,,,,,,,,
2001-02-16,3,6,SLG,エム・ティー・オー,なかよしペットシリーズ4かわいい仔猫,"￥4,200","￥4,000代",0,,,,,,,,
2001-02-22,3,8,SPT,コナミ,筋肉番付GB3～新世紀サバイバル列伝！～,"￥4,800","￥5,000代",0,,,,,,,,
2001-02-23,3,6,ACT,アルトロン,フロントライン～TheNextMission～,"￥4,200","￥4,000代",0,,,,,,,,
2001-02-23,2,7,SLG,ナムコ,ポケットキング,"￥4,500","￥4,500代",0,,,,,,,,
2001-02-23,3,7,TBL,メディアファクトリー,スーパーロボットピンボール,"￥4,500","￥4,500代",0,,,,,,,,
2001-02-23,3,6,RPG,アスキー,ウィザードリィ,"￥4,500","￥4,500代",0,,,,,,,,
2001-02-23,3,6,RPG,アスキー,ウィザードリィIIリルガミンの遺産,"￥4,500","￥4,500代",0,,,,,,,,
2001-02-23,3,6,RPG,アスキー,ウィザードリィIIIダイアモンドの騎士,"￥4,500","￥4,500代",0,,,,,,,,
2001-02-23,2,6,ETC,カプコン,笑う犬の冒険SILLYGOLUCKY！,"￥4,300","￥4,500代",0,,,,,,,,
2001-02-27,3,6,ACT,任天堂,ゼルダの伝説ふしぎの木の実～大地の章～,"￥3,800","￥4,000代",0,,藤林秀麿,,藤林秀麿|中野祐輔,貞清弘|足立美奈子|近藤浩治,曽田博久|宮下隼一|酒井直行,船水紀孝|岡本吉起|宮本茂(ゼネラルプロデューサー)|山内博,
2001-02-27,3,6,ACT,任天堂,ゼルダの伝説ふしぎの木の実～時空の章～,"￥3,800","￥4,000代",0,,藤林秀麿,,藤林秀麿|中野祐輔,貞清弘|足立美奈子|近藤浩治,曽田博久|宮下隼一|酒井直行,船水紀孝|岡本吉起|宮本茂(ゼネラルプロデューサー)|山内博,
2001-02-27,3,8,ETC,クリーチャーズ,ちっちゃいエイリアン,"￥4,800","￥5,000代",0,,,,,,,,
2001-03-02,3,6,RPG,タイトー,ザ・ブラックオニキス,"￥4,500","￥4,500代",0,,,ボブ・ラザフォード|小林孝志|リチャード・チャールズ・ロジャース|坂本隆志,ヘンク・ブラウアー・ロジャース|ハンス・ヤンセン,,松方哲也,,
2001-03-09,2,7,ETC,アルファドリーム,コトバトル天外の守人,"￥4,500","￥4,500代",0,,,,,,,,
2001-03-09,3,7,ADV,マーベラスエンターテイメント,無敵王トライゼノン,"￥4,300","￥4,500代",0,,,,あらいずみるい(原案)|宮田奈保美|中原れい,川井憲次,ガンジス企画室,,
2001-03-09,2,8,RPG,エニックス,ドラゴンクエストモンスターズ2マルタのふしぎな鍵ルカの旅立ち,"￥6,400","￥6,500代",157,,,,,,,,
2001-03-15,3,6,RAC,コナミ,ウディウッドペッカーのゴー！ゴー！レーシング,"￥4,500","￥4,500代",0,,,,"Steven Green|Jonathan Green|David Bland","Matt Furniss",,"Derek Poon|Eveline Cureteau",
2001-03-16,3,7,RPG,イマジニア,スペースネットコスモレッド,"￥4,800","￥5,000代",0,,,,,,,,
2001-03-16,3,7,RPG,イマジニア,スペースネットコスモブルー,"￥4,800","￥5,000代",0,,,,,,,,
2001-03-16,2,6,RPG,エポック社,ドラえもんきみとペットの物語,"￥4,300","￥4,500代",0,,,,,,,,
2001-03-23,3,8,RPG,イマジニア,メダロット4カブトバージョン,"￥4,500","￥4,500代",0,,,,,,,,
2001-03-23,3,8,RPG,イマジニア,メダロット4クワガタバージョン,"￥4,500","￥4,500代",0,,,,,,,,
2001-03-23,3,6,ETC,Jウィング,幻想魔伝最遊記砂漠の四神,"￥4,980","￥5,000代",0,,,,,,,,
2001-03-23,3,7,SLG,"ビクターインタラクティブソフトウェア ",きせかえシリーズ2おしゃれ日記,"￥4,200","￥4,000代",0,,,,,,,,
2001-03-23,3,6,RPG,アスク/ポリゴンマジック,忍たま乱太郎忍術学園に入学しようの段,"￥4,500","￥4,500代",0,,,,,,,,
2001-03-28,3,7,ETC,ポケモン,ポケモンカードGB2GR団参上！,"￥3,900","￥4,000代",0,,,,,,,,
2001-03-29,3,7,ETC,コナミ,DanceDanceRevolutionGBディズニーミックス,"￥4,800","￥5,000代",0,,,,,,,,
2001-03-30,3,6,ACT,イマジニア,ハローキティとディアダニエルのドリームアドベンチャー,"￥4,500","￥4,500代",0,,,,,,,,
2001-03-30,3,6,ACT,カプコン,ストリートファイターアルファ,"￥4,300","￥4,500代",0,,,,,,,,
2001-03-30,1,6,ETC,イマジニア,合格ボーイGOLD■いアタマを●くする。整数小数分数単位計算の達人,"￥3,800","￥4,000代",0,,,,,,,,
2001-03-30,1,6,ETC,イマジニア,合格ボーイGOLD■いアタマを●くする。読み書き筆順熟語漢字の達人,"￥3,800","￥4,000代",0,,,,,,,,
2001-03-30,3,7,RPG,メヒアファクトリー,アニマスターGB,"￥3,980","￥4,000代",0,,,,,,,,
2001-04-12,2,8,RPG,エニックス,ドラゴンクエストモンスターズ2マルタのふしぎな鍵イルの冒険,"￥6,400","￥6,500代",157,,,,,,,,
2001-04-12,3,8,RPG,ゲームビレッジ,クロスハンター～エックス・ハンターバージョン～,"￥4,800","￥5,000代",0,,,,,,,,
2001-04-12,3,8,RPG,ゲームビレッジ,クロスハンター～トレジャー・ハンターバージョン～,"￥4,800","￥5,000代",0,,,,,,,,
2001-04-12,3,8,RPG,ゲームビレッジ,クロスハンター～モンスター・ハンターバージョン～,"￥4,800","￥5,000代",0,,,,,,,,
2001-04-12,3,6,ACT,コナミ,ハンター×ハンター～禁断の秘宝～,"￥4,500","￥4,500代",0,,,,,,,,
2001-04-13,3,6,ADV,タム,おいでラスカル,"￥4,500","￥4,500代",0,,,,,,,,
2001-04-20,3,6,SLG,エム・ティー・オー,なかよしクッキングシリーズ(2)おいしいパン屋さん,"￥4,200","￥4,000代",0,,,,,,,,
2001-04-21,3,7,ADV,任天堂,とっとこハム太郎2ハムちゃんず大集合でちゅ,"￥3,800","￥4,000代",0,,,,,,,,
2001-04-21,0,0,?,任天堂,ゴルフランド(未発売),?,#VALUE!,0,,,,,,,,
2001-04-27,3,6,ETC,J・ウイング,ぐるぐるタウンはなまるくん,"￥4,980","￥5,000代",0,,,,二宮常雄,安西史孝|はなまる楽団,すぎやままさこ,,
2001-04-27,3,8,TBL,エルフ,雀級生コスプレ★パラダイス,"￥4,800","￥5,000代",0,,,,,,,,
2001-04-27,2,8,RPG,バンプレスト,FromTVanimationONEPIECE夢のルフィ海賊団誕生！,"￥4,500","￥4,500代",0,,,,,,,,
2001-04-27,3,6,ACT,サクセス,X-MENMUTANTACADEMY,"￥3,980","￥4,000代",0,,,,,,,,
2001-04-27,3,7,TBL,タカラ,DX人生ゲーム,"￥4,500","￥4,500代",0,,,,,,,,
2001-04-27,3,6,ACT,サクセス,スパイダーマン,"￥3,980","￥4,000代",0,,,,,,,,
2001-04-27,3,6,SLG,エム・ティー・オー,なかよしペットシリーズ(5)かわいいハムスター2,"￥4,200","￥4,000代",0,,,,,,,,
2001-05-01,3,8,SPT,任天堂,モバイルゴルフ,"￥5,800","￥6,000代",0,,,,,,,,
2001-05-25,2,8,ETC,メディアファクトリー,DTLordsofGenomes,"￥4,500","￥4,500代",0,,遠藤雅伸,,遠藤雅伸|一圓光太郎|松本まゆみ(キャラクター原画)|遠藤雅伸(グラフィック),,一圓光太郎(テキスト),,
2001-06-01,2,7,ADV,バンプレスト,名探偵コナン～呪われた航路～,"￥4,500","￥4,500代",0,,,,,,,,
2001-06-15,3,7,RPG,トミー,ZOIDS～白銀の獣機神ライガーゼロ～,"￥4,500","￥4,500代",0,,,,,,,,
2001-06-20,3,6,SPT,"アンフォグラム ハドソン",スヌーピーテニス,"￥4,300","￥4,500代",0,,,,,,,,
2001-06-28,2,8,RPG,エニックス,スターオーシャンブルースフィア,"￥5,800","￥6,000代",0,,,,,,,,
2001-06-29,3,6,SLG,エム・ティー・オー,なかよしクッキングシリーズ(3)楽しいお弁当,"￥4,200","￥4,000代",0,,,,,,,,
2001-06-29,3,7,ETC,カプコン,ガイアマスターDUELカードアタッカーズ,"￥4,300","￥4,500代",0,,,,,,,,
2001-07-12,3,6,ETC,コナミ,ネットでゲットミニゲーム@100,"￥5,800","￥6,000代",0,,,,,,,,
2001-07-13,3,6,SLG,ナウプロダクション,データナビプロ野球2,"￥4,300","￥4,500代",0,,,,,,,,
2001-07-19,3,7,ETC,アスキー,つりいこっ！！,"￥4,500","￥4,500代",0,,,,,,,,
2001-07-19,3,8,RPG,チュンソフト,不思議のダンジョン風来のシレンGB2砂漠の魔城,"￥4,500","￥4,500代",0,,長畑成一郎,板野英史,丸田康司|長谷川薫|小泉冬彦,すぎやまこういち|松尾早人,冨江慎一郎,中村光一,
2001-07-19,3,6,ACT,カプコン,ロックマンX2ソウルイレイザー,"￥3,980","￥4,000代",0,,大小原宏治,荒川惣太郎|田中健吾|中川大洋|やすはらよしのぶ|弥富英樹|篠原雅嗣,岡村志野|戸田勝己|安藤恵介,梶野俊夫|高野充彦,,中嶋浩二|三並達也,
2001-07-20,3,7,SLG,TDKコア,マクドナルド物語ほのぼの店長育成ゲーム,"￥4,500","￥4,500代",0,,,,,,,,
2001-07-20,3,7,SPT,エポック社,Jリーグエキサイトステージタクティクス,"￥4,300","￥4,500代",0,,,,,,,,
2001-07-20,3,8,ETC,エンターブレイン,うちゅう人田中太郎でRPGツクールGB2,"￥5,200","￥5,000代",0,,,,,,,,
2001-07-26,3,8,ETC,コナミ,超GALS！寿蘭,"￥4,800","￥5,000代",0,,,,楠本祐子|田中比呂人,七瀬光,藤井みほな,,
2001-07-27,3,7,ADV,TDKコア,花より男子AnotherLoveStory,"￥4,500","￥4,500代",0,,,,,,,,
2001-07-27,3,7,RPG,アトラス,真・女神転生デビルチルドレン白の章,"￥4,500","￥4,500代",0,,,,,,,,
2001-07-27,3,7,RPG,エンターブレイン,真・女神転生トレーディングカードサマナー,"￥5,200","￥5,000代",0,,,,,,,,
2001-07-27,3,7,ADV,ブロッコリー,爆転シュートベイブレード,"￥4,800","￥5,000代",0,,,,,,,,
2001-07-30,3,7,RPG,Jウィング,昆虫博士3,"￥4,980","￥5,000代",0,,,,,,,,
2001-07-31,3,7,RPG,ハドソン,桃太郎伝説1→2HUDSONTHEBEST,"￥2,800","￥3,000代",0,,,,,,,,
2001-08-10,3,7,PZL,プライムシステム,ニセモンパズルdaモンフェロモン救出大作戦！,"￥4,800","￥5,000代",0,,,,,,,,
2001-08-10,3,7,TBL,イマジニア,バッドばつ丸ロボバトル,"￥4,500","￥4,500代",0,,,,,,,,
2001-08-10,3,6,TBL,エポック社,ちびまる子ちゃんご町内みんなでゲームだよ！,"￥4,300","￥4,500代",0,,,,,,,,
2001-08-24,3,8,ETC,Jウィング,ポケットクッキング,"￥4,800","￥5,000代",0,,,,,,,,
2001-08-30,3,6,SLG,ハドソン,ゲームボーイウォーズ3,"￥3,800","￥4,000代",0,,,,,,,,
2001-09-07,3,7,RPG,タイトー,エストポリス伝記～よみがえる伝説～,"￥4,800","￥5,000代",0,,,,,,,,
2001-09-14,3,7,SLG,サクセス,全日本少年サッカー大会めざせ日本一,"￥4,800","￥5,000代",0,,,,,,,,
2001-09-17,3,7,ETC,ジャガーインターナショナルコーポレーション,マリオファミリー(ジャガーミシン刺しゅう専用ソフト),"￥6,800","￥7,000代",0,,,,,,,,
2001-09-21,3,7,ETC,ジョルダン,ハムスター倶楽部おしえまチュー,"￥4,300","￥4,500代",0,,,,,,,,
2001-09-28,3,8,SLG,アトラス,ハムスターパラダイス4,"￥4,500","￥4,500代",0,,,,,,,,
2001-09-30,3,6,ETC,タム,きかんしゃトーマスソドーとうのなかまたち,"￥4,500","￥4,500代",0,,,,,,,,
2001-10-12,3,7,SLG,イマジニア,激走！ダンガンレーサー,"￥4,600","￥4,500代",0,,,,,,,,
2001-10-26,2,7,ADV,ビクターインタラクティブソフトウェア,ドキ×ドキさせて！！,"￥4,200","￥4,000代",0,,,,,,,,
2001-11-01,3,8,RPG,コナミ,仰天人間バトシーラードクトル・ガイの野望,"￥4,800","￥5,000代",0,,,,,,,,
2001-11-02,3,7,RPG,スマイルソフト,ネットワーク冒険記バグサイト・アルファバージョン,"￥4,800","￥5,000代",0,,,,,,,,
2001-11-02,3,7,RPG,スマイルソフト,ネットワーク冒険記バグサイト・ベータバージョン,"￥4,800","￥5,000代",0,,,,,,,,
2001-11-16,3,6,SLG,エム・ティー・オー,なかよしクッキングシリーズ(4)たのしいデザート,"￥4,200","￥4,000代",0,,,,,"ミュージックビデオ 「On Your Mark」 - YouTube ライブ映像 「On Your Mark」(CONCERT TOUR 2004 two-five) - YouTube",,"CHAGE&ASKA|GO YAMAZATO",
2001-11-22,3,6,RAC,シスコンエンタテイメント,チキチキマシン猛レース,"￥3,600","￥3,500代",0,,,,,"Hoyt Curtin","Larz Bourne Dalton Sandifer Tom Dagenais Michael Maltese","ウィリアム・ハンナ ジョセフ・バーベラ",
2001-12-01,3,8,ACT,エレクトロニック・アーツ・スクウェア,ハリー・ポッターと賢者の石,"￥4,800","￥5,000代",0,,,,,,,,
2001-12-06,3,8,ADV,セガ,サクラ大戦GB2サンダーボルト作戦,"￥4,800","￥5,000代",0,,,,,,,,
2001-12-13,3,7,"ADV   ",ハドソン,ミニー＆フレンズ夢の国をさがして,"￥4,800","￥5,000代",0,,,,,,,,
2001-12-14,3,7,ACT,シスコンエンタテイメント,LOONEYTUNESCOLLECTORマーシャンクエスト！,"￥4,500","￥4,500代",0,,,,,,,,
2001-12-14,3,8,RPG,イマジニア,メダロット5すすたけ村の転校生カブトバージョン,"￥4,800","￥5,000代",0,,,,,,,,
2001-12-14,3,8,RPG,イマジニア,メダロット5すすたけ村の転校生クワガタバージョン,"￥4,800","￥5,000代",0,,,,,,,,
2001-12-14,3,7,ACT,シスコンエンタテイメント,ルーニー・テューンズコレクターマーシャンクエスト！,"￥3,700","￥3,500代",0,,,,,,,,
2001-12-21,3,6,SLG,キラット,わたしのキッチン,"￥3,980","￥4,000代",0,,,,,,,,
2001-12-21,3,8,RPG,キングレコード,シャーマンキング超・占事略決ふんばり編,"￥3,980","￥4,000代",0,,,,,,,,
2001-12-21,3,8,RPG,キングレコード,シャーマンキング超・占事略決メラメラ編,"￥3,980","￥4,000代",0,,,,,,,,
2001-12-21,3,7,ETC,ビクター,きせかえハムスター,"￥4,200","￥4,000代",0,,,,,,,,
2001-12-21,3,7,ADV,エポック社,シルバニアファミリー3～星ふる夜のすなどけい～,"￥4,300","￥4,500代",0,,,,,,,,
2001-12-24,2,4,TBL,ポニーキャニオン,将棋3,"￥4,800","￥5,000代",0,,,,,,,,
2002-02-07,3,8,PZL,コナミ,超GALS！寿蘭2ミラクル→ゲッティング,"￥4,800","￥5,000代",0,,,,,,,,
2002-02-21,3,7,"ADV   ",ハドソン,Dr.リンにきいてみて！恋のリン風水！,"￥3,980","￥4,000代",0,,,,,,,,
2002-03-01,1,0,ETC,IEインスティテュート,合格ボーイシリーズ■いアタマを●くする。算数バトル編スペシャルエディション,"￥2,680","￥2,500代",0,,,,,,,,
2002-03-01,1,0,ETC,IEインスティテュート,合格ボーイシリーズ■いアタマを●くする。社会バトル編スペシャルエディション,"￥2,680","￥2,500代",0,,,,,,,,
2002-03-01,1,0,ETC,IEインスティテュート,合格ボーイシリーズ■いアタマを●くする。国語バトル編スペシャルエディション,"￥2,680","￥2,500代",0,,,,,,,,
2002-03-01,1,0,ETC,IEインスティテュート,合格ボーイシリーズ■いアタマを●くする。理科バトル編スペシャルエディション,"￥2,680","￥2,500代",0,,,,,,,,
2002-03-01,1,0,ETC,IEインスティテュート,合格ボーイGOLD■いアタマを●くする。国語算数理科社会常識の書スペシャルエディション,"￥3,800","￥4,000代",0,,,,,,,,
2002-03-02,3,8,ETC,エム・ティー・オー,ハローキティのハッピーハウス,"￥4,500","￥4,500代",0,,,,,,,,
2002-03-08,3,8,RPG,タイトー,モン★スタートラベラー,"￥4,300","￥4,500代",0,,豊田巧,みきや|堀正明,生頼範義|ろた公,服部克久,さとうようこ,,
2002-03-29,3,6,ETC,オメガ・プロジェクト,あざらし戦隊イナズマ～どきどき大作戦！？～,"￥3,980","￥4,000代",0,,,,,,,,
2002-03-29,3,7,ACT,カプコン,バイオハザード外伝,"￥4,200","￥4,000代",0,,,キーロン・ウィーラー,ティム・ハル|加藤弘喜|ステファン・バーネット,シャヒード・アーマッド,加藤弘喜,サラ・トンプソン,
2002-04-05,3,8,SLG,エム・ティー・オー,なかよしクッキングシリーズ(5)こむぎちゃんのケーキをつくろう！,"￥4,200","￥4,000代",0,,,,,,,,
2002-04-18,3,7,SLG,グローバル・A・エンタテインメン,冒険！ドンドコ島,"￥4,300","￥4,500代",0,,,,,,,,
2002-04-26,3,6,SLG,キラット,わたしのレストラン,"￥3,980","￥4,000代",0,,,,,,,,
2002-06-28,2,8,RPG,バンプレスト,FromTVanimationONEPIECE幻のグランドライン冒険記！,"￥4,500","￥4,500代",0,,,,,,,,
2002-07-26,3,7,SLG,デジタルキッズ,昆虫ファイターズ,"￥4,200","￥4,000代",0,,,,,,,,
2002-08-09,3,7,ETC,バンプレスト,ドラゴンボールZ伝説の超戦士たち,"￥4,500","￥4,500代",0,,,,,,,,
2002-08-09,3,8,ETC,カルチャーブレーン,ハムスター物語GB+マジハームの魔法少女,"￥3,980","￥4,000代",0,,,,,,,,
2002-10-04,3,6,ETC,小学館/エポック社,ドラえもんのクイズボーイ2,"￥3,980","￥4,000代",0,,,,,,,,
2003-06-05,3,8,ETC,Jウィング,漢字BOY3,"￥4,980","￥5,000代",0,,,,,,,,
2003-07-18,3,6,ETC,小学館/エポック社,ドラえもんのスタディボーイかんじよみかきマスター,"￥3,980","￥4,000代",0,,,,,,,,
2003-09-01,1,0,ETC,IEインスティテュート,合格ボーイGOLD■いアタマを●くする。整数小数分数単位計算の達人スペシャルエディション,"￥3,800","￥4,000代",0,,,,,,,,
2003-12-01,1,0,ETC,IEインスティテュート,合格ボーイGOLD■いアタマを●くする。整数小数分数単位漢字の達人スペシャルエディション,"￥3,800","￥4,000代",0,,,,,,,,
2004-01-01,2,6,PZL,サンソフト,上海Pocketカラー,?,?,0,,,,,,,,
2004-01-01,1,1,?,イマジニア,内祝兄弟神技のパズルゲーム,非売品,非売品,0,,,,,,,,
2004-01-01,2,6,ETC,ジャガーインターナショナルコーポレーション,RakuxRaku-Mishin,?,?,0,,,,,,,,
2004-01-01,2,6,?,ハドソン,ロボットポンコッツコミックボンボンスペシャルバージョン,非売品,非売品,0,,,,,,,,
2004-01-01,3,7,?,ボトムアップ,グランデュエル体験版,非売品,非売品,0,,,,,,,,
2004-01-01,3,7,?,ハドソン,ボンバーマンMAXAINバージョン,非売品,非売品,0,,,,,,,,
2004-01-01,3,7,ETC,任天堂,モバイルトレーナー,?,?,0,,,,,,,,
