発売日,クロスレビュー(評価),価格帯,ジャンル,メーカー,タイトル,シリーズ,ID,カウント,👥クリエイターズ👨‍💼👨‍💻🎨,👨‍💼ディレクター,👨‍💻プログラマー,🎨デザイナー/美術,🎵音楽,📝シナリオ,💼プロデューサー,
1994-11-22,36,"￥7,000代",FTG,セガ,バーチャファイター,-,98,0,,鈴木裕,池淵徹,石井精一,中村隆之,,鈴木裕,
1994-11-22,-,"￥8,000代",-,セガ,ワンチャイコネクション,-,1293,0,,藤田明,中杉功,西村伸明,遠藤浩二,ジェームス三木,佐々木啓|田村進一,
1994-11-22,-,"￥8,000代",-,サンソフト,ミスト,-,1294,0,,,,,,,,
1994-11-22,-,"￥6,000代",-,タイムワーナーインタラクティブ,TAMA,-,99,0,,,,,,,,
1994-11-22,-,-,-,エレクトロニック・アーツ,麻雀悟空天竺,-,1553,0,,,,,,,,
1994-12-02,-,-,-,セガ,ゲイルレーサー,-,1042,0,,,藤乗勝巳,小口久雄,長井和彦,,,
1994-12-02,30,-,ADV,セガ,真説・夢見館扉の奥に誰かが…,-,1295,0,,近藤智宏,,S.S.D.,S.S.D.,,石井洋児|菅野豊,
1994-12-09,-,-,-,セガ,クロックワークナイトペパルーチョの大冒険・上巻,-,100,0,,,,,,,,
1995-01-20,31,-,SPT,セガ,ビクトリーゴール,-,1077,0,,,,,,,,
1995-01-27,-,-,-,セガ,ゴータイスマイリア戦役,-,1143,0,,,,,,,,
1995-02-24,-,-,-,セガ,ペブルビーチゴルフリンクススタドラーに挑戦!,-,1078,0,,,,,,,,
1995-02-24,-,-,-,セガ,ランポRAMPO,-,1296,0,,,,,,,,
1995-02-24,-,-,-,ジャレコ,アイドル雀士スーチーパイスペシャル,-,1554,0,,,,,,,,
1995-02-24,-,-,-,サンソフト,上海万里の長城,-,1601,0,,,,,,,,
1995-03-03,-,-,-,サンソフト,ポポイっとへべれけ,-,1602,0,,,,,,,,
1995-03-10,30,-,SHT,セガ,パンツァードラグーン,-,101,0,,,,,,,,
1995-03-10,-,-,-,アスキー,麻雀巌流島,-,1555,0,,,,,,,,
1995-03-24,-,-,-,セガ,ダイダロス,-,1431,0,,,,,,,,
1995-03-25,-,-,-,コーエー,エミットVol.1時の迷子,-,1297,0,,,,,,,,
1995-03-31,-,-,-,データイースト,サイドポケット2伝説のハスラー,-,1603,0,,,,,,,,
1995-04-01,-,-,-,コーエー,エミットVol.2命がけの旅,-,1298,0,,,,,,,,
1995-04-01,-,-,-,コーエー,エミットVol.3私にさよならを,-,1299,0,,,,,,,,
1995-04-01,30,-,RAC,セガ,デイトナUSA,-,1043,0,,,,,,,,
1995-04-14,-,-,-,アスキー,柿木将棋,-,1540,0,,,,,,,,
1995-04-28,-,-,-,セガ,アイルトン・セナパーソナルトークMessageforthefuture,-,1604,0,,,,,,,,
1995-04-28,-,-,-,セガ,ヴァーチャルハイドライド,-,8,0,,,,,,,,
1995-04-28,-,-,-,セガ,輝水晶伝説アスタル,-,102,0,,清水雅仁,向井田和幸,菅井剛|清水雅仁|林求,前田龍之|幸崎達哉,林求|神子敏康,押谷真,
1995-04-28,-,-,-,コーエー,三國志4,-,1144,0,,,,,長生淳|久保田邦夫,,シブサワ・コウ,
1995-05-19,31,-,SHT,コナミ,極上パロディウスだ!DELUXEPACK,-,1432,0,,,,,,,,
1995-05-26,-,-,-,セガ,完全中継プロ野球グレイテストナイン,-,1079,0,,,,,,,,
1995-05-26,-,-,-,セガ,グランチェイサー,-,103,0,,,,,,,,
1995-05-26,30,-,TBL,セタ,スーパーリアル麻雀P5,-,1556,0,,,,,,,,
1995-06-02,-,-,-,ナグザット,バトルモンスターズ,-,104,0,,,,,,,,
1995-06-09,-,-,-,サンソフト,ゲームの達人,-,1605,0,,,,,,,,
1995-06-16,-,-,-,イマジニア,制服伝説プリティ・ファイターX,-,105,0,,大須賀篤,荻原務,黒田愛美|中村鉄嗣,森彰彦,,飯田祥一,
1995-06-23,-,-,-,カゼ,デジタルピンボールラストグラディエーターズ,-,1606,0,,,,,,,,
1995-06-23,-,-,-,セガ,ブルーシード奇稲田秘録伝,-,9,0,,,,黄瀬和哉|後藤隆幸|高田裕三(原案)|石井明治,川井憲次,荒川稔久(第1巻・第2巻)|村山靖(第3巻),,
1995-06-30,-,-,-,セガ,新・忍伝,-,106,0,,,,,渡辺宙明,村山知義,,
1995-07-07,-,-,-,ギャガ,ダークシード,-,1300,0,,,マイケル・ディマンブロ,マイケル・クランフォード(英語版)|マイク・ドーソン|H・R・ギーガー|ベルント・ブルムベア(英語版),グレゴリー・アルパー|クリス・グレンジャー|デヴィッド・ビーン,マイケル・ホルヴァト,アリー・ミナシアン|マイク・ドーソン|ハーラル・シーリー,
1995-07-07,-,-,-,ゼネラル・エンタテイメント,平成天才バカボンすすめ!バカボンズ,-,1607,0,,,,,,,,
1995-07-14,35,-,FTG,セガ,バーチャファイターリミックス,-,881,0,,鈴木裕,池淵徹,石井精一,中村隆之,,鈴木裕,
1995-07-14,-,-,-,セガ,学校の怪談,-,1301,0,,,,,,,,
1995-07-21,-,-,-,イマジニア,バーチャルバレーボール,-,1080,0,,,,,,,,
1995-07-21,31,-,RPG,セガ,リグロードサーガ,-,10,0,,,,,,,,
1995-07-21,-,-,-,テクノソフト,熱血親子,-,882,0,,,,,,,,
1995-07-28,32,-,ADV,アクレイムジャパン,Dの食卓,-,1302,0,,飯野賢治,林田浩典,立石章三郎,アルカディアスタジオ,飯野賢治,すずきおさみ,
1995-07-28,-,-,-,ソシエッタ代官山,THE野球拳スペシャル今夜は12回戦!!,-,1608,0,,,,,,,,
1995-07-28,32,-,ACT,セガ,クロックワークナイトペパルーチョの大冒険・下巻,-,883,0,,,,,,,,
1995-07-28,-,-,-,ゲームアーツ,ゆみみみっくすREMIX,-,1303,0,,岡部博明,小山洋幸|坂本順一|瀬川佳久|金井秀樹|工藤直樹|渡谷光浩,竹本泉,上條有|國島憲一|松田明男,竹本泉,宮路洋一|上坂哲,
1995-07-28,31,-,SPT,コナミ,実況パワフルプロ野球'95開幕版,-,1081,111,,,,,,,,
1995-08-04,-,-,-,タイムワーナーインタラクティブ,レースドライビン,-,1044,0,,,,,,,,
1995-08-04,-,-,-,マイクロネット,麻雀海岸物語麻雀狂時代セクシーアイドル編,-,1557,0,,,,,,,,
1995-08-11,-,-,-,アスク講談社,アイドル麻雀ファイナルロマンス2,-,1558,0,,,,,,,,
1995-08-11,-,-,-,コーエー,ウイニングポストEX,-,1145,0,,,,,山崎洋一|新井智詞,,シブサワ・コウ,
1995-08-11,32,-,RPG,セガ,シャイニング・ウィズダム,-,12,0,,田口泰宏,田口泰宏|佐藤明子|野原剛|P.E.ジャレス・ハイン|山本豊,梶山弘,武内基朗,,高橋宏之,
1995-08-11,-,-,-,カプコン,ストリートファイターリアルバトルオンフィルム,-,884,0,,河野禎則,,安藤行男|甲斐秀敏,,,,
1995-08-11,-,-,-,カプコン,学校のコワイうわさ花子さんがきた!!,-,1304,0,,,,,,,,
1995-08-11,-,-,-,バンダイ,テレビアニメスラムダンクアイラブバスケットボール,-,1082,0,,,,,,,,
1995-08-11,-,-,-,データイースト,水滸演武,-,885,0,,,秋山宗一|鈴木進一,盛政樹|井下正之|小栗航|金子麻美,酒井省吾|佐藤大平|或磨月|魅素多星系,盛政樹,,
1995-08-11,-,-,-,リバーヒルソフト,卒業2ネオジュネレーション,-,1146,0,,,,,,,,
1995-08-25,-,-,-,サムシンググッド,AI将棋,-,1541,0,,,,,,,,
1995-08-25,-,-,-,ヒューマン,ファイプロ外伝ブレイジングトルネード,-,886,0,,,,,,,,
1995-08-25,-,-,-,テクノソフト,球転界,-,1609,0,,,,,川田宏行,,,
1995-08-25,-,-,-,セガ,魔法騎士レイアース,-,13,0,,,,石田敦子|山根理宏(モンスター)|門之園恵美,松尾早人,CLAMP,,
1995-09-01,-,-,-,イマジニア,実戦麻雀,-,1559,0,,,,,,,,
1995-09-14,32,-,SHT,タイトー,レイヤーセクション,-,1433,0,,阿部幸雄|中村辰男,中村辰男|征矢野伸二|谷口晃|樫野正雄|大山功,中村辰男|阿部幸雄|山下智久|加藤秀幸|山下智久|磯部孝幸|杉谷伸二郎|鯨井洋代|野口泰弘,河本圭代,,阿部幸雄,
1995-09-15,-,-,-,セタ,将棋まつり,-,1542,0,,,,,,,,
1995-09-22,-,-,-,翔泳社,ブレイクスルー,-,1610,0,,,,,,,,
1995-09-22,-,-,-,リバーヒルソフト,ブルー・シカゴ・ブルース,-,1305,0,,,,,,,,
1995-09-22,-,-,-,T&Eソフト,マスターズ遙かなるオーガスタ3,-,1083,0,,横山英二,加藤英治,中島健二,冨田茂,,横山俊朗,
1995-09-22,33,-,SLG,セガ,ワールドアドバンスド大戦略鋼鉄の戦風,-,1147,0,,庄司卓,脇原一雄|百田浩司,佐伯広人,新田勝貴,,押谷眞,
1995-09-29,30,-,ADV,ギャガ,クァンタムゲート1悪夢の序章,-,1306,0,,,,,,,,
1995-09-29,-,-,-,ジャレコ,アイドル雀士スーチーパイリミックス,-,1560,0,,,,,,,,
1995-09-29,-,-,-,セガ,ウイングアームズ華麗なる撃墜王,-,1434,0,,,,,,,,
1995-09-29,-,-,-,セガ,ゴールデンアックス・ザ・デュエル,-,887,0,,,,,,,,
1995-09-29,-,-,-,セガ,シムシティ2000,-,1148,0,,,,,,,,
1995-09-29,-,-,-,タカラ,スチームギアマッシュ,-,888,0,,,,,,,,
1995-09-29,-,-,-,ビクター,メタルファイターMIKU,-,1307,0,,,,本田雄|大橋誉志光(ゲスト),川井憲次,平野靖士|河原ゆうじ,,
1995-09-29,-,-,-,コナミ,永世名人,-,1543,0,,,,,,,,
1995-09-29,-,-,-,コナミ,出たなツインビーヤッホー!デラックスパック,-,1355,0,,,,,,,,
1995-09-29,-,-,-,コーエー,信長の野望天翔記,-,1149,0,,,,,,,,
1995-09-29,-,-,-,ユーメディア,天地無用!魎皇鬼ごくらくCD-ROMforSEGASATURN,-,1611,0,,,,梶島正樹|寺岡賢司|小田武士|崎本さゆり|梶島正樹(オリジナル)|堀内博之|梶島正樹(オリジナル)|辻武司|ヤスダスズヒト(協力)|猪股雅美(アニメーション),平野義久,梶島正樹,,
1995-09-29,-,-,-,アスミック,宝魔ハンターライムパーフェクトコレクション,-,1308,0,,,,,,,,
1995-09-29,-,-,-,イマジニア,魔法の雀士ぽえぽえポエミィ,-,1561,0,,,,,,,,
1995-10-13,-,-,-,サンソフト,ゲームの鉄人THE上海,-,1612,0,,,,,,,,
1995-10-13,-,-,-,セガ,バーチャファイターCGポートレートシリーズVol.1サラ・ブライアント,-,1613,0,,,,,,,,
1995-10-13,-,-,-,セガ,バーチャファイターCGポートレートシリーズVol.2ジャッキー・ブライアント,-,1614,0,,,,,,,,
1995-10-20,-,-,-,セガ,XJAPANVirtualShock001,-,1623,0,,竹内鉄郎|小林基己,チョンミン・シ|シャンハイ・キュイ,泉沢光雄,,,古田嘉一郎,
1995-10-20,-,-,-,ビクター,キング・オブ・ボクシング,-,889,0,,,,,,,,
1995-10-20,-,-,-,エクゼコ・デベロップンメント,サンダーストーム＆ロードブラスター,-,890,0,,,,,,,,
1995-10-20,-,-,-,ソネット,ときめき麻雀パラダイス恋のてんぱいビート,-,1562,0,,,,,,,,
1995-10-27,-,-,-,CRI,占都物語その1,-,1624,0,,,,,,,,
1995-10-27,-,-,-,ギャガ,サイコトロン,-,1309,0,,,,,,,,
1995-10-27,-,-,-,ビクター,アメリカ横断ウルトラクイズ,-,1625,0,,,,,,,"高橋靖二(第12回 - 第16回)|篠崎安雄(第12回・第13回)|城朋子(“今世紀最後”)|※全てCP",
1995-10-27,32,-,SPT,セガ,セガインターナショナルビクトリーゴール,-,1084,0,,,,,,,,
1995-10-27,-,-,-,イマジニア,バーチャルオープンテニス,-,1085,0,,,,,,,,
1995-10-27,-,-,-,セガ,ハングオンGP'95,-,1045,0,,,,,,,,
1995-10-27,-,-,-,コンパイル,ぷよぷよ通,-,1626,0,,,,,,,,
1995-10-27,-,-,-,マイクロキャビン,プリンセスメーカー2,-,1150,0,,,,赤井孝美,梶原正裕,,,
1995-10-27,-,-,-,小学館プロダクション,結婚Marriage前夜,-,1627,0,,,,,,,,
1995-11-02,30,-,RAC,セガ,F-1ライブインフォメーション,-,1824,0,,,,,,,,
1995-11-03,-,-,-,アルトロン,ただいま惑星開拓中!,-,1151,0,,,,,,,,
1995-11-10,-,-,-,セガ,ばくばくアニマル世界飼育係選手権,-,1628,0,,,,,,,,
1995-11-10,-,-,-,アトラス,峠キング・ザ・スピリッツ,-,1825,0,,,,,,,,
1995-11-17,-,-,-,ユービーアイソフト,レイマン,-,1826,0,,,,,,,,
1995-11-17,-,-,-,サンソフト,おーちゃんのお絵かきロジック,-,1629,0,,,,,,,,
1995-11-17,-,-,-,バンダイ,ドラゴンボールZ真武闘伝,-,1827,0,,,,橋本光夫|志田直俊,山本健司,,磯貝健夫,
1995-11-17,-,-,-,エレクトロニック・アーツ,戦略将棋,-,1544,0,,,,,,,,
1995-11-17,-,-,-,セガ,野茂英雄ワールドシリーズベースボール,-,1086,0,,,,,,,,
1995-11-17,-,-,-,セガ,バーチャファイターCGポートレートシリーズVol.3結城晶,-,1615,0,,,,,,,,
1995-11-17,-,-,-,セガ,バーチャファイターCGポートレートシリーズVol.4パイ・チェン,-,1616,0,,,,,,,,
1995-11-22,-,-,-,カプコン,エックスメンチルドレンオブジアトム,-,891,0,,西谷亮,,西谷亮(NIN)|船水紀孝(POO),,,,
1995-11-22,-,-,-,BMGビクター,オフワールド・インターセプターエクストリーム,-,1435,0,,,,,,,,
1995-11-22,-,-,-,サンソフト,ギャラクシーファイトユニバーサル・ウォーリアーズ,-,892,0,,植田祐一,植田祐一|いなばしげたか,喜多綱毅|小山英二|國末竜一|合谷武|福田大輔,洗川真人|佐々木隆行,,,
1995-11-22,-,-,-,エコール,ぱっぱらぱおーん,-,1630,0,,,,,,,,
1995-11-22,-,-,-,ジャレコ,燃えろ!!プロ野球'95ダブルヘッダー,-,1087,0,,,,,,,,
1995-11-24,-,-,-,メディアエンターテイメント,シュトラール秘められし七つの光,-,893,0,,,,,,,,
1995-11-24,-,-,-,セタ,スーパーリアル麻雀グラフィティ,-,1563,0,,,,,,,,
1995-11-24,32,-,SHT,セガ,バーチャコップ,-,1436,0,,,,,,,,
1995-11-24,-,-,-,セタ,金沢将棋,-,1545,0,,,,,,,,
1995-11-24,-,-,-,タカラ,闘神伝S,-,894,0,,,,,,,,
1995-12-01,-,-,-,アクレイムジャパン,NBAジャムトーナメントエディション,-,1088,0,,,,,,,,
1995-12-01,39,-,FTG,セガ,バーチャファイター2,-,895,0,,,,,,,,
1995-12-01,-,-,-,吉本興業,爆笑!!オール吉本クイズ王決定戦DX,-,1631,0,,,,,,,,
1995-12-08,30,-,ACT,セガ,バグ!ジャンプして、ふんづけちゃって、ぺっちゃんこ,-,896,0,,,,,,,,
1995-12-08,-,-,-,タイトー,ハットトリックヒーローS,-,1089,0,,,中村辰男|岩崎雄二|征矢野伸二|ながはらくさご|つねきよこうじ|黒沢孝,こぼりたけし|こぼりたけし|関本努|平松信宏|PEACOCK,小倉久佳|渡部恭久,,,
1995-12-08,-,-,-,ギャガ,ファーザー・クリスマス,-,1310,0,,,,,,,,
1995-12-08,-,-,-,やのまん,日灼けの想い出+姫くりGIRLSINMOTIONPUZZLEVOL.1,-,1632,0,,,,,,,,
1995-12-08,-,-,-,セガ,バーチャファイターCGポートレートシリーズVol.5ウルフ・ホークフィールド,-,1617,0,,,,,,,,
1995-12-08,-,-,-,セガ,バーチャファイターCGポートレートシリーズVol.6ラウ・チェン,-,1618,0,,,,,,,,
1995-12-15,-,-,-,タカラ,DX人生ゲーム,-,1633,0,,,,,,,,
1995-12-15,-,-,-,アトラス,ガンバード,-,1437,0,,頼近直純,杉田敏典|佐藤成希|斎藤詩織|高木慶介,中村博文,泉谷雅樹,山田啓史,丹羽潤一|中村晋介,
1995-12-15,-,-,-,ビック東海,ザ・ハイパーゴルフデビルズコース,-,1090,0,,,,,,,,
1995-12-15,33,-,SHT,タイトー,ダライアス外伝,-,1438,0,,,倉林晶|長山裕|大村直人|原田秀孝,加藤久和|倉林晶|菊池正美|長山裕|大村直人|原田秀孝|土居林太郎|金岡勝美|小倉久佳|石川勝久|加藤久和|菊池正美|松村謙太郎,小倉久佳|石川勝久,,藤原英裕,
1995-12-15,-,-,-,コナミ,ちびまる子ちゃんの対戦ぱずるだま,-,1634,0,,,,,,,,
1995-12-15,-,-,-,データイースト,マジカルドロップ,-,1635,0,,,,,,,,
1995-12-15,-,-,-,イマジニア,海底大戦争,-,1439,0,,,,,菊池俊輔,大津皓一,,
1995-12-15,-,-,-,小学館プロダクション,結婚Marriage,-,1152,0,,,,,,,,
1995-12-15,-,-,-,パック・イン・ビデオ,湾岸デッドヒート,-,1046,0,,,,,,,,
1995-12-15,-,-,-,コーエー,エミットバリューセット,-,1311,0,,,,,,,,
1995-12-15,30,-,ACT,セガ,クロックワークナイトペパルーチョの福袋,-,897,0,,,,,,,,
1995-12-21,-,-,-,グラムス,クォヴァディス,-,1153,0,,清本哲郎,寺井茂|奥野孝一,宮本尚幸|古澤彰一|美樹本晴彦|石黒昇,土師一雄,上原尚子,吉田直人,
1995-12-22,-,-,-,セガ,ゴジラ列島震撼,-,1154,0,,長谷川勝弘|山崎教生,新井利男|柳沢昇,濱田竜伸|池内伸彦|喜多昌直|野口隆一|重村太一,西賢二,,麻生宏|藤沢勉,
1995-12-22,30,-,SLG,エレクトロニック・アーツ,テーマパーク,-,1156,0,,,,,,,,
1995-12-22,-,-,RCG,タイムワーナーインタラクティブ,バーチャレーシングセガサターン,-,1047,0,,,,,,,,
1995-12-22,-,-,-,ヴァージンインタラクティブ,ブラックファイアー,-,1440,0,,,,,,,,
1995-12-22,-,-,-,バンダイ,機動戦士ガンダム,-,1441,0,,,,安彦良和|大河原邦男,渡辺岳夫|松山祐士,星山博之|松崎健一|荒木芳久|山本優|富野喜幸,,
1995-12-22,-,-,-,バンプレスト,北斗の拳,-,898,0,,,,,フランク・ワイルドホーン,高橋亜子,,
1995-12-25,35,-,RPG,アトラス,真・女神転生デビルサマナー,-,11,0,,"[SS]: 岡田耕始|[PSP]: 磯貝正吾",,金子一馬,"[SS]: 増子司|田崎寿子|[PSP]: 山田靖子","[SS]: 伊藤龍太郎","[PSP]: 橋野桂",
1995-12-29,-,-,-,アークシステムワークス,ウィザーズハーモニー,-,1157,0,,,,,,,,
1995-12-29,-,-,-,ヴァージンインタラクティブ,カオスコントロール,-,1442,0,,,,ブルーノ・ボンネル|ジーン・クロード・ラルー,ティエリー・ルイ・キャロン,,,
1995-12-29,36,-,RCG,セガ,セガラリーチャンピオンシップ,-,1054,0,,佐々木建仁,山本宗平,佐々木建仁,光吉猛修,,水口哲也,
1996-01-12,-,-,-,アテナ,プロ麻雀極S,-,1565,0,,,,,,,,
1996-01-12,-,-,-,マイクロネット,麻雀狂時代コギャル放課後編,-,1564,0,,,,,,,,
1996-01-19,-,-,-,サンソフト,必殺パチンココレクション,-,1636,0,,,,,ナオト・インティライミ(作詞・作曲),,,
1996-01-19,-,-,-,データイースト,クリーチャー・ショック,-,1443,0,,,,,,,,
1996-01-26,-,-,-,セガ,バーチャファイターCGポートレートシリーズVol.7舜帝,-,1619,0,,,,,,,,
1996-01-26,-,-,-,セガ,バーチャファイターCGポートレートシリーズVol.8リオン・ラファール,-,1620,0,,,,,,,,
1996-01-26,-,-,-,カプコン,ストリートファイターZERO,-,899,0,,,,,,,,
1996-01-26,-,-,-,テクモ,でろーんでろでろ,-,1637,0,,,,,,,,
1996-01-26,-,-,-,セガ,ガーディアンヒーローズ,-,900,0,,前川正人|長谷川勝弘,右京雅生,菊地徹彦|右京雅生|菊地徹彦|木村幸一,鈴木勝彦|半沢紀雄,木村幸一,麻生宏,
1996-02-02,-,-,-,セガ,NINKU忍空強気な奴等の大激突!,-,901,0,,,,,,,,
1996-02-02,-,-,-,バンダイビジュアル,リターン・トゥ・ゾーク,-,1312,0,,,,,,,,
1996-02-02,-,-,-,メディアクエスト,松方弘樹のワールドフィッシング,-,1091,0,,,,,,,,
1996-02-09,-,-,-,バンダイ,PDウルトラマンリンク,-,1638,0,,,,,,,,
1996-02-09,-,-,-,ユーメディア,天地無用!魅御理温泉湯けむりの旅,-,1313,0,,,,,,,,
1996-02-16,-,-,-,アルトロン,ロボ・ピット,-,902,0,,,,,,,,
1996-02-16,-,-,-,インタープレイ,サイベリア,-,1315,0,,,,,,,,
1996-02-16,-,-,-,バンタンインターナショナル,デスマスク,-,1314,0,,,,,,,,
1996-02-23,31,-,SLG,セガ,Jリーグプロサッカークラブをつくろう!,-,1158,0,,,,,,,,
1996-02-23,-,-,-,セガ,おまかせ!退魔業,-,903,0,,,,,,,,
1996-02-23,-,-,-,博報堂,料理の鉄人キッチンスタジアムツアー,-,1639,0,,,,,,,,
1996-02-23,-,-,-,エレクトロニック・アーツ,アローン・イン・ザ・ダーク2,-,904,0,,,,,,,,
1996-02-23,32,-,FTG,カプコン,ヴァンパイアハンター,-,1823,0,,,,,,,,
1996-02-23,-,-,-,スカイ・シンク・システム,くるりんPA!,-,1640,0,,,,,,,,
1996-02-23,-,-,-,データム・ポリスター,四柱推命ピタグラフ,-,1641,0,,,,,,,,
1996-02-23,-,-,-,ビクター,サンダーホーク2,-,1444,0,,,,,,,,
1996-02-23,-,-,-,ビクター,シーバス・フィッシング,-,1092,0,,,,,,,,
1996-02-23,-,-,-,ヒューマン,ロジック・パズルレインボータウン,-,1642,0,,,,,,,,
1996-02-23,-,-,-,リバーヒルソフト,ハイパー3D対戦バトルゲボッカーズ,-,905,0,,,,,,,,
1996-02-23,-,-,-,コーエー,提督の決断2,-,1159,0,,,,,,,,
1996-03-01,-,-,-,セガ,新世紀エヴァンゲリオン,-,1316,0,,,,"貞本義行|山下いくと 庵野秀明",鷺巣詩郎,庵野秀明,,
1996-03-01,-,-,-,セガ,バーチャファイターCGポートレートシリーズVol.9影丸,-,1621,0,,,,,,,,
1996-03-01,-,-,-,セガ,バーチャファイターCGポートレートシリーズVol.10ジェフリー・マクワイルド,-,1622,0,,,,,,,,
1996-03-01,30,-,SLG,オープンブック9003,ザ・タワー,-,1160,0,,,,,,,,
1996-03-01,-,-,-,ファンハウス,メディアロマンサー浅倉大介,-,1643,0,,,,,,,,
1996-03-01,-,-,-,コーエー,ゴータ2天空の騎士,-,1161,0,,,,,,,,
1996-03-08,-,-,-,BMGビクター,ザ・ホード,-,1162,0,,,,,クリストファー・レナーツ,ヤニック・ダアン|バンジャマン・ロシェ|アルノー・ボルダ|ステファーヌ・モイサキ|ニコラ・プフェーイ,,
1996-03-08,-,-,-,サミー,麻雀ハイパーリアクションR,-,1566,0,,,,,,,,
1996-03-08,-,-,-,パトラ,ロードランナーレジェンドリターンズ,-,906,0,,,,,,,,
1996-03-15,-,-,-,セガ,リンクル・リバー・ストーリー,-,14,0,,,,,,,,
1996-03-15,30,-,SLG,セガ,ワールドアドバンスド大戦略作戦ファイル,-,1163,0,,庄司卓,脇原一雄|百田浩司,佐伯広人,新田勝貴,,押谷眞,
1996-03-15,-,-,-,OZクラブ,毎日替わるクイズ番組クイズ365,-,1644,0,,,,,,,,
1996-03-15,-,-,-,アスク講談社,アイドル麻雀ファイナルロマンスR,-,1567,0,,,,,,,,
1996-03-15,-,-,-,エポック社,ドラえもんのび太と復活の星,-,907,0,,,,,,,,
1996-03-15,-,-,-,エレクトロニック・アーツ,FIFAサッカー96,-,1093,0,,,,,,,,
1996-03-15,-,-,-,カプコン,ストリートファイター2ムービー,-,908,0,,,,,,,,
1996-03-15,-,-,-,キングレコード,フィッシング甲子園,-,1094,0,,,,,,,,
1996-03-15,-,-,-,クレフ,ブレインバトルQ,-,1645,0,,,,,,,,
1996-03-15,31,-,SHT,ゲームアーツ,ガングリフォン,-,1445,0,,,,,,,,
1996-03-15,-,-,-,サンソフト,ゲームの達人2,-,1646,0,,,,,,,,
1996-03-15,-,-,-,ダットジャパン,バーチャルカジノ,-,1647,0,,,,,,,,
1996-03-15,-,-,-,翔泳社,ゾーク・ワン,-,1317,0,,,,,,,,
1996-03-22,35,-,SHT,セガ,パンツァードラグーンツヴァイ,-,1446,0,,,,,,,,
1996-03-22,-,-,-,MIZUKI,ISTOEZICOジーコの考えるサッカー,-,1648,0,,,,,,,,
1996-03-22,-,-,-,アトラス,マイ・ベスト・フレンズst.アンドリュー女学園編,-,1649,0,,,,,,,,
1996-03-22,-,-,-,エレクトロニック・アーツ,ハイオクタン,-,1049,0,,,,,,,,
1996-03-22,-,-,-,データイースト,水滸演武風雲再起,-,909,0,,,,,,,,
1996-03-22,-,-,-,ハドソン,空想科学世界ガリバーボーイ,-,15,0,,芦田豊雄,,芦田豊雄|神志那弘志|工藤誉寿治|井上邦彦,田中公平,広井王子|芦田豊雄,,
1996-03-22,-,-,-,コーエー,ウイニングポスト2,-,1164,0,,,,,タケカワユキヒデ|新井智詞|山崎洋一|楠瀬誠志郎|小西貴雄,,シブサワ・コウ,
1996-03-22,35,-,SPT,セガ,Jリーグビクトリーゴール'96,-,1095,0,,,,,,,,
1996-03-22,-,-,-,コーエー,エアーマネジメント'96,-,1165,0,,,,,岩崎琢,,シブサワ・コウ,
1996-03-28,-,-,-,SNK,ザ・キング・オブ・ファイターズ'95,-,910,0,,,,,,,,
1996-03-29,30,-,SRPG,セガ,ドラゴンフォース,-,16,0,,,,,,,,
1996-03-29,-,-,-,BMGビクター,ゲックス,-,911,0,,,,,,,,
1996-03-29,-,-,-,MIZUKI,ルパン三世ザ・マスターファイル,-,1650,0,,,,,,,,
1996-03-29,-,-,-,アクレイムジャパン,NFLクォーターバッククラブ'96,-,1096,0,,,,,,,,
1996-03-29,-,-,-,アクレイムジャパン,バーチャフォトスタジオ,-,1651,0,,,,,,,,
1996-03-29,-,-,-,アクレイムジャパン,モータルコンバット2完全版,-,912,0,,,,,,,,
1996-03-29,-,-,-,エクシング,ぐっすんおよよS,-,1652,0,,,,,冷牟田卓志,,,
1996-03-29,-,-,-,OCC,ホラーツアー,-,1318,0,,,,,,,,
1996-03-29,-,-,-,コナミ,グラディウスデラックスパック,-,1447,119,,,,,,,,
1996-03-29,-,-,-,コナミ,スナッチャー,-,1319,0,,小島秀夫,足立敏哉,小島秀夫|木下富晴|太田良彦,碇子正広,小島秀夫,桐田富和|春木豊,
1996-03-29,-,-,-,ココナッツジャパン,ワールドカップゴルフイン・ハイアットドラドビーチ,-,1097,0,,,,,,,,
1996-03-29,-,-,-,メイクソフトウェア,麻雀同級生スペシャル,-,1568,0,,,,,,,,
1996-03-29,-,-,-,メサイヤ,超兄貴究極…男の逆襲,-,1448,0,,,,,,,,
1996-03-29,-,-,-,コーエー,アンジェリークスペシャル,-,1166,0,,,,,,,,
1996-03-29,-,-,-,コーエー,三國志英傑伝,-,17,0,,,,,吉田明永,,フクザワ・エイジ,
1996-03-29,-,-,-,コーエー,信長の野望リターンズ,-,1167,0,,,,,,,,
1996-03-29,-,-,-,日本システム,麻雀天使エンジェルリップス,-,1569,0,,,,,,,,
1996-04-05,-,-,-,CRI,2度あることはサンドアール,-,1653,137,,,,,,,,
1996-04-05,-,-,-,キッド,きゃんきゃんバニープルミエール,-,1321,0,,,,,あり,,,
1996-04-05,-,-,-,ギャガ,鉄球TRUEPINBALL,-,1654,0,,,,,,,,
1996-04-05,-,-,-,ゼネラル・エンタテイメント,ゲームウェア第1号,-,1655,0,,,,,,,,
1996-04-05,-,-,-,コーエー,七つの秘館,-,1320,0,,,,,,,,
1996-04-19,-,-,-,BMGビクター,タイタンウォーズ,-,1449,0,,,,,,,,
1996-04-19,-,-,-,サミー,エンジェルパラダイスVol.1坂木優子恋の予感inHollywood,-,1656,0,,,,,,,,
1996-04-19,-,-,-,パイ,大冒険セントエルモスの奇跡,-,18,0,,,上野浩樹|和田博之,渡部浩|小清水史,川崎義博|藤川健,,,
1996-04-19,-,-,-,日本クリエイト,サザンアイズ吸精公主,-,1322,0,,,,,,,,
1996-04-26,31,-,ARPG,セガ,トア精霊王紀伝,-,19,0,,,,,,,,
1996-04-26,-,-,-,アイマックス,アイレムアーケードクラシックス,-,1657,0,,,,,,,,
1996-04-26,-,-,-,アイマックス,爆れつハンター,-,1323,0,,,,後藤圭二,川井憲次,川崎ヒロユキほか,,
1996-04-26,-,-,-,アクレイムジャパン,レボリューションX,-,1450,0,,,,,クリストファー・レナーツ,,アシーナ・ウィッカム|ロバート・M・ウィリアムズ・ジュニア,
1996-04-26,-,-,-,アトラス,首領蜂,-,1451,0,,,,,,,,
1996-04-26,-,-,-,アトラス,真・女神転生デビルサマナー悪魔全書,-,1658,0,,"[SS]: 岡田耕始|[PSP]: 磯貝正吾",,金子一馬,"[SS]: 増子司|田崎寿子|[PSP]: 山田靖子","[SS]: 伊藤龍太郎","[PSP]: 橋野桂",
1996-04-26,-,-,-,ヴァージンインタラクティブ,ゲンウォー,-,1452,0,,,,,,,,
1996-04-26,30,-,ADV,エルフ,野々村病院の人々,-,1324,0,,,,,あり,,,
1996-04-26,-,-,-,カプコン,ロックマンX3,-,913,0,,稲船敬二,,稲船敬二|加治勇人|吉川達哉|小牧信介|伊藤和司,山下絹代,,藤原得郎,
1996-04-26,30,-,TBL,ジャレコ,アイドル雀士スーチーパイ2,-,1570,0,,,,,,,,
1996-04-26,-,-,-,ソフトビジョンインターナショナル,ジョニー・バズーカ,-,914,0,,,,,,,,
1996-04-26,-,-,-,翔泳社,美少女バラエティゲームラピュラスパニック,-,1659,0,,,,,,,,
1996-05-03,-,-,-,ソネット,ときめき麻雀グラフィティ年下の天使たち,-,1571,0,,,,,,,,
1996-05-17,-,-,-,ウイネット,キュービックギャラリー,-,1660,0,,,,,,,,
1996-05-17,-,-,-,セタ,スーパーリアル麻雀P6,-,1572,0,,,,,,,,
1996-05-17,-,-,-,ビクター,慶応遊撃隊活劇編,-,915,0,,,,,,,,
1996-05-24,-,-,-,セガ,セガエイジス宿題がタントアール,-,1662,0,,,,,,,,
1996-05-24,-,-,-,サミー,実戦!パチスロ必勝法!3,-,1663,0,,,,,,,,
1996-05-24,-,-,-,ビング,メタルブラック,-,1453,0,,仙波隆綱,堀崇真|黒木尚也|瀬口隆士,仙波隆綱|堀崇真|黒木尚也|瀬口隆士|溝部久美|渡部恭久|沢木純,渡部恭久,,仙波隆綱,
1996-05-24,-,-,-,メディアクエスト,ライフスケイプ生命40億年はるかな旅,-,1661,0,,,,,,,,
1996-05-24,-,-,-,やのまん,フェーダリメイクエンブレム・オブ・ジャスティス,-,22,0,,,,,,,,
1996-05-31,-,-,-,データイースト,ウィザードリィ6＆7コンプリート,-,20,0,,,,,,,,
1996-05-31,-,-,-,バンダイ,ドラゴンボールZ偉大なるドラゴンボール伝説,-,916,0,,,,,,,,
1996-05-31,-,-,-,マイクロキャビン,ソード＆ソーサリー,-,21,0,,,,,,,,
1996-06-07,-,-,-,タイトー,ダライアス2,-,1454,0,,藤原英裕,大槻朗|中村辰男|廿楽昌志|征矢野伸二,藤原英裕|仙波隆綱|菊池正美|仙波隆綱|加藤久和,小倉久佳,,藤原英裕,
1996-06-07,-,-,-,テクノソフト,ハイパーリヴァーシオン,-,917,0,,,,,,,,
1996-06-07,-,-,-,マルチソフト,デフコン5,-,1455,0,,,,,,,,
1996-06-14,-,-,-,アスク講談社,ビッグ一撃!パチスロ大攻略ユニバーサル・ミュージアム,-,1664,0,,,,,,,,
1996-06-14,-,-,-,イマジニア,犯行写真縛られた少女たちの見たモノは？,-,1325,0,,,,,,,,
1996-06-14,-,-,-,ギャガ,疾風魔法大作戦,-,1456,0,,,外山雄一,横尾憲一|中島和之,本山淳弘,,中島和之,
1996-06-14,-,-,-,ビング,ナイトストライカーS,-,1457,0,,海道賢仁,菅原徹|橋本英樹|つかのとしあき|津森康男|きたばやしたかし,関口忍|のむらあきお,高木正彦,,菅原徹,
1996-06-14,-,-,-,翔泳社/BMGビクター,痛快!!スロット・シューティング,-,1458,0,,,,,,,,
1996-06-28,-,-,-,セガ,月花霧幻譚TORICO,-,1326,0,,丸濱博之,,,野見祐二,,山田辰夫|吉永匠,
1996-06-28,-,-,-,NECインターチャネル,誕生Sデビュー,-,1168,0,,,,,,,,
1996-06-28,-,-,-,SNK,餓狼伝説3遥かなる闘い,-,918,0,,,,,,,,
1996-06-28,-,-,-,アクレイムジャパン,ライズオブザロボット2,-,919,0,,,,,,,,
1996-06-28,-,-,-,アトラス,ストライカーズ1945,-,1459,0,,,,,,,,
1996-06-28,-,-,-,カプコン,井出洋介名人の新実戦麻雀,-,1573,0,,,,,,,,
1996-06-28,-,-,-,ソネット,ザ・メイキング・オブ・ナイトゥルース,-,1665,0,,,,,,,,
1996-06-28,-,-,-,バンダイビジュアル,必殺!,-,920,0,,,,,平尾昌晃,,,
1996-06-28,-,-,-,メトロ,大牌砦,-,1666,0,,,,,,,,
1996-06-28,-,-,-,ユーメディア,踝兄弟劇場第一巻麻雀篇,-,1574,0,,,,,,,,
1996-07-05,34,-,ACT,セガ,ナイツNiGHTS,-,921,0,,,,,"ミュージックビデオ 「Nights of The Knife」(Short Version.) - YouTube",,小室哲哉,
1996-07-05,-,-,-,BMGビクター,一発逆転ギャンブルキングへの道,-,1667,0,,,,,,,,
1996-07-05,-,-,-,ゼネラル・エンタテイメント,ゲームウェア第2号,-,1668,0,,,,,,,,
1996-07-05,-,-,-,メディアクエスト,ソニックウィングススペシャル,-,1460,0,,,,,,,,
1996-07-12,32,-,SPT,セガ,デカスリート陸上十種競技,-,1098,0,,,,,,,,
1996-07-12,-,-,-,オープンブック9003,アクアゾーンデスクトップライフ,-,1670,0,,,,,,,,
1996-07-12,30,-,RAC,ソフトバンク,ワイプアウト,-,1050,0,,,,,,,,
1996-07-12,-,-,-,パック・イン・ビデオ,ピンボールグラフィティ,-,1671,0,,,,,,,,
1996-07-12,-,-,-,メディアクエスト,デススロットル隔絶都市からの脱出,-,922,0,,,,,,,,
1996-07-12,-,-,-,増田屋コーポレーション,アクアワールド海美物語,-,1672,0,,,,,,,,
1996-07-19,-,-,-,セガ,グレイテストナイン'96,-,1099,0,,,,,,,,
1996-07-19,-,-,-,イマジニア,昇龍三國演義,-,1169,0,,,,,,,,
1996-07-19,31,-,SLG,コナミ,ときめきメモリアルforeverwithyou,-,1170,0,,永田義明,,立石流牙|小倉雅史,"Metal Yuhki|村井聖夜|莊司朗|Sanoppi|中村地獄車",五十嵐孝司,桐田富和,
1996-07-19,-,-,-,ハドソン,サターンボンバーマン,-,923,0,,藤原茂樹|安井一徳,三上哲|若林哲也|桶谷吉韻,渡辺達光|中田陽平|水野祥司(アニメーションディレクター・絵コンテ・キャラクターデザイン)|吉見直人(アートデザイン),竹間淳(作曲|編曲|演奏)|秋元薫(編曲|演奏)|遠藤稔(編曲)|山本裕直(編曲),,猪狩寛,
1996-07-19,-,-,-,マイクロネット,麻雀狂時代セブアイランド'96,-,1575,0,,,,,,,,
1996-07-26,31,-,FTG,セガ,バーチャファイターキッズ,-,924,0,,,,,,,,
1996-07-26,-,-,-,サダソフト,プラドルDISCVol.1木下優,-,1673,0,,,,,,,,
1996-07-26,-,-,-,アスキー,時空探偵DD幻のローレライ,-,1327,0,,近藤良英|きくちかつよし,小林国治|みうらのぶひろ,,神保直明,きくちかつよし|菅野勝之,金田剛|池田浩一|佐藤浩一,
1996-07-26,-,-,-,エレクトロニック・アーツ,ロードラッシュ,-,1051,0,,,,,,,,
1996-07-26,-,-,-,タイトー,パズルボブル2X,-,1674,0,,,丸山尋司|野口順一郎,中久木成一|木下一洋,中山上等兵,,,
1996-08-02,-,-,-,BMGビクター,激烈パチンカーズ,-,1676,0,,,,,,,,
1996-08-02,-,-,-,アクレイムジャパン,フランク・トーマスビッグ・ハートベースボール,-,1100,0,,,,,,,,
1996-08-02,-,-,-,やのまん,ボディスペシャル264GIRLSINMOTIONPUZZLEVOL.2,-,1677,0,,,,,,,,
1996-08-09,-,-,-,セガ,セガエイジススペースハリアー,-,1461,0,,,,,,,,
1996-08-09,-,-,-,BMGビクター,マジック・ジョンソンとカリーム・アブドゥール・ジャバーのスラムジャム'96,-,1101,0,,清川進人(9ここいろ)|小梅蓮(9そらいろ-),,和泉つばす|﨑口さおり,yamazo,ぱれっと,近藤真樹,
1996-08-09,-,-,-,NECインターチャネル,同級生if,-,1171,0,,,,竹井正樹,なし(DOS/PCE/SS)|あり(Win/DMM),,,
1996-08-09,-,-,-,SNK,ワールドヒーローズパーフェクト,-,925,0,,,,,,,,
1996-08-09,-,-,-,アイマックス,サイバードール,-,24,0,,,,,,,,
1996-08-09,-,-,-,アクレイムジャパン,WWFレッスルマニア・ジ・アーケードゲーム,-,926,0,,,,,,,,
1996-08-09,-,-,-,エコール,デスクリムゾン,-,1462,0,,,矢野康二郎,M.Yoshimatsu,,,真鍋賢行,
1996-08-09,-,-,-,サンソフト,アルバートオデッセイ外伝LEGENDOFELDEAN,-,25,0,,,,,,,,
1996-08-09,-,-,-,スカイ・シンク・システム,新型くるりんPA!,-,1675,0,,,,,,,,
1996-08-09,-,-,-,ソネット,ナイトゥルース#01闇の扉,-,1328,0,,,,,,,,
1996-08-09,-,-,-,タイトー,タイトーチェイスH.Q.プラスS.C.I.,-,927,0,,,,,,,,
1996-08-09,-,-,-,パイオニアLDC,神秘の世界エルハザード,-,1329,0,,,,中沢一登|奥田淳|小林利充,長岡成貢,林宏樹(原案),,
1996-08-09,-,-,-,ビック東海,プレイボーイカラオケコレクションVol.1,-,1678,0,,,,,,,,
1996-08-09,-,-,-,ビック東海,プレイボーイカラオケコレクションVol.2,-,1679,0,,,,,,,,
1996-08-09,-,-,-,童,妖艶電視麻雀遊戯ギャルジャン,-,1576,0,,,,,,,,
1996-08-09,-,-,-,徳間書店,クロックワークス,-,1680,0,,,,,,,,
1996-08-23,-,-,-,イマジニア,3Dレミングス,-,1681,0,,,,,,,,
1996-08-23,-,-,-,ナグザット,今江克隆監修ジャパンスーパーバスクラシック'96,-,1102,0,,,,,,,,
1996-08-23,-,-,-,ナグザット,駿才データ＆シミュレーションステーブル,-,1682,0,,,,,,,,
1996-08-23,-,-,-,ナグザット,本格プロ麻雀徹萬スペシャル,-,1577,0,,,,,,,,
1996-08-23,-,-,-,バンプレスト,特捜機動隊ジェイスワット,-,1463,0,,,,,,,,
1996-08-23,-,-,-,ビクター,トーナメント・リーダー,-,1103,0,,,,,,小山内美江子・清水有生ほか,竹之下寛次,
1996-08-30,37,-,FTG,セガ,ファイティングバイパーズ,-,928,0,,,,,,,,
1996-08-30,-,-,-,サダソフト,プラドルDISCVol.2内山美紀,-,1683,0,,,,,,,,
1996-08-30,-,-,-,アクレイムジャパン,ストライカー'96,-,1104,0,,,,,,,,
1996-08-30,-,-,-,アクレイムジャパン,イエロー・ブリック・ロード,-,1330,0,,,,,,,,
1996-08-30,-,-,-,アクレイムジャパン,エイリアントリロジー,-,1464,0,,,,,,,,
1996-08-30,-,-,-,カプコン,アーサーとアスタロトの謎魔界村インクレティブ・トゥーンズ,-,1684,0,,,,,,,,
1996-08-30,-,-,-,クライマックス,ダークセイバー,-,26,0,,田中正義・森文孝,,,,,西垣伸哉・野口祐二,
1996-08-30,-,-,-,ココナッツジャパン,オリンピックサッカー,-,1105,0,,,,,,,,
1996-08-30,-,-,-,ジャレコ,テトリスプラス,-,1685,0,,,,,,,,
1996-08-30,-,-,-,パック・イン・ビデオ,湾岸デッドヒートプラスリアルアレンジ,-,1052,0,,,,,,,,
1996-09-06,-,-,-,イマジニア,ハートビートスクランブル,-,1172,0,,,,,,,,
1996-09-06,-,-,-,カプコン,天地を喰らう2赤壁の戦い,-,929,0,,,新留義博,船水紀孝|福本容子|京谷有紀|竹尾圭代|西尾仁志|はやしたかし|陰山みずほ|山本祐介|倉谷栄治|あきまん,泉谷雅樹|梶野俊夫,,,
1996-09-06,-,-,-,テクノソフト,鋼鉄霊域,-,930,0,,,,,,,,
1996-09-13,32,-,ADV,コナミ,ポリスノーツ,-,1331,0,,,,,,,,
1996-09-13,-,-,-,サミー,エンジェルパラダイスVol.2吉野公佳いっしょにい・た・いinHawa2,-,1686,0,,,,,,,,
1996-09-13,-,-,-,講談社,ウルトラマン図鑑,-,1687,0,,,,,,,,
1996-09-14,32,-,FTG,カプコン,ストリートファイターZERO2,-,931,0,,,,,,,,
1996-09-20,-,-,-,セガ,セガエイジスアウトラン,-,1053,0,,,,,,,,
1996-09-20,31,-,RCG,セガ,セガラリーチャンピオンシッププラス,-,1054,0,,,,,,,,
1996-09-20,-,-,-,SNK,リアルバウト餓狼伝説,-,932,0,,,,,,,,
1996-09-20,-,-,-,ソフトバンク,デストラクション・ダービー,-,933,0,,,,,,,,
1996-09-20,-,-,-,バンダイ,機動戦士ガンダム外伝1戦慄のブルー,-,1465,0,,,,,,,,
1996-09-27,-,-,-,セガ,セガエイジスアフターバーナー2,-,1466,0,,,,,,,,
1996-09-27,33,-,SLG,セガ,サクラ大戦,-,1332,0,,,,藤島康介|松原秀典,,,広井王子,
1996-09-27,-,-,-,セガ,マジカルドロップ2,-,1688,0,,,,,,,,
1996-09-27,-,-,-,サダソフト,プラドルDISCVol.3大島朱美,-,1689,0,,,,,,,,
1996-09-27,-,-,-,アテナ,ぷくんパ女子高生の放課後...,-,1690,0,,,,,,,,
1996-09-27,-,-,-,インナーブレイン,グッドアイランドカフェ飯島愛,-,1333,0,,,,,,,,
1996-09-27,-,-,-,コナミ,ときめきメモリアル対戦ぱずるだま,-,1691,0,,永田義明,,立石流牙|小倉雅史,"Metal Yuhki|村井聖夜|莊司朗|Sanoppi|中村地獄車",五十嵐孝司,桐田富和,
1996-09-27,-,-,-,シャー・ロック,めざせアイドルスター!!夏色メモリーズ麻雀編,-,1578,0,,,,,,,,
1996-09-27,-,-,-,ソシエッタ代官山,ホーンテッドカジノ,-,1692,0,,,,,,,,
1996-09-27,-,-,-,タカラ,闘神伝URA,-,934,0,,,,,,,,
1996-09-27,-,-,-,テクノソフト,サンダーフォースゴールドパック1,-,1467,0,,,,,,,,
1996-09-27,-,-,-,ナグザット,麻雀四姉妹若草物語,-,1579,0,,,,,,,,
1996-09-27,-,-,-,ハドソン,サターンボンバーマンセガネット専用,-,1828,0,,,,,,,,
1996-09-27,-,-,-,コーエー,三國志5,-,1173,0,,,,,菅野よう子,,シブサワ・コウ,
1996-09-27,-,-,-,富士通パレックス,奥寺康彦の世界を目指せ!サッカーキッズ入門編,-,1693,0,,,,,,,,
1996-09-27,-,-,-,毎日コミュニケーションズ,ギャルズパニックSS,-,1694,0,,,,,,,,
1996-10-04,-,-,-,ジャレコ,ターフウィンド'96武豊競走馬育成ゲーム,-,1174,0,,,,,,,,
1996-10-04,-,-,-,ゼネラル・エンタテイメント,ゲームウェア第3号,-,1669,0,,,,,,,,
1996-10-04,-,-,-,ナグザット,アクチャーサッカー,-,1106,0,,,,,,,,
1996-10-04,-,-,-,ナグザット,平和パチンコ総進撃,-,1695,0,,,,,,,,
1996-10-04,-,-,-,メディアワークス,エターナルメロディ,-,1334,0,,,,,,,,
1996-10-04,-,-,-,コーエー,ウイニングポスト2プログラム'96,-,1175,0,,,,,,,,
1996-10-04,-,-,-,コーエー,麻雀大会2スペシャル,-,863,0,,,,,,,,
1996-10-10,-,-,-,ココナッツジャパン,ブレインデッド13,-,935,0,,,,,,,,
1996-10-10,-,-,-,スコラ,南の島にブタがいたルーカスの大冒険,-,1696,0,,,,,,,,
1996-10-10,-,-,-,ビデオシステム,本格4人打ち芸能人対局麻雀THEわれめDEポン,-,1581,0,,,,,,,,
1996-10-18,-,-,-,アルトロン,マイティヒット,-,1468,0,,,,,,,,
1996-10-18,-,-,-,ゲームアーツ,ぎゅわんぶらあ自己中心派トーキョーマージャンランド,-,1582,0,,,,,,,,
1996-10-18,-,-,-,サンソフト,オラクルの宝石,-,1697,0,,,,,,,,
1996-10-18,-,-,-,メサイヤ,ラングリッサー3,-,27,0,,,,,,,,
1996-10-25,-,-,-,セガ,ワールドシリーズベースボール2,-,1107,0,,,,,,,,
1996-10-25,-,-,-,イマジニア,スターファイター3000,-,1469,0,,,,,,,,
1996-10-25,-,-,-,エレクトロニック・アーツ,シェルショック,-,1470,0,,,,,,,,
1996-10-25,-,-,-,バンプレスト,バツグン,-,1471,0,,,,,,,,
1996-10-25,-,-,-,角川書店,ルナシルバースターストーリー,-,23,0,,,,,,,,
1996-10-25,-,-,-,東芝EMI,マスターオブモンスターズネオ・ジェネレーションズ,-,1176,0,,,,,,,,
1996-11-01,-,-,-,セガ,ルル,-,1335,0,,,,,,,,
1996-11-01,-,-,-,コナミ,セクシーパロディウス,-,1472,0,,,,,,,,
1996-11-01,-,-,-,サイメイト,パップ・ブリーダー,-,1177,0,,,,,,,,
1996-11-01,-,-,-,リバーヒルソフト,伝説のオウガバトル,-,28,0,,松野泰己,森岡伸夫|佐藤孝|小川昌也,松野泰己|吉田明彦|皆川裕史,岩田匡治|崎元仁|松尾早人,,徳川誠,
1996-11-08,-,-,-,セガ,リグロードサーガ2,-,29,0,,,,,,,,
1996-11-08,-,-,-,SNK,サムライスピリッツ斬紅郎無双剣,-,936,0,,,,,,,,
1996-11-08,-,-,-,ソネット,ザ・メイキング・オブ・ナイトゥルース2ボイスセレクション,-,1698,0,,,,,,,,
1996-11-11,-,-,-,タカラ,アースワームジム2,-,937,0,,,,,,,,
1996-11-15,32,-,ACT,カゼ,デジタルピンボールネクロノミコン,-,1699,0,,,,,,,,
1996-11-15,-,-,-,アトラス,プリクラ大作戦,-,938,0,,,,,,,,
1996-11-15,-,-,-,サンソフト,上海グレートモーメンツ,-,1700,0,,,,,,,,
1996-11-15,-,-,-,博報堂,風水先生,-,1178,0,,,,,,,,
1996-11-22,31,-,ACT,セガ,クリスマスナイツ冬季限定版,-,939,0,,,,,,,,
1996-11-22,32,-,SHT,セガ,バーチャコップ2,-,1473,0,,,,,,,,
1996-11-22,-,-,-,アクレイムジャパン,アイアンマン/XO,-,940,0,,,,,,,,
1996-11-22,-,-,-,アクレイムジャパン,NFLクォーターバッククラブ'97,-,1829,0,,,,,,,,
1996-11-22,-,-,-,アトラス,戦国ブレードSENGOKUACEEPISODE,-,1474,0,,,,,,,,
1996-11-22,-,-,-,イマジニア,フィスト,-,941,0,,,,,ビル・コンティ,ジョー・エスターハス|シルヴェスター・スタローン,,
1996-11-22,-,-,-,ヴァージンインタラクティブ,カオスコントロールリミックス,-,1475,0,,,,,,,,
1996-11-22,-,-,-,テクノソフト,ハイパーデュエル,-,1476,0,,,,,,,,
1996-11-22,-,-,-,バンプレスト,月下の棋士王竜戦,-,1546,0,,,,,寺嶋民哉,尾崎将也,,
1996-11-22,-,-,-,日本クリエイト,トライラッシュデッピー,-,1701,0,,,,,,,,
1996-11-29,32,-,SPT,セガ,ビクトリーゴールワールドワイドエディション,-,1108,0,,,,,,,,
1996-11-29,32,-,FTG,セガ,電脳戦機バーチャロン,-,942,0,,,,,,,,
1996-11-29,-,-,-,BMGビクター,西暦1999ファラオの復活,-,1477,0,,,エズラ・ドライスバッハ,ブライアン・マックニーリー,スコット・ブランストン,,クリス・アーチャー,
1996-11-29,-,-,-,サダソフト,プラドルDISC特別編コスプレイヤーズ,-,1702,0,,,,,,,,
1996-11-29,-,-,-,インタープレイ,ブラッドファクトリー,-,1478,0,,,,,,,,
1996-11-29,-,-,-,エンジェル,美少女戦士セーラームーンSuperSVariousEmotion,-,943,0,,,,,,,,
1996-11-29,-,-,-,データイースト,探偵神宮寺三郎未完のルポ,-,1336,0,,西山英一,佐野弘和|石川裕一郎,寺田克也,"ATOMIC花田|Ring Ring|N'gja MIURA|是政|TAKUTO",斉藤竜也,,
1996-11-29,-,-,-,メディアクエスト,ズープ,-,1703,0,,,,,,,,
1996-11-29,-,-,-,コーエー,太閤立志伝2,-,30,0,,,,,,,,
1996-11-29,-,-,-,徳間書店,銀河英雄伝説,-,1179,0,,,,,,,,
1996-11-29,-,-,-,毎日コミュニケーションズ,対局将棋極2,-,1547,0,,,,,,,,
1996-12-06,-,-,-,エクシング,皇龍三國演義,-,1180,0,,,,,,,,
1996-12-06,-,-,-,エレクトロニック・アーツ,マジックカーペット,-,1479,0,,,,,,,,
1996-12-06,-,-,-,オープンブック9003,アクアゾーンデスクトップライフオプションディスクシリーズ1エンゼルフィッシュ,-,1704,0,,,,,,,,
1996-12-06,-,-,-,オープンブック9003,アクアゾーンデスクトップライフオプションディスクシリーズ2ブラックモーリー,-,1705,0,,,,,,,,
1996-12-06,-,-,-,オープンブック9003,アクアゾーンデスクトップライフオプションディスクシリーズ3ブルーエンペラー,-,1706,0,,,,,,,,
1996-12-06,-,-,-,オープンブック9003,アクアゾーンデスクトップライフオプションディスクシリーズ4クラウンローチ,-,1707,0,,,,,,,,
1996-12-06,-,-,-,オープンブック9003,アクアゾーンデスクトップライフオプションディスクシリーズ5ラミーノーズ,-,1708,0,,,,,,,,
1996-12-06,-,-,-,カプコン,スーパーパズルファイター2X,-,1709,0,,,,,,,,
1996-12-06,-,-,-,ザウルス,ステークスウィナーG1完全制覇への道,-,1055,0,,,,,,,,
1996-12-06,-,-,-,テクノソフト,サンダーフォースゴールドパック2,-,1467,0,,,,,,,,
1996-12-06,-,-,-,バンダイ,機動戦士ガンダム外伝2蒼を受け継ぐ者,-,1481,0,,,,,,,,
1996-12-06,-,-,-,ビクター,バトルバ,-,944,0,,,矢川忍,,本山淳弘,,,
1996-12-06,-,-,-,富士通,世界の車窓から1スイス編アルプス登山鉄道の旅,-,1710,0,,,,,,,,
1996-12-13,-,-,-,セガ,ワールドアドバンスド大戦略大戦略パック,-,1181,0,,,,,,,,
1996-12-13,-,-,-,セガ,パンツァードラグーン1＆2,-,1482,0,,,,荻原しょう子|中野彰子|荻原しょう子,岩崎元是,まいた菜穂,,
1996-12-13,-,-,-,イマジニア,メルティランサー銀河少女警察2086,-,1182,0,,,,,,,,
1996-12-13,-,-,-,インクリメントP,バトルアスリーテス大運動会,-,1183,0,,,,牧野竜一|奥田淳|春山和則,hisakuni|賀佐泰洋|山崎真吾|曽木琢磨|髙橋祐子|トミタカズキ|横地健太,香椎葉平|小林亮介|たかだ誠,,
1996-12-13,-,-,-,キングレコード,出世麻雀大接待,-,1583,0,,,,,,,,
1996-12-13,-,-,-,コナミ,実況おしゃべりパロディウスforeverwithme,-,1483,0,,,,,,,,
1996-12-13,-,-,-,タイトー,スペースインベーダー,-,1484,0,,,西角友宏,西角友宏,亀井道行,,,
1996-12-13,-,-,-,メディアエンターテイメント,ディスクワールド,-,1337,0,,,,,,,,
1996-12-13,30,-,SRPG,リバーヒルソフト,タクティクスオウガ,-,31,0,,松野泰己,,皆川裕史|吉田明彦,岩田匡治|崎元仁,松野泰己,,
1996-12-13,32,-,ADV,ワープ,エネミー・ゼロ,-,945,0,,".mw-parser-output .plainlist--only-child>ol|.mw-parser-output .plainlist--only-child>ul{line-height:inherit;list-style:none none;margin:0;padding-left:0}.mw-parser-output .plainlist--only-child>ol li|.mw-parser-output .plainlist--only-child>ul li{margin-bottom:0}飯野賢治立石章三郎",三浦秀樹佐藤直哉,韮沢靖,マイケル・ナイマン,飯野賢治坂元裕二,飯野賢治,
1996-12-13,-,-,-,吉本興業,ファンキーファンタジー,-,1184,0,,,,,,,,
1996-12-20,-,-,-,ユービーアイソフト,ストリートレーサーエクストラ,-,1056,0,,,,,,,,
1996-12-20,-,-,-,ヴァージンインタラクティブ,両替パズルゲームもうぢゃ,-,1711,0,,,,,ナオト・インティライミ(作詞・作曲),,,
1996-12-20,-,-,-,エレクトロニック・アーツ,ニッサンプレゼンツオーバードライビンGT-R,-,1057,0,,,,,,,,
1996-12-20,-,-,-,キッド,きゃんきゃんバニープルミエール2,-,1185,0,,,,,あり,,,
1996-12-20,-,-,-,ゲームスタジオ,エアーズアドベンチャー,-,32,0,,,,,,,,
1996-12-20,-,-,-,コナミ,永世名人2,-,1549,0,,,,,,,,
1996-12-20,32,-,RPG,セガ,シャイニング・ザ・ホーリィアーク,-,33,0,,,,,,,,
1996-12-20,-,-,-,ソネット,ナイトゥルースマリア,-,1338,0,,,,,,,,
1996-12-20,-,-,-,タカラ,DX日本特急旅行ゲーム,-,1712,0,,,,,,,,
1996-12-20,-,-,-,ナツメ,ぴょんぴょんキャルルのまあじゃん日和,-,1584,0,,,,,,,,
1996-12-20,-,-,-,ネクサスインターラクト,エム君を伝えて,-,1186,0,,,,,,,,
1996-12-20,-,-,-,バンダイ,ウルトラマン光の巨人伝説,-,946,0,,,,,,,,
1996-12-20,-,-,-,ヒューマン,アポなしギャルズおりんぽす,-,1339,0,,,,,,,,
1996-12-20,-,-,-,日本物産,バーチャル競艇,-,1187,0,,,,,,,,
1996-12-21,35,-,ACT,セガ,ファイターズメガミックス,-,947,0,,,,,,,,
1996-12-27,-,-,-,セガ,セガエイジス廊下にイチダントアール,-,1713,0,,,,,,,,
1996-12-27,30,-,SRPG,セガ,テラファンタスティカ,-,1188,0,,,,,,,,
1996-12-27,-,-,-,セガ,人造人間ハカイダーラストジャッジメント,-,1485,0,,,,,太田浩一,石ノ森章太郎,,
1996-12-27,-,-,-,BPS,テトリスS,-,1714,0,,岡田智,山本雅央,松岡洋史,田中宏和,,横井軍平,
1996-12-27,-,-,-,サダソフト,プラドルDISCデータ編レースクイーンF,-,1715,0,,,,,,,,
1996-12-27,-,-,-,ヴァージンインタラクティブ,グリッドランナー,-,948,0,,,,,,,,
1996-12-27,-,-,-,ゲームアーツ,だいなあいらん予告編,-,1716,0,,,,,,,,
1996-12-27,-,-,-,ハドソン,銀河お嬢様伝説ユナみかあきたかイラストワークス,-,1717,0,,,,,,,,
1996-12-27,-,-,-,ハドソン,銀河お嬢様伝説ユナリミックス,-,1340,0,,,,,,,,
1996-12-27,-,-,-,パトラ,タクラマカン敦煌傅奇,-,1718,0,,,,,,,,
1996-12-27,-,-,-,バンダイ,ゲゲゲの鬼太郎幻冬怪奇譚,-,1341,0,,,,,,,,
1996-12-27,30,-,SPT,ヒューマン,ファイヤープロレスリングS6メンスクランブル,-,949,0,,,,,,,,
1996-12-27,-,-,-,コーエー,水滸伝天命の誓い,-,1189,0,,,,,木下伸司|三井一正|滝沢洋一,,シブサワ・コウ,
1996-12-31,-,-,-,セガ,電脳戦機バーチャロンセガネット専用,-,1830,0,,,,,,,,
1996-12-31,31,-,FTG,SNK,ザ・キング・オブ・ファイターズ'96,-,950,0,,,,,,,,
1997-01-10,-,-,-,ヴァージンインタラクティブ,スポットゴーズトゥーハリウッド,-,951,0,,,,,,,,
1997-01-10,-,-,-,パトラ,ロードランナーエクストラ,-,952,0,,,,,,,,
1997-01-10,-,-,-,吉本興業,ファンキーヘッドボクサーズ,-,953,0,,山本哲也,斉藤満|高橋呉明|小林一美|柳謙一,青木勝志|渡部隆,山本敬一|本山淳弘|高木みゆき|山路敦司,斉藤満|浦畑達彦|六月十三,伊藤伸一|中村宏,
1997-01-10,-,-,-,セガ,デジタルダンスミックスVol.1安室奈美恵,-,1719,0,,,,,,,,
1997-01-14,-,-,-,ハドソン,天外魔境第四の黙示録,-,34,0,,広井王子(企画・監修)|竹部隆司(監督),松田建太(メイン)|小林正和(チーフ),安部知也(演出)|及川英紀(システム・バトル)|辻野寅次郎(絵師・ムービー監修)|松田泰一(美術監督)|久保久(美術設定)|平山智(ムービー作画監督),笹川敏幸(作編曲・音楽監督)|山本裕直(Remix・DJ)|根岸貴幸(管弦楽編曲),長山豊,,
1997-01-17,-,-,-,ヴァージンインタラクティブ,ハイパー3Dピンボール,-,1720,0,,,,,,,,
1997-01-17,-,-,-,エクシング,天地無用!登校無用アニラジコレクション,-,1342,0,,,,,,,,
1997-01-17,-,-,-,エグゼコ,タイムギャル＆忍者ハヤテ,-,954,0,,,,,,,,
1997-01-17,-,-,-,カプコン,ロックマン8メタルヒーローズ,-,955,0,,,,,,,,
1997-01-17,-,-,-,タイムワーナーインタラクティブ,心霊呪殺師太郎丸,-,956,0,,,山本修|布留川和也,岡野道生,横山賢司|塙俊一,,,
1997-01-17,-,-,-,テクノソフト,ブラストウィンド,-,1486,0,,,,,,,,
1997-01-17,-,-,-,ヒューマン,ニタックスゴールド,-,1721,0,,,,,,,,
1997-01-24,-,-,-,イマジニア/シーズウェア,イヴバースト・エラー,-,1343,0,,,,田島直(原画含む)|松本慶|薄克久(サブキャラクターデザイン),あり,剣乃ゆきひろ(ゲームデザイン含む),,
1997-01-24,-,-,-,ココナッツジャパン,スーパーカジノスペシャル,-,1722,0,,,,,,,,
1997-01-24,-,-,-,ビクター,トゥームレイダース,-,957,0,,,"Paul Douglas","Toby Gard","Nathan McCree",,,
1997-01-24,-,-,-,ポニーキャニオン,レジェンドオブK-1ザ・ベストコレクション,-,1723,0,,,,,,,,
1997-01-24,-,-,-,セガ,ダイナマイト刑事,-,958,0,,,,,,,,
1997-01-24,-,-,-,セガ,デイトナUSAサーキットエディション,-,1058,0,,,,,,,,
1997-01-29,-,-,-,サダソフト,プラドルDISC特別編レースクイーンG,-,1724,0,,,,,,,,
1997-01-31,-,-,-,BMGジャパン,3Dベースボールザ・メジャー,-,1109,0,,,,,,,,
1997-01-31,-,-,-,エクシング,K1グランプリファイティングイリュージョン翔,-,959,0,,,,,,,,
1997-01-31,-,-,-,コーエー,三國志リターンズ,-,1190,0,,,,,菅野よう子,,シブサワ・コウ,
1997-01-31,-,-,-,セガ,バグ・トゥー!もっともっとジャンプして、ふんづけちゃって、ぺっちゃんこ,-,961,0,,,,,,,,
1997-01-31,-,-,-,セガ,ダイハード・トリロジー,-,960,0,,,,,,,,
1997-02-07,-,-,-,ヴァージンインタラクティブ,NHLパワープレイ'96,-,1110,0,,,,,,,,
1997-02-07,-,-,-,エレクトロニック・アーツ,蒼穹紅蓮隊,-,1487,0,,外山雄一,外山雄一|渡辺康成|柴山賢二|落合雄一,中島和之|大西伸一|畑中秀樹,崎元仁,,,
1997-02-07,-,-,-,ソフトバンク,エリア51,-,1488,0,,,,,,,,
1997-02-07,-,-,-,ソフトバンク,シミュレーションズー,-,1191,0,,,,,,,,
1997-02-07,-,-,-,パック・イン・ソフト,はいぱぁセキュリティーズS,-,1192,0,,,,,,,,
1997-02-14,-,-,-,アクレイムジャパン,バットマンフォーエヴァージ・アーケードゲーム,-,962,0,,,,,,,,
1997-02-14,-,-,-,クリップハウス,天城紫苑,-,1344,0,,,,,,,,
1997-02-14,-,-,-,ゲームアーツ,だいなあいらん,-,1345,0,,,,,,,,
1997-02-14,-,-,-,コンパイル,ぷよぷよSUN,-,1725,0,,,,,,,,
1997-02-14,-,-,-,タイトー,クレオパトラフォーチュン,-,1726,0,,,,香川友信,中澤秀一郎|高萩英樹,,,
1997-02-14,-,-,-,データム・ポリスター,ルームメイト井上涼子,-,1193,0,,,,,,,,
1997-02-14,-,-,-,ビデオシステム,ドリームスクエア雛形あきこ,-,1727,0,,,,,,,,
1997-02-14,-,-,-,ビング,エレベーターアクションリターンズ,-,963,0,,,,,今村善雄,,,
1997-02-14,-,-,-,セガ,サクラ大戦花組通信,-,1728,0,,,,,,,,
1997-02-21,-,-,-,アクレイムジャパン,WWFインユアハウス,-,964,0,,,,,,,,
1997-02-21,-,-,-,ポニーキャニオン,ザップ!スノーボーディングトリックス,-,1111,0,,,,,,,,
1997-02-21,-,-,-,メサイヤ,重装機兵レイノス2,-,965,0,,,,,,,,
1997-02-21,-,-,-,コーエー,三國志バリューセット,-,1194,0,,,,,,,,
1997-02-21,-,-,-,コーエー,信長の野望バリューセット,-,1195,0,,,,,,,,
1997-02-21,-,-,-,セガ,セガエイジスファンタジーゾーン,-,1489,0,,,,,,,,
1997-02-28,31,-,SPT,T&Eソフト,ワイアラエの奇蹟エクストラ36ホールズ,-,1112,0,,,,,,,,
1997-02-28,-,-,-,アクレイムジャパン,NBAジャムエクストリーム,-,1113,0,,,,,,,,
1997-02-28,-,-,-,アクレイムジャパン,スペースジャム,-,1114,0,,,,,ジェームズ・ニュートン・ハワード,レオ・ベンヴェヌーティ|スティーブ・ルドニック|ティモシー・ハリス|ハーシャル・ウェイングロッド,,
1997-02-28,-,-,-,イマジニア,首都高バトル'97,-,1059,0,,,,,,,,
1997-02-28,-,-,-,パイオニアLDC,天地無用!連鎖必要,-,1733,0,,,,,,,,
1997-02-28,-,-,-,バンプレスト,続ぐっすんおよよ,-,1729,0,,,,,,,,
1997-02-28,-,-,-,ビック東海,クリティコムザ・クリティカルコンバット,-,966,0,,,,,,,,
1997-02-28,-,-,-,やのまん,キューブバトラーデバッガー翔編,-,1730,0,,,,,,,,
1997-02-28,-,-,-,コーエー,ふしぎの国のアンジェリーク,-,1731,0,,,,,,,,
1997-02-28,-,-,-,翔泳社,パネルティアストーリーケルンの大冒険,-,35,0,,,,,,,,
1997-02-28,-,-,-,セガ,セガエイジスメモリアルセレクションVOL.1,-,1732,0,,,,,,,,
1997-03-07,-,-,-,コナミ,ヘンリーエクスプローラーズ,-,1490,0,,,,,,,,
1997-03-07,-,-,-,ゼネラル・エンタテイメント,ゲームウェア第4号,-,1734,0,,,,,,,,
1997-03-07,-,-,-,ナグザット,プラネット・ジョーカー,-,1491,0,,,,,,,,
1997-03-07,-,-,-,バンダイ,機動戦士ガンダム外伝3裁かれし者,-,1492,0,,,,,,,,
1997-03-07,-,-,-,セガ,新世紀エヴァンゲリオンセカンドインプレッション,-,1346,0,,,,,,,,
1997-03-14,-,-,-,TGL,アドバンストヴァリアブル・ジオ(V.G.),-,967,0,,,,木村貴宏|雨宮まこと,山本はるきち,服部理子,,
1997-03-14,-,-,-,アイマックス,ワームス,-,1196,0,,,,,,,,
1997-03-14,-,-,-,ソネット,ナイトゥルースボイスセレクションラジオドラマ編,-,1347,0,,,,,,,,
1997-03-14,-,-,-,ビクター,優駿クラシックロード,-,1197,0,,,,,,,,
1997-03-14,31,-,SPT,セガ,Jリーグビクトリーゴール'97,-,1115,0,,,,,,,,
1997-03-14,-,-,-,セガ,マンクスTTスーパーバイク,-,1060,0,,,,,,,,
1997-03-15,-,-,-,サミー,実戦!パチスロ必勝法!4,-,1735,0,,,,,,,,
1997-03-20,-,-,-,ヒューマン,ザ・コンビニ,-,1198,0,,,,,,,,
1997-03-20,-,-,-,ヒューマン,スタンバイセイユー!,-,1348,0,,,,,,,,
1997-03-20,32,-,-,セガ,アドバンスドワールドウォー千年帝国の興亡,-,1199,0,,,,,,,,
1997-03-27,-,-,-,コナミ,ときめきメモリアルセレクション藤崎詩織,-,1736,0,,,,,,,大瀧詠一,
1997-03-28,-,-,-,TGL,ファーランドストーリー破亡の舞,-,36,0,,,,興村忠美,佐橋俊彦,,,
1997-03-28,-,-,-,エクシング,ウルフファングSS空牙2001,-,1493,0,,,,,,,,
1997-03-28,-,-,-,カプコン,サイバーボッツ,-,968,0,,,,,,,,
1997-03-28,-,-,-,サミー,実戦パチンコ必勝法TWIN,-,1737,0,,,,,,,,
1997-03-28,-,-,-,タイトー,パズルボブル3,-,1738,0,,,,,,,,
1997-03-28,-,-,-,ダットジャパン,モンスタースライダー,-,1739,0,,,,,,,,
1997-03-28,-,-,-,データム・ポリスター,ドラゴンマスターシルク,-,37,0,,,,,,,,
1997-03-28,-,-,-,メイクソフトウェア,幻のブラックバス,-,1116,0,,,,,,,,
1997-03-28,-,-,-,メディアワークス,エイナスファンタジーストーリーズザ・ファーストボリューム,-,38,0,,,,,,,,
1997-03-28,-,-,-,コーエー,7つの秘館＆ミストアドベンチャーパック,-,1349,0,,,,,,,,
1997-03-28,-,-,-,コーエー,三國志孔明伝,-,39,0,,,,,,,フクザワ・エイジ,
1997-03-28,-,-,-,コーエー,大航海時代2,-,40,0,,,,,菅野よう子,,シブサワ・コウ,
1997-03-28,-,-,-,小学館プロダクション,卒業クロスワールド,-,1350,0,,,,,,,,
1997-03-28,-,-,-,セガ,プロ野球グレイテストナイン'97,-,1117,0,,,,,,,,
1997-03-28,30,-,PZL,セガ,サクラ大戦花組対戦コラムス,-,1740,0,,,,,,,,
1997-04-04,-,-,-,SNK,メタルスラッグ,-,969,0,,,,,,,,
1997-04-04,-,-,-,SNK、,神凰拳,-,970,0,,,,,,,,
1997-04-04,-,-,-,TEN研究所,SANKYOFEVERS実機シミュレーション,-,1741,0,,,,,,,,
1997-04-04,-,-,-,アスキー,新海底軍艦鋼鉄の孤独,-,1200,0,,,,,,,,
1997-04-04,-,-,-,グラムス,クォヴァディス2惑星強襲オヴァン・,-,1201,0,,,,,,,,
1997-04-04,-,-,-,データイースト,ボイスアイドルマニアックスプールバーストーリー,-,1742,0,,,,,,,,
1997-04-04,-,-,-,ナグザット,アクチャーゴルフ,-,1118,0,,,,,,,,
1997-04-04,-,-,-,コーエー,アンジェリークスペシャル2,-,1202,0,,,,,,,,
1997-04-04,-,-,-,コーエー,ゲーム日本史革命児織田信長,-,1203,0,,,,,,,,
1997-04-04,-,-,-,コーエー,ダークハンター(上)異次元学園,-,1351,0,,,,,,,,
1997-04-11,-,-,-,NECインターチャネル,センチメンタルグラフティファーストウィンドウ,-,1743,0,,,,,,,,
1997-04-11,-,-,-,ヴァージンインタラクティブ,新テーマパーク,-,1156,0,,,,,,,,
1997-04-18,-,-,-,アトラス,峠キング・ザ・スピリッツ2,-,1061,0,,,,,,,,
1997-04-18,-,-,-,ヴァージンインタラクティブ,逆鱗弾,-,1831,0,,,,香川友信,海野和子,,,
1997-04-18,-,-,-,ダイキ,雀帝バトルコスプレイヤー,-,1585,0,,,,,,,,
1997-04-18,-,-,-,ポニーキャニオン,レジェンドオブK-1グランプリ'96,-,971,0,,,,,,,,
1997-04-25,-,-,-,サダソフト,プラドルDISC特別編コギャル大百科100,-,1744,0,,,,,,,,
1997-04-25,-,-,-,アクレイムジャパン,ザ・クロウ,-,972,0,,,,,,,,
1997-04-25,-,-,-,アルトロン,エルフを狩るモノたち,-,1352,0,,,,後藤圭二,堤秀樹(第1期)|堤秀樹|横山剛(第2期),,,
1997-04-25,-,-,-,インタープレイ,キャスパー,-,1354,0,,,,,,,,
1997-04-25,-,-,-,ヴァージンインタラクティブ,ブラックドーン,-,1494,0,,,,,,,,
1997-04-25,30,-,-,エルフ,下級生,-,1204,0,,,,,,,,
1997-04-25,-,-,-,ジャレコ,ファンタステップ,-,1353,0,,,,,,,,
1997-04-25,-,-,-,タイトー,東京シャドウ,-,1356,0,,,,,,,,
1997-04-25,-,-,-,パック・イン・ビデオ,シーバス・フィッシング2,-,1119,0,,,,,,,,
1997-04-25,-,-,-,バンダイ,マジカルホッパーズ,-,973,0,,,,,,,,
1997-04-25,-,-,-,バンダイ,機動戦士Zガンダム前編Zの鼓動,-,974,0,,,,,,,,
1997-04-25,-,-,-,増田屋コーポレーション,デジグティントーイ,-,1745,0,,,,,,,,
1997-04-25,-,-,-,増田屋コーポレーション,デジグアクアワールド,-,1746,0,,,,,,,,
1997-04-25,31,-,-,セガ,コマンド＆コンカー,-,1205,0,,,,,,,,
1997-04-25,-,-,-,セガ,スカイターゲット,-,1495,0,,,,,,,,
1997-05-02,-,-,-,アスミック,シヴィライゼーション,-,1206,0,,,,,,,,
1997-05-02,-,-,-,ヴァージンインタラクティブ,ジアンソルブド,-,1357,0,,,,,,,,
1997-05-02,-,-,-,ザウルス,ステークスウィナー2最強馬伝説,-,1062,0,,,,,,,,
1997-05-02,-,-,-,ヒューマン,デカ4駆タフ・ザ・トラック,-,1063,0,,,,,,,,
1997-05-02,-,-,-,吉本興業,ファンキーヘッドボクサーズ+,-,975,0,,山本哲也,斉藤満|高橋呉明|小林一美|柳謙一,青木勝志|渡部隆,山本敬一|本山淳弘|高木みゆき|山路敦司,斉藤満|浦畑達彦|六月十三,伊藤伸一|中村宏,
1997-05-02,-,-,-,セガ,機動戦艦ナデシコやっぱり最後は「愛が勝つ」？,-,1358,0,,,,,,,,
1997-05-09,-,-,-,メディアエンターテイメント,フリートーク・スタジオマリの気ままなおしゃべり,-,1207,0,,,,,,,,
1997-05-16,-,-,-,アトラス,グルーヴオンファイト豪血寺一族3,-,976,0,,,,,,,,
1997-05-23,-,-,-,イマジニア,龍的五千年ドラゴンズオブチャイナ,-,1359,0,,,,,,,,
1997-05-23,-,-,-,ヴァージンインタラクティブ,ブラム!マシーンヘッド,-,977,0,,,,,,,,
1997-05-23,-,-,-,やのまん,キューブバトラーアンナ未来編,-,1832,0,,,,,,,,
1997-05-23,-,-,-,翔泳社,ワラワラウォーズ,-,1208,0,,,,,,,,
1997-05-30,-,-,-,キングレコード,フィッシング甲子園2,-,1120,0,,,,,,,,
1997-05-30,-,-,-,タカラ,ディ・サード,-,978,0,,,,,,,,
1997-05-30,-,-,-,タカラ,エーベルージュ,-,1209,0,,,,,,,六川洋一,
1997-05-30,-,-,-,データイースト,スカルファング空牙外伝,-,1496,0,,,,,,,,
1997-05-30,-,-,-,テクモ,Jリーグゴーゴーゴール!,-,1121,0,,,,,,,,
1997-05-30,-,-,-,ナグザット,日本プロ麻雀連盟公認道場破り,-,1586,0,,,,,,,,
1997-05-30,-,-,-,メディアエンターテイメント,ダービーアナリスト,-,1747,0,,,,,,,,
1997-05-30,-,-,-,コーエー,ダークハンター(下)妖魔の森,-,1360,0,,,,,,,,
1997-05-30,-,-,-,セガ,スリー・ダーティ・ドワーブズ,-,979,0,,,,,,,,
1997-06-06,-,-,-,ココナッツジャパン,インパクトレーシング,-,1064,0,,,,,,,,
1997-06-06,-,-,-,ジャレコ,ゲーム天国,-,1497,0,,荒井正広|風穴尚紀,"秋山 望",高橋将人|山本栄吾|そうま竜也,西村達也|荒川憲一,風穴尚紀,荒井正広,
1997-06-06,-,-,-,バンダイビジュアル,超時空要塞マクロス愛・おぼえていますか,-,1498,0,,,,,羽田健太郎,スタジオぬえ『超時空要塞マクロス』,,
1997-06-13,-,-,-,イマジニア,ウェルカムハウス,-,1361,0,,,,,,,,
1997-06-13,-,-,-,イマジニア,太平洋の嵐2疾風の艨艟,-,1210,0,,,,,,,,
1997-06-19,-,-,-,コナミ,沙羅曼蛇デラックスパックプラス,-,1499,0,,,,,,,,
1997-06-20,-,-,-,サダソフト,プラドルDISC特別編キャンペーンガール'97,-,1748,0,,,,,,,,
1997-06-20,-,-,-,ヴァージンインタラクティブ,PGATOUR97,-,1122,0,,,,,,,,
1997-06-20,-,-,-,サンソフト,わくわく7,-,980,0,,植田祐一,植田祐一,,,,,
1997-06-20,-,-,-,データイースト,マジカルドロップ3とれたて増刊号!,-,1749,0,,,,,,,,
1997-06-20,-,-,-,ビクター,マリカ真実の世界,-,41,0,,,,,,,,
1997-06-20,-,-,-,メディアリング,ゼロヨンチャンプDooZy-J,-,1065,0,,神長豊,上嶋満也|上坂和幹|水林準次|高松馨,神長豊|三好八太郎|井伊誠|安部直子|小滝佳治,佐々木筑柴,神長豊,松木吉彦|小林靖彦,
1997-06-20,-,-,-,コーエー,アモック,-,1500,0,,,,,,,,
1997-06-20,-,-,-,徳間書店,デジタルアンジュ電脳天使SS,-,1362,0,,,,,,,,
1997-06-20,30,-,ACT,セガ,ソニックジャム,-,981,0,,,,,,,,
1997-06-27,-,-,-,BMGジャパン,政界立志伝よい国・よい政治,-,1833,0,,,,,,,,
1997-06-27,-,-,-,OZクラブ,大戦略ストロングスタイル,-,1211,0,,,,,,,,
1997-06-27,-,-,-,サダソフト,プラドルDISCVol.4黒田美礼,-,1750,0,,,,,,,,
1997-06-27,-,-,-,SNK,真説サムライスピリッツ武士道烈伝,-,982,0,,,,,,,,
1997-06-27,-,-,-,アスミック,ワールド・エボリューション・サッカー,-,1123,0,,,,,,,,
1997-06-27,-,-,-,ヴァージンインタラクティブ,クライムウェーブ,-,1501,0,,,,,,,,
1997-06-27,-,-,-,ヴァージンインタラクティブ,羅媚斗,-,983,0,,,,,,,,
1997-06-27,-,-,-,カプコン,クイズなないろドリームス虹色町の奇跡,-,1751,0,,,,,,,,
1997-06-27,-,-,-,ゼネラル・エンタテイメント,ゲームウェア第5号,-,1752,0,,,,樋上いたる|門之園恵美|池田和美,折戸伸治|戸越まごめ|麻枝准,志茂文彦,馬場隆博,
1997-06-27,-,-,-,ソフトバンク,クレイジーイワン,-,1502,0,,,,,,,,
1997-06-27,-,-,-,ナグザット,トップアングラーズスーパーフィッシングビッグファイト2,-,1124,0,,,,,,,,
1997-06-27,-,-,-,パック・イン・ソフト,ブレイクポイント,-,1125,0,,,,,,,,
1997-06-27,-,-,-,パック・イン・ソフト,ムーンクレイドル,-,1363,0,,,,,,,,
1997-06-27,-,-,-,ハドソン,ウィリーウォンバット,-,984,0,,,,,,,,
1997-06-27,-,-,-,ビング,はるかぜ戦隊Vフォース,-,1212,0,,,,,,,,
1997-06-27,-,-,-,コーエー,提督の決断3,-,1213,0,,,,,,,,
1997-06-27,-,-,-,童,紫炎龍,-,1503,0,,,,,,,,
1997-06-27,-,-,-,セガ,ミスター・ボーンズ,-,985,0,,,,,,,,
1997-07-04,-,-,-,ギャガ,だいすき,-,1214,0,,,,,,,,
1997-07-04,-,-,-,角川書店,ルナシルバースターストーリーMPEG版,-,42,0,,,,,,,,
1997-07-04,-,-,-,セガ,ファイターズヒストリーダイナマイト,-,986,0,,,,,,,,
1997-07-10,-,-,-,コナミ,ときめきメモリアルドラマシリーズVol.1虹色の青春,-,1364,0,,,,,なし(ゲーム中に自宅のコンポをクリックすると|使用曲の一部は聴ける),,,
1997-07-11,-,-,-,NECインターチャネル,同級生2,-,1365,0,,,,,"なし(PC98/DOS/V/FX/SS)|あり(FM-TOWNS/PS/Win 95/SFC/DMM)",,,
1997-07-11,-,-,-,アスキーサムシンググッド,AI囲碁,-,1834,0,,,,,,,,
1997-07-11,-,-,-,ヴァージンインタラクティブ,NHL97,-,1126,0,,,,,,,,
1997-07-11,-,-,-,ソシエッタ代官山,アルバムクラブ胸キュンセントポーリア女学院,-,1753,0,,,,,,,,
1997-07-11,-,-,-,ソフトバンク,ドゥーム,-,1504,0,,,,,,,,
1997-07-11,-,-,-,テクノソフト,サンダーフォース5,-,1505,0,,,,,,,,
1997-07-11,-,-,-,ハドソン,バルクスラッシュ,-,1506,0,,,,,,,,
1997-07-18,-,-,-,データイースト,サイドポケット3,-,1754,0,,,,,,,,
1997-07-18,-,-,-,トンキンハウス,キャット・ザ・リパー13人目の探偵士,-,1366,0,,,,,,,,
1997-07-18,-,-,-,メディアワークス,悠久幻想曲,-,1215,0,,,,,,,,
1997-07-18,-,-,-,ワープ,リアルサウンド風のリグレット,-,1367,0,,飯野賢治,佐藤直哉,飯野賢治|渡辺修,鈴木慶一|飯野賢治,坂元裕二,飯野賢治,
1997-07-24,-,-,-,タカラ,DX人生ゲーム2,-,1755,0,,,,,,,,
1997-07-24,-,-,-,翔泳社,冒険活劇モノモノ,-,43,0,,,,,,,,
1997-07-25,-,-,-,アスク講談社,ボイスファンタジアS失われたボイスパワー,-,1368,0,,,,,,,,
1997-07-25,-,-,-,カプコン,バイオハザード,-,987,0,,,,,,,,
1997-07-25,-,-,-,ココナッツジャパン,エンジェルグラフィティSあなたへのプロフィール,-,1216,0,,,,neco(原案)|桂憲一郎|形部一平(コフィンデザイン)|たけはらみのる|形部一平,中山真斗,MAGUS,,
1997-07-25,-,-,-,トミー,怪盗セイント・テール,-,1369,0,,,,阿部純子,松尾早人,,,
1997-07-25,-,-,-,レイ・アップ,ナイトゥルース二つだけの真実,-,1370,0,,,,,,,,
1997-07-25,-,-,-,角川書店/ESP,スレイヤーズろいやる,-,44,0,,,,,,,,
1997-07-31,-,-,-,メディアクエスト,フルカウルミニ四駆スーパーファクトリー,-,1066,0,,,,,,,,
1997-08-01,-,-,-,カプコン,ロックマンX4,-,988,0,,,,,,,,
1997-08-01,-,-,-,メサイヤ,ラングリッサー4,-,45,0,,,,,,,,
1997-08-01,-,-,-,魔法,激突甲子園,-,1127,0,,,,,,,,
1997-08-01,-,-,-,毎日コミュニケーションズ,GO3Professional対局囲碁,-,1756,0,,,,,,,,
1997-08-01,-,-,-,セガ,ラストブロンクス,-,989,0,,,,,,,安部顕信,
1997-08-07,-,-,-,アトラス,南方珀堂登場,-,1371,0,,,,,,,,
1997-08-07,-,-,-,コナミ,ときめきメモリアル対戦とっかえだま,-,1757,0,,永田義明,,立石流牙|小倉雅史,"Metal Yuhki|村井聖夜|莊司朗|Sanoppi|中村地獄車",五十嵐孝司,桐田富和,
1997-08-08,-,-,-,NECインターチャネル,魔法少女プリティサミー恐るべし身体測定!核爆発5秒前!!,-,1372,0,,,,,,,,
1997-08-08,-,-,-,OZクラブ,黒の断章TheLiteraryFragment,-,1373,0,,,,,,,,
1997-08-08,-,-,-,サダソフト,プラドルDISCVol.5藤崎奈々子,-,1758,0,,,,,,,,
1997-08-08,-,-,-,アウトリガー工房,ファンタズム,-,1374,0,,,,,,,,
1997-08-08,-,-,-,イマジニア,ぱにっくちゃん,-,1375,0,,,,,,,,
1997-08-08,-,-,-,イマジニア,天下制覇,-,1217,0,,,,,,,,
1997-08-08,-,-,-,カプコン,マーヴル・スーパーヒーローズ,-,990,0,,,,,,,,
1997-08-08,-,-,-,キングレコード,爆れつハンターR,-,46,0,,,,後藤圭二,川井憲次,川崎ヒロユキほか,,
1997-08-08,-,-,-,スパイク,ルパン三世クロニクル,-,1759,0,,,,,,,大野雄二,
1997-08-08,-,-,-,タイトー,パズルボブル3セガネット専用,-,1835,0,,,,,,,,
1997-08-08,-,-,-,ハドソン,古伝降霊術百物語ほんとにあった怖い話,-,1376,0,,木村修,古泉秀敏|奥田英一郎|佐久間一暢|淀川裕介|及川美成,杉山勝彦,坂本志崇|鈴木タケオ|妻木隆,香川博人|入中秀|駒鉄|渥美次郎,猪狩寛,
1997-08-08,-,-,-,メディアクエスト,ライフスケイプ2ボディーバイオニクス驚異の小宇宙・人体,-,1760,0,,,,,,,,
1997-08-08,-,-,-,日本物産,テラクレスタ3D,-,1507,0,,,,,,,,
1997-08-09,-,-,-,ワカ製作所,サターンミュージックスクール,-,1761,0,,,,,,,,
1997-08-22,-,-,-,ハドソン,ウイルス,-,1377,0,,,,,,,,
1997-08-22,-,-,-,バンダイビジュアル,恋のサマーファンタジーin宮崎シーガイア,-,1218,0,,,,,,,,
1997-08-28,-,-,-,エクシング,アーケードギアーズVol.1プリルラ,-,991,0,,,,,,,,
1997-08-29,-,-,-,ギャガ,ファイナリスト,-,1508,0,,,,,,,,
1997-08-29,-,-,-,バンダイ,こちら葛飾区亀有公園前派出所中川ランド大レース!の巻,-,1762,0,,,,,,,,
1997-08-29,-,-,-,バンダイ,機動戦士ガンダム外伝ザ・ブルーディスティニー,-,1509,0,,,,,,,,
1997-08-29,-,-,-,ビー・ファクトリー,ダークシード2,-,1378,0,,,マイケル・ディマンブロ,マイケル・クランフォード(英語版)|マイク・ドーソン|H・R・ギーガー|ベルント・ブルムベア(英語版),グレゴリー・アルパー|クリス・グレンジャー|デヴィッド・ビーン,マイケル・ホルヴァト,アリー・ミナシアン|マイク・ドーソン|ハーラル・シーリー,
1997-08-29,-,-,-,ビー・ファクトリー,アクピョン・ゲームウィズ,-,992,0,,,,,,,,
1997-09-04,-,-,-,アルトロン,エルフを狩るモノたち花札編,-,1763,0,,,,後藤圭二,堤秀樹(第1期)|堤秀樹|横山剛(第2期),,,
1997-09-04,-,-,-,コンパイル,ぷよぷよSUNセガネット専用,-,1836,0,,,,,,,,
1997-09-11,33,-,-,カゼ,デジタルピンボールラストグラディエーターズVer.9.7,-,1764,0,,,,,,,,
1997-09-11,-,-,-,イマディオ,デザイア,-,1379,0,,,,,,,,
1997-09-11,-,-,-,セガ/オラシオン,森高千里渡良瀬橋/ララサンシャイン,-,1765,0,,,,,,,,
1997-09-11,-,-,-,ソフトバンク,アサルトリグス,-,1510,0,,,,,,,,
1997-09-11,-,-,-,トレジャー,シルエットミラージュ,-,993,0,,,,,,,,
1997-09-11,-,-,-,コーエー,三國志4withパワーアップキット,-,1219,0,,,,,,,越後谷和広,
1997-09-11,-,-,-,コーエー,信長の野望天翔記withパワーアップキット,-,1220,0,,,,,,,,
1997-09-18,-,-,-,アトラス,怒首領蜂,-,1511,0,,,池田恒基|神山聡|渡辺信|市村崇志,井上淳哉|荻原直樹|若林明|田中周幸|新田理一郎,,,高野健一,
1997-09-18,-,-,-,ヴァージンインタラクティブ,ソビエトストライク,-,1512,0,,,,,,,,
1997-09-18,-,-,-,カプコン,ストリートファイターコレクション,-,994,0,,,,,,,,
1997-09-18,-,-,-,日本クリエイト,マイ・ドリームオンエアが待てなくて,-,1221,0,,,,,,,,
1997-09-18,-,-,-,日本シスコン,パチスロ完全攻略ユニコレ'97,-,1766,0,,,,,,,,
1997-09-25,-,-,-,NECインターチャネル,卒業Sグラデュエーション,-,1222,0,,,,,,,,
1997-09-25,-,-,-,サダソフト,プラドルDISCVol.6吉田里深,-,1767,0,,,,,,,,
1997-09-25,-,-,-,サダソフト,出動!ミニスカポリス,-,1768,0,,,,,,,高橋紀成,
1997-09-25,-,-,-,エクシング,アーケードギアーズVol.2ガンフロンティア,-,1513,0,,,,,,,,
1997-09-25,-,-,-,セガ/コーエー,ゼルドナーシルト,-,47,0,,,,,,,,
1997-09-25,-,-,-,データム・ポリスター,ルームメイト涼子イン・サマー・バケーション,-,1223,0,,,,,,,,
1997-09-25,-,-,-,ハドソン,桃太郎道中記,-,1769,0,,柴田真人,,土居孝幸|水野祥司(ビジュアルプロデューサー),タケカワユキヒデ|デーモン閣下(大魔王のテーマ(対戦))|三井啓介(サウンドディレクター),,猪狩寛,
1997-09-25,-,-,-,バンダイ,機動戦士Zガンダム後編宇宙を駆ける,-,995,0,,,,,,,,
1997-09-25,-,-,-,バンダイビジュアル,メックウォリア2,-,1514,0,,,,,,,,
1997-09-25,-,-,-,バンプレスト,スーパーロボット大戦F,-,48,0,,,,湖川友謙|河野さち子,,,寺田貴信,
1997-09-25,-,-,-,バンプレスト,タイムボカンシリーズボカンと一発!ドロンボー完璧版,-,1515,0,,,,,,,,
1997-09-25,-,-,-,コーエー,維新の嵐,-,1224,0,,,,,菅野よう子|山本光男,,シブサワ・コウ,
1997-09-25,-,-,-,セガ,プロ野球グレイテストナイン'97メークミラクル,-,1128,0,,,,,,,,
1997-09-25,-,-,-,セガ,新世紀エヴァンゲリオンデジタル・カード・ライブラリ,-,1770,0,,,,,,,,
1997-10-02,-,-,-,KSS,御意見無用アナーキー・イン・ザ・ニッポン,-,996,0,,,,,,,,
1997-10-02,-,-,-,SNK,サムライスピリッツ天草降臨,-,997,0,,,,,,,,
1997-10-02,-,-,-,キッド,きゃんきゃんバニーエクストラ,-,1380,0,,,,,,,,
1997-10-02,-,-,-,ダイキ,全国制服美少女グランプリファインドラブ,-,1809,0,,,,,,,,
1997-10-02,-,-,-,コーエー,ウイニングポスト2ファイナル'97,-,1225,0,,,,,,,,
1997-10-02,-,-,-,コーエー,毛利元就誓いの三矢,-,49,0,,,,,,,,
1997-10-09,-,-,-,アスク講談社,あすか120%リミテッド,-,998,0,,,,,,,,
1997-10-09,30,-,-,アテナ,デザエモン2,-,1516,0,,,,,,,,
1997-10-09,-,-,-,ジャレコ,忍者じゃじゃ丸くん鬼斬忍法帖・金,-,999,0,,,,,,,,
1997-10-09,-,-,-,セガ/アキ,タクティクスフォーミュラ,-,1771,0,,,,,,,,
1997-10-09,33,-,FTG,テクモ,デッド・オア・アライブ,-,1000,0,,,,,,,,
1997-10-09,-,-,-,日本物産,クロス・ロマンス恋と麻雀と花札と,-,1587,0,,,,,,,,
1997-10-16,-,-,-,ソフトオフィス,ジーベクター,-,1517,0,,,,,,,,
1997-10-16,-,-,-,メディアリング,タクティカルファイター,-,1226,0,,,,,,,,
1997-10-23,-,-,-,ソフトオフィス,ぱすてるみゅーず,-,1772,0,,,,,,,,
1997-10-23,-,-,-,パック・イン・ソフト,スティープ・スロープ・スライダーズ,-,1129,0,,,,,,,,
1997-10-23,-,-,-,徳間書店,銀河英雄伝説PLUS,-,1227,0,,,,,,,,
1997-10-23,-,-,-,セガ,ロスト・ワールドジュラシック・パーク,-,1001,0,,,,,,,,
1997-10-23,-,-,-,セガ,全日本プロレスFEATURINGVIRTUA,-,1002,0,,,,,,,,
1997-10-30,-,-,-,アトラス,ロンド輪舞曲,-,50,0,,,,,,,,
1997-10-30,-,-,-,コンパイル,ディスクステーション別冊imissyouセガサターン用CD-ROM付,-,1837,0,,,,,,,,
1997-10-30,31,-,SHT,メディアクエスト,レイヤーセクション2,-,1518,0,,阿部幸雄|中村辰男,中村辰男|征矢野伸二|谷口晃|樫野正雄|大山功,中村辰男|阿部幸雄|山下智久|加藤秀幸|山下智久|磯部孝幸|杉谷伸二郎|鯨井洋代|野口泰弘,河本圭代,,阿部幸雄,
1997-10-30,-,-,-,リバーヒルソフト,ミントン警部の捜査ファイル道化師殺人事件,-,1381,0,,,,米田朗,,今林宏行,,
1997-10-30,31,-,-,大宮ソフト,カルドセプト,-,1773,0,,,,,,,,
1997-10-30,-,-,-,セガ,セガエイジスコラムスアーケードコレクション,-,1774,0,,,,,,,,
1997-11-06,-,-,-,マイクロネット,蒼空の翼ゴータワールド,-,1228,0,,,,,,,,
1997-11-06,-,-,-,メイクソフトウェア,麻雀学園祭,-,1588,0,,,,,,,,
1997-11-06,-,-,-,ビクター,ファルコムクラシックス,-,52,0,,,,,,,,
1997-11-13,-,-,-,アトラス,デビルサマナーソウルハッカーズ,-,51,0,,,,,,,,
1997-11-13,-,-,-,ココナッツジャパン,フォーミュラグランプリチーム運営シミュレーション,-,1229,0,,,,,,,,
1997-11-13,-,-,-,ユーメディア,ザ・スターボウリング,-,1130,0,,,,,,,,
1997-11-13,-,-,-,東映ビデオ,仮面ライダー作戦ファイル1,-,1775,0,,,,,,,,
1997-11-13,-,-,-,セガ,サクラ大戦蒸気ラジヲショウ,-,1776,0,,,,,,,,
1997-11-20,-,-,-,BMGジャパン,マスデストラクションお父さんにもできるソフト,-,1519,0,,,,樋上いたる|門之園恵美|池田和美,折戸伸治|戸越まごめ|麻枝准,志茂文彦,馬場隆博,
1997-11-20,-,-,-,サダソフト,プラドルDISCVol.7麻生かおり,-,1777,0,,,,,,,,
1997-11-20,-,-,-,イマジニア,トランスポートタイクーン,-,1230,0,,,クリス・ソイヤー,クリス・ソイヤー|サイモン・フォスター,ジョン・ブルームホール,,スティーブ・ラムスデン,
1997-11-20,-,-,-,ズーム,ゼロディバイドザ・ファイナルコンフリクト,-,1003,0,,,,,,,,
1997-11-20,-,-,-,パック・イン・ソフト,落ちゲー・デザイナー作ってポン!,-,1779,0,,,,,,,,
1997-11-20,-,-,-,バンダイ,ネクストキング恋の千年王国,-,1780,0,,桝田省治,,桝田省治|山根朝郎,神尾憲一,桝田省治,大久保悌伸,
1997-11-20,-,-,-,レイ,ツタンカーメンの謎A.N.K.H,-,1382,0,,,,,,,,
1997-11-20,-,-,-,角川書店,魔法学園ルナ!,-,53,0,,,,,,,,
1997-11-20,33,-,SLG,セガ,Jリーグプロサッカークラブをつくろう!2,-,1231,0,,,,,,,,
1997-11-27,-,-,-,サダソフト,プラドルDISCVol.8古川恵実子,-,1778,0,,,,,,,,
1997-11-27,-,-,-,アスペクト,ガイアブリーダー,-,1232,0,,,,,,,,
1997-11-27,-,-,-,エニックス,七ツ風の島物語,-,1383,0,,,,,,,,
1997-11-27,-,-,-,ヴァージンインタラクティブ,ウォークラフト2ダークサーガ,-,1233,0,,,,,,,,
1997-11-27,-,-,-,ガイナックス,貞本義行イラストレーションズ,-,1781,0,,,,,,,,
1997-11-27,32,-,FTG,カプコン,エックスメンVSストリートファイター,-,1004,0,,,,,,,宮崎鉄平|金佐智絵|鈴木浩史|工藤江美子|桐谷太一|三浦淳(CP),
1997-11-27,-,-,-,コナミ,ヴァンダルハーツ失われた古代文明,-,54,0,,,,,,,,
1997-11-27,-,-,-,シムス,メッセージ・ナビVol.1,-,1782,0,,,,,,,,
1997-11-27,-,-,-,バンプレスト,グランドレッド,-,1234,0,,,,,,,,
1997-11-27,-,-,-,ヒューマン,ブルーブレイカー剣よりも微笑みを,-,55,0,,,,,,,,
1997-11-27,-,-,-,ビング,バブルシンフォニー,-,1005,0,,,,,,,,
1997-11-27,-,-,-,リバーヒルソフト,リフレインラブあなたに逢いたい,-,1235,0,,,,,,,池本浩司,
1997-11-27,-,-,-,セガ,セガエイジスメモリアルセレクションVOL.,-,1783,0,,,,,,,,
1997-11-27,30,-,RAC,セガ,セガ・ツーリングカー・チャンピオンシップ,-,1067,0,,,,,,,,
1997-12-04,-,-,-,サダソフト,プラドルDISCVol.9永松恵子,-,1784,0,,,,,,,,
1997-12-04,-,-,-,エルフ,この世の果てで恋を唄う少女YU-NO,-,1384,0,,,,[PC-98/SS]:長岡康史|[リメイク版]:凪良|青木哲朗|石原恵|田中雄一|大塚舞,ヨナオケイシ|高見龍|エバン・コール|川村竜,平川哲生|横谷昌宏|大知慶一郎|猪原健太,[PC-98/SS]:剣乃ゆきひろ|[リメイク版]:志倉千代丸|[リメイク版]:浅田誠,
1997-12-04,-,-,-,コナミ,実況パワフルプロ野球S,-,1132,0,,,,,,,,
1997-12-04,-,-,-,サクセス,コットン2,-,1520,0,,,初山勝,甲木稔久|西村仁,平田健一,,吉成隆杜,
1997-12-04,-,-,-,ハドソン,銀河お嬢様伝説ユナ3ライトニング・エンジェル,-,1385,0,,,,,,,,
1997-12-04,-,-,-,マイクロビジョン,馬なり1ハロン劇場,-,1236,0,,,,,,,,
1997-12-04,-,-,-,メディアエンターテイメント,ホップステップあいどる☆,-,1237,0,,,,,,,,
1997-12-04,-,-,-,増田屋コーポレーション,デジグマックナイトアートコレクション,-,1786,0,,,,,,,,
1997-12-04,-,-,-,増田屋コーポレーション,デジグラッセンアートコレクション,-,1787,0,,,,,,,,
1997-12-04,-,-,-,日本物産,バーチャル競艇2,-,1068,0,,,,,,,,
1997-12-04,-,-,-,セガ,ソニックR,-,1069,0,,,,,,,,
1997-12-11,-,-,-,サダソフト,プラドルDISCVol.10真崎麻衣,-,1785,0,,,,,,,,
1997-12-11,-,-,-,アクセラ,マリア君たちが生まれた理由,-,1386,0,,,,,,,,
1997-12-11,-,-,-,アトラス,プリンセスクラウン,-,56,0,,,,,,,,
1997-12-11,-,-,-,イマディオ,マリーのアトリエザールブルグの錬金術士,-,57,0,,,,,山西利治,,井上忠信,
1997-12-11,-,-,-,タカラ,アルカナ・ストライクス,-,1788,0,,,,,,,,
1997-12-11,-,-,-,ハドソン,サターンボンバーマンファイト!!,-,1006,0,,藤原茂樹(監修)|柴田真人|池之内武志,,水野祥司(ビジュアルプロデューサー)|佐藤梢(サブデザイン),鶴由雄(BGM作曲)|竹間淳(バトルBGM「いつもの」|しろボン・くろボン連勝演出BGM),,猪狩寛,
1997-12-11,-,-,-,フォグ,美少女花札紀行みちのく秘湯恋物語スペシャル,-,1007,0,,,,,,,,
1997-12-11,-,-,-,メディアワークス,悠久の小箱オフィシャルコレクション,-,1789,0,,,,,,,,
1997-12-11,-,-,-,セガ,シャイニング・フォース3シナリオ1王都の巨神,-,58,0,,,,,,,,
1997-12-15,-,-,-,ハドソン,銀河お嬢様伝説ユナみかあきたかイラストワークス2,-,1790,0,,,,,,,,
1997-12-18,-,-,-,ADK,ティンクルスタースプライツ,-,1521,0,,,,,,,,
1997-12-18,-,-,-,サダソフト,プラドルDISCVol.11廣瀬真弓,-,1791,0,,,,,,,,
1997-12-18,-,-,-,T&Eソフト,ジュンクラシックC.C＆ロペ倶楽部,-,1133,0,,,,,,,,
1997-12-18,-,-,-,アスキー,サウンドノベルツクール2,-,1387,0,,池田国人|高見大三郎,笹瑞穂|小嶋俊晴,今正史,有坂光弘,寺田憲史(サンプルゲーム),川村篤,
1997-12-18,-,-,-,アテナ,クローズTHEBATTLEACTIONFORSEGASATURN,-,1008,0,,,,,,,,
1997-12-18,-,-,-,エニックス,忍ペンまん丸,-,1009,0,,,,末吉裕一郎,大谷明裕|伊戸のりお,,,
1997-12-18,-,-,-,ゲームアーツ,グランディア,-,59,0,,,,草彅琢仁,,,,
1997-12-18,-,-,-,スパイク,DJウォーズ,-,1238,0,,,,,,,,
1997-12-18,-,-,-,ナグザット,究極タイガー2プラス,-,1522,0,,,,,,,,
1997-12-18,-,-,-,パイ,テクストート・ルドアルカナ戦記,-,1792,0,,,,,,,,
1997-12-18,-,-,-,ビクター,大江戸ルネッサンス,-,1239,0,,,,,,,,
1997-12-18,-,-,-,バンダイ,エムジェイザミステリーホスピタル,-,1388,0,,,,,,,,
1997-12-18,-,-,-,ポニーキャニオン,ザップ!スノーボーディングトリックス'98,-,1134,0,,,,,,,,
1997-12-18,-,-,-,レイ・アップ,ユニバーサルナッツ,-,1389,0,,,,,,,,
1997-12-18,-,-,-,コーエー,水滸伝天導一〇八星,-,1240,0,,,,,,,,
1997-12-18,-,-,-,講談社,ウルトラマン図鑑2,-,1793,0,,,,,,,,
1997-12-23,-,-,-,SNK,リアルバウト餓狼伝説スペシャル,-,1010,0,,,,,,,,
1997-12-23,-,-,-,TGL,ティルク青い海から来た少女,-,60,0,,,,,,,,
1997-12-23,-,-,-,アークシステムワークス,ウィザーズハーモニー2,-,1241,0,,,,,,,,
1997-12-23,-,-,-,エクシング,プリズナーオブアイス邪神降臨,-,1390,0,,,,,,,,
1997-12-23,-,-,-,アトラス,デビルサマナーソウルハッカーズ悪魔全書第二集,-,1794,0,,,,,,,,
1997-12-23,-,-,-,ジーク,反射でスパーク!,-,1011,0,,,,,,,,
1998-01-15,-,-,-,BMGジャパン,ジャングルパーク,-,1391,0,,,,,,,,
1998-01-15,-,-,-,TEN研究所,SANKYOFEVERS実機シミュレーションVol.2,-,1820,0,,,,,,,,
1998-01-15,-,-,-,アルトロン,じゃんぐリズム,-,1795,0,,,,,,,,
1998-01-15,-,-,-,キッド,放課後恋愛クラブ恋のエチュード,-,1392,0,,,,,なし,,,
1998-01-15,-,-,-,キングレコード,マリオ武者野の超将棋塾,-,1550,0,,,,,,,,
1998-01-15,-,-,-,ハドソン,金田一少年の事件簿星見島悲しみの復讐鬼,-,1393,0,,,,,,天樹征丸,,
1998-01-15,-,-,-,ユーメディア,ザ・スターボウリングVol.2,-,1131,0,,,,,,,,
1998-01-15,-,-,-,小学館プロダクション,卒業アルバム,-,1796,0,,,,,,,,
1998-01-22,-,-,-,NECインターチャネル,センチメンタルグラフティ,-,1242,0,,,,キャラクターデザイン|甲斐智久(原案)|丞久幸宏,濱田智之(サウンドディレクター)|幡手康隆|野村教裕|徳永声一,大倉らいた,窪田正義|多部田俊雄|高江勇次,
1998-01-22,-,-,-,クインテット,ソロ・クライシス,-,1243,0,,,,,,,,
1998-01-22,-,-,-,ショウエイシステム,ウィザードリィネメシス,-,61,0,,,,,,,,
1998-01-22,34,-,ADV,チュンソフト,サウンドノベル街,-,1394,0,,麻野一哉|山﨑修|平松正樹|近藤英明|毛利昌樹|落合信也,板野英史|大森田不可止|川田勝美|福澤正,,難波弘之|加藤恒太|三俣千代子|林秀幸|森藤晶司|板倉真一,長坂秀佳|山﨑修|岩片烈|平松正樹|横山至,中村光一|小久保利己,
1998-01-29,35,-,RPG,セガ,アゼルパンツァードラグーンRPG,-,62,0,,,,,,,,
1998-01-29,-,-,-,NECインターチャネル,魔法少女プリティサミーハートのきもち,-,1395,0,,,,,,,,
1998-01-29,-,-,-,TGL,ファーランドサーガ,-,1244,0,,,,,,,,
1998-01-29,-,-,-,キッド,ガンブレイズS,-,63,0,,,,,,,,
1998-01-29,-,-,-,キッド,坂本竜馬維新開国,-,1245,0,,,,,,,,
1998-01-29,-,-,-,サンソフト,フォトジェニック,-,1246,0,,,,,,,,
1998-01-29,-,-,-,シムス,本格将棋指南若松将棋塾,-,1548,0,,,,,,,,
1998-01-29,-,-,-,ネバーランドカンパニー,仙窟活龍大戦カオスシード,-,1247,0,,,,,,,,
1998-01-29,-,-,-,バンダイ,セガサターンで発見!!たまごっちパーク,-,1248,0,,,,,,,,
1998-01-29,-,-,-,バンプレスト,速攻生徒会,-,1012,0,,,,,,,,
1998-01-29,-,-,-,マイクロキャビン,NOONヌーン,-,1797,0,,,,,,,伊藤ゴロー,
1998-01-29,-,-,-,メディアクエスト,ウノデラックス,-,1798,0,,,,,,,,
1998-01-29,-,-,-,コーエー,大航海時代外伝,-,1249,0,,,,,,,,
1998-02-05,32,-,SPT,セガ,ウィンターヒート冬季競技11種,-,1135,0,,,,,,,,
1998-02-05,-,-,-,CRI,くのいち捕物帖,-,1396,0,,,,,,,,
1998-02-11,-,-,-,キッド,テナントウォーズ,-,1250,0,,,,,,,,
1998-02-11,-,-,-,バンダイ,SDガンダムジーセンチュリーS,-,1251,0,,,,,,,,
1998-02-19,-,-,-,セガ,プロ野球チームもつくろう!,-,1252,0,,,,,,,,
1998-02-19,-,-,-,セガ,バーチャコップスペシャルパック,-,1523,0,,,,,,,,
1998-02-19,-,-,-,データム・ポリスター,すごべんちゃードラゴンマスターシルク外伝,-,1799,0,,,,,,,,
1998-02-26,-,-,-,セガ,セガエイジスパワードリフト,-,1070,0,,,,,,,,
1998-02-26,32,-,-,セガ,バーニングレンジャー,-,1013,0,,大島直人,,大島直人(キャラクターデザイン),幡谷尚史|熊谷文恵|瀬津丸勝,,中裕司,
1998-02-26,-,-,-,イマディオ,イヴバースト・エラー＆デザイアバリューパック,-,1397,0,,,,,,,,
1998-02-26,-,-,-,エレクトロニック・アーツ,バトルガレッガ,-,1524,0,,,"矢川忍|渡邉康成(68000 side)|落合雄一(Z80 side)",山川真介|辰田光章,並木学(さんたるる),,中島和之,
1998-02-26,-,-,-,コナミ,Jリーグ実況炎のストライカー,-,1136,0,,,,,,,,
1998-02-26,-,-,-,シムス,ステラアサルトSS,-,1525,0,,,,,,,,
1998-02-26,-,-,-,シムス,メッセージ・ナビVol.2,-,1800,0,,,,,,,,
1998-02-26,-,-,-,ジャレコ,スーチーパイアドベンチャードキドキナイトメア,-,1801,0,,,,,,,,
1998-02-26,-,-,-,データイースト,慟哭そして…,-,1398,0,,高橋広志,酒田エス・エー・エス株式会社,山本良博|横田守,SIN,小島早紀子,石井誠一,
1998-02-26,-,-,-,ネクストン,パチンコホール新装大開店,-,1253,0,,,,,,,,
1998-02-26,-,-,-,ハドソン,白き魔女もうひとつの英雄伝説-,-,64,0,,,,,,,,
1998-02-26,-,-,-,メサイヤ,ラングリッサードラマティックエディション,-,65,0,,,,,,,,
1998-02-26,-,-,-,メディアワークス,悠久幻想曲セカンドアルバム,-,1254,0,,,,,,,,
1998-03-05,-,-,-,セガ,セガワールドワイドサッカー'98,-,1137,0,,,,,,,,
1998-03-05,-,-,-,エクシング,アーケードギアーズVol.3ワンダー3,-,1802,0,,,,,,,,
1998-03-05,-,-,-,ゲームバンク,ワイプアウトXL,-,1071,0,,,,,,,,
1998-03-05,-,-,-,パック・イン・ソフト,ナイル河の夜明け,-,1255,0,,,,,,,,
1998-03-05,-,-,-,ハドソン,電波少年的ゲーム,-,1803,0,,,,,,,,
1998-03-05,-,-,-,マイクロネット,バーチャル麻雀,-,1589,0,,,,,,,,
1998-03-12,-,-,-,アクレイムジャパン,タイムコマンドー,-,1014,0,,,,,,,,
1998-03-12,-,-,-,イマディオ,イヴザ・ロストワン,-,1399,0,,,,,,,,
1998-03-12,-,-,-,キッド,Piaキャロットへようこそ!!,-,1400,0,,,,,あり,,,
1998-03-12,-,-,-,ヒューマン,ザ・コンビニ2全国チェーン展開だ!,-,1256,0,,,,,,,,
1998-03-19,-,-,-,インクリメントP,プリンセスクエスト,-,66,0,,,,すぎやまGENSHO,,,,
1998-03-26,-,-,-,セガ,ザ・ハウス・オブ・ザ・デッド,-,1526,0,,,,,,,,
1998-03-26,-,-,-,セガ,プロ野球グレイテストナイン'98,-,1138,0,,,,,,,,
1998-03-26,-,-,-,セガ,新世紀エヴァンゲリオン鋼鉄のガールフレンド,-,1401,0,,,,,,,,
1998-03-26,-,-,-,BMGジャパン,クーリエ・クライシス,-,1015,0,,,,,,,,
1998-03-26,-,-,-,SNK,ザ・キング・オブ・ファイターズ'97,-,1016,0,,,,,,,,
1998-03-26,-,-,-,ゲームバンク,プライマルレイジ,-,1017,0,,,,,,,,
1998-03-26,-,-,-,ゲームバンク,ヘクセン,-,1019,0,,,,,,,,
1998-03-26,32,-,-,コナミ,ときめきメモリアルドラマシリーズVol.2彩のラブソング,-,1402,0,,,,,なし(ゲーム中に自宅のコンポをクリックすると|使用曲の一部は聴ける),,,
1998-03-26,-,-,-,コナミ,吉村将棋,-,1551,0,,,,,,,,
1998-03-26,-,-,-,タカラ,チョロQパーク,-,1072,0,,,,,,,,
1998-03-26,-,-,-,ビクター,ダンジョン・マスターネクサス,-,67,0,,,,,,,,
1998-03-26,-,-,-,メディアクエスト,クロック!パウパウアイランド,-,1018,0,,,,,"Justin Scharvona",,"David Stalker",
1998-03-26,-,-,-,コーエー,提督の決断3withパワーアップキット,-,1257,0,,,,,,,,
1998-03-26,-,-,-,電子メディアサービス,テクノモーター,-,1804,0,,,,,,,,
1998-04-02,-,-,-,セガ,セガエイジスファンタシースターコレクション,-,68,0,,,,,,,,
1998-04-02,-,-,-,セガ,ドラゴンフォース2神去りし大地に,-,69,0,,,,,,,,
1998-04-02,-,-,-,コンパイル,わくわくぷよぷよダンジョン,-,70,0,,,,,,,,
1998-04-02,-,-,-,テクノソフト,組み立てバトルくっつけっと,-,1258,0,,,,,,,,
1998-04-02,-,-,-,パック・イン・ソフト,湾岸トライアルラブ,-,1073,0,,,,,,,,
1998-04-02,-,-,-,ヒューマン,サウンド・キューブ,-,1805,0,,,,,,,,
1998-04-02,-,-,-,コーエー,ウイニングポスト3,-,1259,0,,,,,,,,
1998-04-02,-,-,-,コーエー,信長の野望将星録,-,1260,0,,,,,,,,
1998-04-04,33,-,-,セガ,サクラ大戦2君、死にたもうことなかれ,-,525,0,,,,,あり,,大場規勝,
1998-04-09,-,-,-,ユービーアイソフト,テニス・アリーナ,-,1139,0,,,,,,,,
1998-04-09,-,-,-,エニックス,リヴンザ・シークェル・トゥ・ミスト,-,1404,0,,,,,,,,
1998-04-09,33,-,-,バンダイ,機動戦士ガンダムギレンの野望,-,1261,0,,,,,,,牛村憲彦,
1998-04-09,-,-,-,コーエー,信長の野望戦国群雄伝,-,1262,0,,,,,菅野よう子|山本光男,,シブサワ・コウ,
1998-04-09,-,-,-,小学館プロダクション,卒業3ウエディング・ベル,-,1263,0,,,,,,中園ミホ|浅野妙子|尾崎将也|真柴あずき,,
1998-04-09,-,-,-,翔泳社,あやかし忍伝くの一番プラス,-,1264,0,,,,,,,,
1998-04-16,31,-,FTG,カプコン,ヴァンパイアセイヴァー,-,1020,0,,,,,,,,
1998-04-16,-,-,-,ハドソン,ボンバーマンウォーズ,-,1021,0,,藤原茂樹,,水野祥司(ムービーディレクター)|関島俊文(CGディレクター),ふぁみしん,,馬場弘晃,
1998-04-16,-,-,-,マイクロキャビン,サバキ,-,1022,0,,,,,,,,
1998-04-16,-,-,-,マイクロキャビン,英雄志願,-,71,0,,,,,,,,
1998-04-23,-,-,-,キッド,ゲームで青春,-,1806,0,,,,,,,,
1998-04-23,-,-,-,ゲームアーツ,ガングリフォン2,-,1527,0,,,,,,,,
1998-04-23,-,-,-,タカラ,ツアーパーティー卒業旅行にいこう,-,1807,0,,,,,,,,
1998-04-23,-,-,-,バンプレスト,スーパーロボット大戦F完結編,-,48,0,,,,湖川友謙|河野さち子,,,寺田貴信,
1998-04-23,-,-,-,毎日コミュニケーションズ,ひみつ戦隊メタモルV,-,1405,0,,,,,,,,
1998-04-29,30,-,SRPG,セガ,シャイニング・フォース3シナリオ2狙われた神子,-,73,0,,,,,,,,
1998-04-29,-,-,-,データム・ポリスター,ルームメイト3涼子風の輝く朝に,-,1265,0,,,,,,,,
1998-04-29,-,-,-,メディアクエスト,スーパーテンポ,-,1023,0,,,,,,,,
1998-05-07,-,-,-,イマディオ,イヴザ・ロストワン＆デザイアバリューパック,-,1406,0,,,,,,,,
1998-05-21,-,-,-,イマディオ,メルティランサーリインフォース,-,1266,0,,,,,,,,
1998-05-21,-,-,-,スティング,バロック,-,74,0,,,,,,,,
1998-05-21,-,-,-,セタ,スーパーリアル麻雀P7,-,1590,0,,,,,,,,
1998-05-21,-,-,-,ハドソン,シャドウズ・オブ・ザ・タスク,-,1267,0,,,,,,,,
1998-05-21,-,-,-,ビデオシステム,アイドル麻雀ファイナルロマンス4,-,1591,0,,,,,,,,
1998-05-28,-,-,-,セガ,少女革命ウテナいつか革命される物語,-,1407,0,,,,長谷川眞也,光宗信吉,"ビーパパス[注 1]",,
1998-05-28,-,-,-,KSS,無人島物語Rふたりのラブラブ愛ランド,-,1268,0,,,,,,,,
1998-05-28,-,-,-,ゲームアーツ,グランディアデジタルミュージアム,-,75,0,,,,草彅琢仁,,,,
1998-05-28,-,-,-,ジャレコ,GT24,-,1074,0,,,,,"ミュージックビデオ 「GT400」 - YouTube",,,
1998-05-28,-,-,-,ソシエッタ代官山,王様げーむ,-,1808,0,,,,,,,,
1998-06-04,-,-,-,ダイキ,ファインドラブ2ザ・プロローグ,-,1809,0,,,,,,,,
1998-06-11,-,-,-,セガ,ワールドカップ'98フランス,-,1140,0,,,,,,,,
1998-06-11,-,-,-,アスキーサムシングッド,AI将棋2,-,1552,0,,,,,,,,
1998-06-11,-,-,-,タカラ,エーベルージュスペシャル恋と魔法の学園生活,-,1269,0,,,,,,,,
1998-06-18,-,-,-,アスキー,リンダキューブ完全版,-,76,0,,安藤誠,長谷川浩,桝田省治|CANNABIS,樹原涼子|島村考一,桝田省治|稲本義彦|広瀬絵美,松原文彦|高橋孝造,
1998-06-18,-,-,-,ガイナックス,プリンセスメーカーゆめみる妖精,-,1270,0,,,,赤井孝美,FM音源(PC-98|MSX2|X68000)|PSG音源(MSX2)|MIDI音源(PC/AT|X68000),,,
1998-06-18,-,-,-,ビクター,村越正海の爆釣日本列島,-,1141,0,,,,,,,,
1998-06-18,-,-,-,メサイヤ,ラングリッサー5ジエンドオブレジェンド,-,77,0,,,,,,,,
1998-06-18,-,-,-,講談社,ウルトラマン図鑑3,-,1810,0,,,,,,,,
1998-06-18,-,-,-,増田屋コーポレーション,ケリオトッセ!,-,1024,0,,,,,,,,
1998-06-25,-,-,-,アスキー,ゲームベーシックフォーセガサターン,-,1811,0,,,,,,,,
1998-06-25,-,-,-,カプコン,スーパーアドベンチャーロックマン,-,1408,0,,,,,,,,
1998-06-25,32,-,ACT,コナミ,悪魔城ドラキュラX月下の夜想曲,-,78,0,,,,,,,,
1998-06-25,-,-,-,セガ,日本代表チームの監督になろう!,-,79,0,,,,,,,,
1998-06-25,30,-,ADV,ワークジャム,クロス探偵物語もつれた7つのラビリンス,-,1409,0,,,,,,,,
1998-06-25,-,-,-,講談社,水木しげるの妖怪図鑑総集編,-,1812,0,,,,,,,,
1998-06-25,-,-,-,講談社,頭文字D公道最速伝説,-,1075,0,,,,,,,,
1998-07-02,-,-,-,セガ,セガエイジスギャラクシーフォース2,-,1528,0,,,,,,,,
1998-07-02,-,-,-,アトラス,ソルディバイド,-,1529,0,,,,,,,,
1998-07-02,-,-,-,イマディオ,イヴバースト・エラー＆＆イヴザ・ロストワンバリューパック,-,1410,0,,,,,,,,
1998-07-02,-,-,-,スターライトマリー,アナザー・メモリーズ,-,1271,0,,,,,,,,
1998-07-02,-,-,-,ナグザット,もってけたまごwithがんばれ!かものはし,-,1025,0,,,,,,,宿利剛,
1998-07-02,-,-,-,コーエー,ドルイド闇への追跡者,-,80,0,,,,,,,,
1998-07-09,-,-,-,カプコン,ポケットファイター,-,1026,0,,,"KNIGHT RIDER GIU",江口勝博,伊勢聡,,岡本吉起|船水紀孝|佐渡敬,
1998-07-09,-,-,-,クインテット,コード・アール,-,1076,0,,,,,,,,
1998-07-09,31,-,ADV,データイースト,探偵神宮寺三郎夢の終わりに,-,1411,0,,西山英一,塩野祐一|海老沢俊之|澤井雄一,寺田克也|高橋光,浜田'atomic'誠一|佐藤'tom'共良,稲葉洋敬,西山英一,
1998-07-16,-,-,-,セガ,ディープ・フィアー,-,1027,0,,,,韮沢靖,川井憲次,,小玉理恵子,
1998-07-16,-,-,-,アルトロン,エルフを狩るモノたち2,-,1412,0,,,,後藤圭二,堤秀樹(第1期)|堤秀樹|横山剛(第2期),,,
1998-07-23,-,-,-,キッド,ハイスクールテラストーリー,-,1413,0,,,,,,,,
1998-07-23,-,-,-,クリスタルビジョン,お嬢様を狙え!!,-,1414,0,,,,,,,,
1998-07-23,-,-,-,コナミ,コナミアンティークスMSXコレクションウルトラパック,-,1813,0,,,,,,,,
1998-07-23,-,-,-,コンパイル,魔導物語,-,81,0,,,,,,,,
1998-07-23,-,-,-,トレジャー,レイディアントシルバーガン,-,1530,0,,,,井内ひろし,崎元仁,,,
1998-07-23,-,-,-,角川書店,ルナ2エターナルブルー,-,82,0,,小山洋幸,小山洋幸,安住政敏|前田真宏|拔山敏弘,岩垂徳行|溝口功,重馬敬,,
1998-07-30,-,-,-,アルトロン,わくわくモンスター,-,1814,0,,,,,,,,
1998-07-30,-,-,-,ビスコ,ラブリーポップ2in1雀じゃん恋しましょ,-,1592,0,,,,,,,,
1998-07-30,-,-,-,ビング,バックガイナーよみがえる勇者たち覚醒編「ガイナー転生」,-,1272,0,,,,,,,,
1998-07-30,-,-,-,メサイヤ,ドリーム・ジェネレーション恋か？仕事か!？…,-,1273,0,,,,時友美如(キャラクターデザイン),尾形雅史,山本優|真鍋賢行,真鍋賢行,
1998-07-30,-,-,-,メディアワークス,お嬢様特急,-,1415,0,,,,,,,,
1998-07-30,-,-,-,ワカ製作所,サターンミュージックスクール2,-,1815,0,,,,,,,,
1998-07-30,-,-,-,コーエー,アンジェリークデュエット,-,1274,0,,,,,,,,
1998-08-06,-,-,-,セガ,バッケンローダー,-,83,0,,,,,,,,
1998-08-06,-,-,-,セガ,プロ野球グレイテストナイン'98サマーアクション,-,1142,0,,,,,,,,
1998-08-06,-,-,-,SNK,サムライスピリッツベストコレクション斬紅郎無双剣＆天草降臨,-,1028,0,,,,,,,,
1998-08-06,-,-,-,SNK,リアルバウト餓狼伝説ベストコレクション,-,1029,0,,,,,,,,
1998-08-06,-,-,-,アスミック,ルパン三世ピラミッドの賢者,-,1531,0,,,,,,,,
1998-08-06,-,-,-,カマタアンドパートナーズ,斬魔超奥義ヴァルハリアン,-,84,0,,,,,,,,
1998-08-06,-,-,-,サクセス,ガーディアンフォース,-,1532,0,,,,,,,,
1998-08-06,-,-,-,サンソフト,アストラスーパースターズ,-,1030,0,,,,,,,,
1998-08-20,-,-,-,エクシング,アーケードギアーズイメージファイト＆X-マルチプライ,-,1533,0,,,,,,,,
1998-08-20,-,-,-,毎日コミュニケーションズ,海辺でリーチ!,-,1593,0,,,,,,,,
1998-08-27,32,-,-,NECインターチャネル,ブラックマトリクス,-,1280,0,,,,,,,,
1998-08-27,-,-,-,TGL,魔法使いになる方法,-,85,0,,,,,,,,
1998-08-27,-,-,-,カプコン,カプコンジェネレーション第1集撃墜王の時代,-,1534,0,,,,,,,,
1998-09-03,-,-,-,角川書店,スレイヤーズろいやる2,-,86,0,,,,,,,,
1998-09-17,-,-,-,アスキー,シミュレーションRPGツクール,-,87,0,,,,,,,,
1998-09-17,-,-,-,コナミ,幻想水滸伝,-,88,0,,,,,,,,
1998-09-23,32,-,SRPG,セガ,シャイニング・フォース3シナリオ3氷壁の邪神宮,-,89,0,,,,,,,,
1998-09-23,-,-,-,セガ,機動戦艦ナデシコTheblankof3years,-,1416,0,,,,麻宮騎亜(原案)|後藤圭二|明貴美加(メイン)|企画デザイン工房戦船|高倉武史|沙倉拓実|中原れい|森木靖泰,服部隆之,,,
1998-09-23,-,-,-,GMF,英雄伝説1＆2TheLegendofHeroes,-,90,0,,,,,,,,
1998-09-23,-,-,-,TGL,スチーム・ハーツ,-,1535,0,,,,,,,,
1998-09-23,-,-,-,アルトロン,ソルヴァイス,-,91,0,,,,,,,,
1998-09-23,-,-,-,カプコン,カプコンジェネレーション第2集魔界と騎士,-,1031,0,,,,,,,,
1998-09-23,-,-,-,バンダイ,デジタルモンスターVer.Sデジモンテイマーズ,-,1281,0,,,,,,,,
1998-09-23,-,-,-,メイクソフトウェア,麻雀学園祭DX前日にまつわる奮戦記,-,1594,0,,,,,,,,
1998-10-01,-,-,-,SNK,ザ・キング・オブ・ファイターズベストコレクション,-,1032,0,,,,,,,,
1998-10-01,30,-,-,タカラ,電車でGO!EX,-,1282,0,,,,,,,,
1998-10-01,-,-,-,ビング,バックガイナーよみがえる勇者たち飛翔編「うらぎりの戦場」,-,1283,0,,,,,,,,
1998-10-01,-,-,-,メディアギャロップ,桜通信,-,1417,0,,,,たけうちのぶゆき|下坂英男,萩田光雄,,,
1998-10-01,-,-,-,徳間書店,初恋物語,-,1275,0,,,,,,,,
1998-10-08,-,-,-,NECインターチャネル,Piaキャロットへようこそ!!2,-,1418,0,,,,,あり,,,
1998-10-08,-,-,-,サクセス,コットンブーメラン,-,1537,0,,,初山勝|桑原利行,田村英樹,平田健一,,吉成隆杜,
1998-10-08,-,-,-,バンダイ,機動戦士ガンダムギレンの野望攻略指令書,-,1276,0,,,,,,,,
1998-10-15,-,-,-,セガ,セガエイジスアイラブミッキーマウスふしぎのお城大冒険アイラブドナルドグルジア王の秘宝,-,1033,0,,,,,,,,
1998-10-15,-,-,-,カプコン,カプコンジェネレーション第3集ここに歴史はじまる,-,1536,0,,,,,,,,
1998-10-22,-,-,-,アルトロン,ロックス,-,1816,0,,,,,,,,
1998-10-22,-,-,-,カプコン,マーヴル・スーパーヒーローズVSストリートファイター,-,1034,0,,,MOTSU|廣瀬紀生|川瀬学|葛野誠|山村勇一,冨田篤|中野正弘|松本裕司,岩井由紀|竹原裕子,,片岡謙治,
1998-10-22,-,-,-,ビング,ミズバク大冒険,-,1035,0,,平松信宏|松本俊明,石田一朋|ながはらくさご|つねきよこうじ|黒沢孝,平松信宏|平松信宏|鯨井洋代|岩田吉弘|PEACOCK|V.A.P,海野和子|小倉久佳,,,
1998-10-22,-,-,-,彩京,ストライカーズ19452,-,1538,0,,,,,,,,
1998-10-29,-,-,-,セガ,せがた三四郎真剣遊戯,-,1817,0,,,,,,,,
1998-10-29,-,-,-,アルトロン,本格花札,-,1818,0,,,,,,,,
1998-10-29,-,-,-,キッド,バーチャコールS,-,1277,0,,,,,,,,
1998-10-29,-,-,-,ビクター,ファルコムクラシックス2,-,92,0,,,,,,,,
1998-11-05,-,-,-,ガイナックス,新世紀エヴァンゲリオンエヴァと愉快な仲間たち,-,1595,0,,,,,,,,
1998-11-05,-,-,-,セタ,リアル麻雀アドベンチャー海へSummerWaltz,-,1419,0,,,,,,,,
1998-11-12,-,-,-,カプコン,カプコンジェネレーション第4集孤高の英雄,-,1539,0,,,,,,,,
1998-11-19,-,-,-,カプコン,七星闘神ガイファードクラウン壊滅作戦,-,1421,0,,,,,,,,
1998-11-19,-,-,-,キッド,シーズン,-,1420,0,,,,,,,,
1998-11-26,-,-,-,TAKUYO,エチュードプロローグ揺れ動く心のかたち,-,1422,0,,,,,,,,
1998-11-26,-,-,-,TEN研究所,SANKYOFEVERS実機シミュレーションVol.3,-,1819,0,,,,,,,,
1998-11-26,-,-,-,ジャレコ,アイドル雀士スーチーパイめちゃ限定版発売5周年(得)パッケージ,-,1596,0,,,,,,,,
1998-11-26,-,-,-,ダイキ,ファインドラブ2ラプソディ,-,1278,0,,,,,,,,
1998-11-26,-,-,-,バンプレスト,ボールディランド,-,1284,0,,,,,,,,
1998-11-26,-,-,-,ローカス,ウィザードリィリルガミンサーガ,-,93,0,,,,,,,,
1998-12-03,-,-,-,TGL,ファーランドサーガ時の道標,-,94,0,,,,,,,,
1998-12-03,-,-,-,カプコン,カプコンジェネレーション第5集格闘家たち,-,1036,0,,,,,,,,
1998-12-03,-,-,-,"コーエー コーエー",ウイニングポスト3プログラム'98,-,1285,0,,,,,,,,
1998-12-03,-,-,-,徳間書店,続初恋物語修学旅行,-,1286,0,,,,,,,,
1998-12-10,-,-,-,キッド,瑠璃色の雪,-,1423,0,,,,,あり,,,
1998-12-10,-,-,-,パイオニアLDC,ノエル3,-,1424,0,,,,,,,,
1998-12-10,-,-,-,マイクロネット,バーチャル麻雀2マイ・フェアー・レディ,-,1597,0,,,,,,,,
1998-12-10,-,-,-,メディアワークス,悠久幻想曲アンサンブル,-,1287,0,,,,,,,,
1998-12-17,-,-,-,彩京,よしもと麻雀倶楽部,-,1598,0,,,,,,,,
1998-12-23,-,-,-,キッド,6インチまいだーりん,-,1425,0,,,,,あり,,,
1998-12-23,-,-,-,ザウス,ガールドールトーイ魂をください,-,1426,0,,,,,,,,
1998-12-23,-,-,-,セガ/レッドカンパニー,サクラ大戦帝撃グラフ,-,1427,0,,,,,,,,
1998-12-23,-,-,-,メサイヤ,ラングリッサートリビュート,-,95,0,,,,,,,,
1999-01-14,-,-,-,データム・ポリスター,ルームメイトWふたり,-,1288,0,,,,,,,筧行夫,
1999-01-14,-,-,-,カマタアンドパートナーズ,闘龍伝説エランドール,-,1037,0,,,,,,,,
1999-02-25,-,-,-,メディアワークス,デバイスレイン,-,96,0,,,,,,,,
1999-03-04,-,-,-,カプコン,ダンジョンズ＆ドラゴンズコレクション,-,1038,0,,,,,,,,
1999-03-04,-,-,-,メディアワークス,悠久幻想曲アンサンブル2,-,1821,0,,,,,,,,
1999-03-04,-,-,-,ビクター,ファルコムクラシックコレクション,-,97,0,,,,,,,,
1999-03-04,-,-,-,セガ,仙劍奇侠傳,-,1838,0,,,,,,,"Max Matsuura",
1999-03-18,-,-,-,キッド,キスより…,-,1289,0,,,,,ジョー山中(第1作)|三浦一年(第2作),小水一男(第1作)|小野寺崇(第2作),,
1999-03-18,-,-,-,ジャレコ,アイドル雀士スーチーパイシークレットアルバム,-,1599,0,,,,,,,,
1999-03-25,30,-,SLG,アスキー,ダービースタリオン,-,1290,0,,,,,,,,
1999-04-01,32,-,-,コナミ,ときめきメモリアルドラマシリーズVol.3旅立ちの詩,-,1428,0,,,,,なし(ゲーム中に自宅のコンポをクリックすると|使用曲の一部は聴ける),,,
1999-04-22,-,-,-,データム・ポリスター,涼子のおしゃべりルーム,-,1822,0,,,,,,,,
1999-04-29,-,-,-,NECインターチャネル,フレンズ青春の輝き,-,1429,0,,,,,有,,,
1999-07-08,-,-,-,カルチャーブレーン,プロ指南麻雀兵,-,1600,0,,,,,,,,
1999-07-29,-,-,-,NECインターチャネル,ウィズユーみつめていたい,-,1430,0,,,,,,,,
1999-08-06,30,-,FTG,カプコン,ストリートファイターZERO3,-,1039,0,,,,,,,,
1999-10-14,-,-,-,セガ,ソニック3Dフリッキーアイランド,-,1040,0,,,,,,,,
2000-03-16,-,-,-,データム・ポリスター,ルームメイト井上涼子コンプリートボックス,-,1291,0,,,,,,,,
2000-03-30,-,-,-,カプコン,ファイナルファイトリベンジ,-,1041,0,,,,飯島哲也,,,,
2000-12-07,-,-,-,メディアワークス,悠久幻想曲保存版パーペチュアルコレクション,-,1292,0,,,,,,,,
