発売日,クロスレビュー(評価),容量(bit),ジャンル,メーカー,タイトル,価格,ジョブカテゴリ,カウント,ハード・メモリ,👥クリエイターズ👨‍💼👨‍💻🎨,👨‍💼ディレクター,👨‍💻プログラマー,🎨デザイナー/美術,🎵音楽,📝シナリオ,💼プロデューサー,
1987-10-30,-,2,ACT,ハドソン,ビックリマンワールド(Vol.2),"￥4,500","￥4,500代",0,1,,,,,,,,
1987-10-30,-,1,PUZ,ハドソン,上海(Vol.4),"￥4,500","￥4,500代",0,1,,,,,,,,
1987-11-21,-,2,ACT,ハドソン,THE功夫(Vol.1),"￥4,500","￥4,500代",0,1,,,,,,,,
1987-11-30,-,2,ACT,ハドソン,カトちゃんケンちゃん(Vol.6),"￥4,900","￥5,000代",0,1,,,,,,,,
1987-12-28,-,2,RAC,ハドソン,ビクトリーラン(Vol.3),"￥4,500","￥4,500代",0,1,,,,,,,,
1988-01-22,-,2,RPG,ハドソン,邪聖剣ネクロマンサー(Vol.5),"￥4,500","￥4,500代",0,1,,,,,,,,
1988-02-05,-,2,ACT,ナムコ,妖怪道中記,"￥4,900","￥5,000代",0,1,,,デビル中村,水野一実|ナナチャン大石|木元昌洋|小森谷勇一郎|サラバジャ南|ホルスタイン安斎|カータン榊原,川田宏行,,,
1988-03-25,35,2,SHT,ハドソン,R-TYPEI(Vol.7),"￥4,900","￥5,000代",0,1,,,,,,,,
1988-04-22,-,2,ETC,ハドソン,遊々人生(Vol.8),"￥4,500","￥4,500代",0,1,,,,,,,,
1988-05-20,35,2,SPT,ナムコ,プロ野球ワールドスタジアム,"￥4,900","￥5,000代",0,1,,,天内潤,,川元義徳,,,
1988-06-03,35,2,SHT,ハドソン,R-TYPEII(Vol.9),"￥4,900","￥5,000代",0,1,,,,,,,,
1988-07-08,-,2,ETC,ハドソン,戦国麻雀(Vol.10),"￥4,900","￥5,000代",0,1,,,,,,,,
1988-07-15,-,2,SHT,ナムコ,ギャラガ'88,"￥4,900","￥5,000代",0,1,,,,,川田宏行,,,
1988-07-24,31,2,SPT,ハドソン,パワーリーグ(Vol.11),"￥4,900","￥5,000代",0,1,,,,,,,,
1988-08-11,33,2,SPT,ナムコ,プロテニスワールドコート,"￥4,900","￥5,000代",0,1,,,,,慶野由利子,,,
1988-08-30,-,2,ACT,ハドソン,魔神英雄伝ワタル(Vol.12),"￥4,900","￥5,000代",0,1,,,,,,,,
1988-09-14,33,2,ETC,ナグザット,エイリアンクラッシュ,"￥5,500","￥5,500代",0,1,,,,,迫田敏明[要出典],,,
1988-09-23,-,2,SLG,メサイヤ,ガイアの紋章,"￥5,200","￥5,000代",0,1,,,,,,,,
1988-09-23,-,2,ACT,ビクター音楽産業,魔境伝説(Vol.1),"￥5,200","￥5,000代",0,1,,,,,,,,
1988-10-14,-,2,SHT,NECアベニュー,ファンタジーゾーン,"￥5,900","￥6,000代",0,1,,石井洋児,片木秀一,石井洋児|近藤正樹,川口博史,,,
1988-11-18,-,2,ADV,ハドソン,定吉七番(Vol.14),"￥4,900","￥5,000代",0,1,,,,,,,,
1988-12-04,-,2,SYS,NEC-HE/ハドソン,CD-ROM2SYSTEMVer1.0,"￥57,300","￥57,500代",0,1,,,,,,,,
1988-12-04,-,2,SYS,NEC-HE/ハドソン,CD-ROM2SYSTEMVer2.0,"￥57,300","￥57,500代",0,1,,,,,,,,
1988-12-09,-,4,SHT,NECアベニュー,スペースハリアー,"￥6,700","￥6,500代",0,1,,藤井睦弘(セガ・マークIII),三船敏(アーケード)|川竹英士(アーケード)|中裕司(セガ・マークIII),鈴木裕(アーケード)|麻生宏(アーケード)|津田知介(アーケード)|永田英朗(アーケード)|貞森康毅(セガ・マークIII),川口博史(アーケード)|鈴木裕(アーケード)|上保徳彦(セガ・マークIII),中裕司(セガ・マークIII)|藤井睦弘(セガ・マークIII)|百田浩司(セガ・マークIII),金成貫(アーケード)|中裕司(セガ・マークIII),
1988-12-16,32,2,SHT,ナムコ,ドラゴンスピリット,"￥5,500","￥5,500代",0,1,,"YOKO BOSS",田中京太,"OJISAN TRIO PLUS 1|石川達也|MACCHAN|ARAKAWA DA!",細江慎治,,,
1988-12-22,-,2,SPT,ハドソン,あっぱれゲートボール(Vol.13),"￥4,900","￥5,000代",0,1,,,,,,,,
1989-01-14,30,3,ACT,アイレム,ビジランテ(Vol.1),"￥6,300","￥6,500代",0,1,,,,,,,,
1989-01-27,-,2,ACT,NECアベニュー,ソンソンII,"￥5,400","￥5,500代",0,1,,,,,,,,
1989-02-09,31,3,SLG,ハドソン,ネクタリス(Vol.16),"￥5,800","￥6,000代",0,1,,,,,,,,
1989-02-23,-,2,RAC,メサイヤ,モトローダー,"￥5,200","￥5,000代",0,1,,,M.IWASHITA,大張正己,ガブリンサウンド,,白倉安昌,
1989-03-01,30,2,SHT,フェイス,はにい･いんざ･すかい,"￥5,200","￥5,000代",0,1,,,こうもりだんしゃく|ながさわみきや,熊倉賢一|ばばあつし|おのでらこうじ,岩永敦子,,三金堂,
1989-03-03,-,2,SPT,データイースト,ウイニングショット,"￥5,500","￥5,500代",0,1,,,,,,,,
1989-03-04,-,3,A-PRG,ハドソン,ダンジョンエクスプローラ(Vol.15),"￥5,800","￥6,000代",0,1,,,,,,,,
1989-03-17,-,2,RPG,サンソフト,アウトライブ,"￥5,600","￥5,500代",0,1,,,,,,,,
1989-03-18,-,2,ACT,メサイヤ,改造町人シュビビンマン,"￥5,200","￥5,000代",0,1,,白倉安昌,,うらべ・すう,ガブリンサウンド,,土田俊郎,
1989-03-20,-,2,SHT,エイコム,P-47,"￥5,200","￥5,000代",0,1,,,,,,,,
1989-03-23,-,3,RAC,パックインビデオ,F1PILOT,"￥6,300","￥6,500代",0,1,,,,,,,,
1989-03-23,-,2,A-PRG,ビクター音楽産業,死霊戦線,"￥5,500","￥5,500代",0,1,,,,,,,,
1989-03-28,-,2,SPT,メサイヤ,がんばれ!ゴルフボーイズ,"￥5,300","￥5,500代",0,1,,,,,,,,
1989-03-31,-,2,SHT,パックインビデオ,ディープブルー海底神話,"￥5,300","￥5,500代",0,1,,,,,,,,
1989-03-31,33,2,SHT,タイトー,究極タイガー,"￥5,500","￥5,500代",0,1,,,弓削雅稔|上村建也,,弓削雅稔|上村建也,,,
1989-04-01,-,2,RPG,データイースト,魔界八犬伝SHADA,"￥5,800","￥6,000代",0,1,,巌光生,T.OGAWA|T.SUZUKI|GUMON|K.KAMIMURA,M.RAI|T.ITO|巌光生,酒井省吾|岩崎正明|三浦孝史|濱田誠一|鈴木雄司|高濱祐輔,,,
1989-04-19,-,2,ACT,メサイヤ,エナジー,"￥5,200","￥5,000代",0,1,,,,,,,,
1989-04-21,-,2,ACT,ナムコ,ワンダーモモ,"￥6,800","￥7,000代",0,1,,,弓達公雄,,弓達公雄,,,
1989-04-27,-,4,RPG,ハドソン,凄ノ王伝説(Vol.17),"￥6,500","￥6,500代",0,1,,,,,,,,
1989-05-25,-,3,SPT,ハドソン,パワーゴルフ(Vol.18),"￥5,800","￥6,000代",0,1,,,,,,,,
1989-05-30,-,3,SPT,ナグザット,ナグザットオープン,"￥6,300","￥6,500代",0,1,,,,,,,,
1989-05-30,-,4,SPT,ナグザット,ナグザットスタジアム,"￥6,300","￥6,500代",0,1,,,,,,,,
1989-06-01,30,2,ACT,ナムコ,パックランド,"￥5,200","￥5,000代",0,1,,,岸本好弘,佐藤誠市|根來司|小野浩,慶野由利子,,,
1989-06-19,-,3,ETC,ビデオシステム,わいわい麻雀,"￥5,800","￥6,000代",0,1,,,,,,,,
1989-06-22,-,3,SPT,ヒューマン,ファイヤープロレスリングコンビネーションタッグ,"￥6,300","￥6,500代",0,1,,,増田雅人|林徹,増田雅人|笹沢英昭|笹沢英昭|小林裕一|中島良一,橋本正樹,,,
1989-06-23,-,4,ACT,フェイス,サイバークロス,"￥6,300","￥6,500代",0,1,,,,,,,,
1989-06-28,-,4,ACT,ビッグクラブ,神武伝承,"￥6,700","￥6,500代",0,1,,,,,,,,
1989-06-30,-,3,ACT,タイトー,ニンジャウォーリアーズ,"￥6,200","￥6,000代",0,1,,緒方正樹,永田喜久|岩崎雄二|わたべよしゆき|緒方正樹|佐々木大輔,辻野浩司|石川幸生,小倉久佳,辻野浩司,末角要次郎,
1989-07-07,30,3,SHT,ハドソン,ガンヘッド(Vol.19),"￥6,200","￥6,000代",0,1,,,,,,,,
1989-07-07,30,3,RAC,ナムコ,ファイナルラップツイン,"￥6,200","￥6,000代",0,1,,,,,細江慎治,,,
1989-07-14,-,2,SHT,NECアベニュー,サイドアーム,"￥5,400","￥5,500代",0,1,,,,,,,,
1989-07-28,-,2,ACT,エイコム,武田信玄,"￥5,600","￥5,500代",0,1,,,,,,,,
1989-08-04,-,2,ADV,マイクロキャビン,めぞん一刻,"￥5,900","￥6,000代",0,1,,,,,周防義和,岡田惠和,,
1989-08-08,31,3,SPT,ハドソン,パワーリーグII(Vol.20),"￥5,800","￥6,000代",0,1,,,,,,,,
1989-08-10,30,2,ETC,ナグザット,ブレイクイン,"￥5,500","￥5,500代",0,1,,,,,,,,
1989-08-25,-,2,RAC,NECアベニュー,F1ドリーム,"￥5,400","￥5,500代",0,1,,,,,松前真奈美,,,
1989-08-25,-,4,SHT,ビッグクラブ,ロックオン,"￥6,700","￥6,500代",0,1,,,,,,,,
1989-09-01,-,4,ACT,データイースト,ならずもの戦闘部隊ブラッディウルフ,"￥6,500","￥6,500代",0,1,,,,,,,,
1989-09-08,-,4,SHT,ナムコ,オーダイン,"￥6,800","￥7,000代",0,1,,すなどりねこさん|ウォンウォン,スローロ田中,大石益也|小森谷勇一郎|安斎じゅんこ|インドリ中村,細江慎治,,中村雅哉,
1989-09-15,-,3,ETC,ハドソン,スーパー桃太郎電鉄(Vol.21),"￥5,800","￥6,000代",0,1,,,,,,,,
1989-09-22,-,4,ACT,NECアベニュー,獣王記,"￥5,800","￥6,000代",0,1,,,穂苅健一(AC)|浅井敏典(MD)|松田達夫(MD)|百田浩司(MD),"内田誠(AC)|安原広和(AC)|NO NUKES(MD)|HAGA(AC)|梶本隆博(AC)|小玉理恵子(MD)|UDI(MD)",中林亨(AC)|長井和彦(MD),,,
1989-09-29,-,2,ETC,NEC-HE,アーティストツール,"￥5,800","￥6,000代",0,1,,,,,,,,
1989-09-29,-,2,RPG,メサイヤ,ダブルダンジョン,"￥5,500","￥5,500代",0,1,,,,,,,,
1989-10-13,-,2,SPT,ナグザット,デジタルチャンプバトルボクシング,"￥5,800","￥6,000代",0,1,,,,,,,,
1989-10-20,-,3,ACT,トンキンハウス,竜の子ファイター,"￥5,600","￥5,500代",0,1,,,,,,,,
1989-10-31,-,2,ACT,ハドソン,ドラえもん迷宮大作戦(Vol.22),"￥4,900","￥5,000代",0,1,,,,,,,,
1989-11-03,-,2,SLG,インテック,都留照人の実戦株式倍バイゲーム,"￥9,800","￥10,000代",0,1,,,,,,,,
1989-11-17,-,3,A-PRG,ハドソン,ニュートピア(Vol.23),"￥5,800","￥6,000代",0,1,,,,,,,,
1989-11-17,32,4,ETC,フェイス,麻雀学園東間宗四郎登場,"￥7,980","￥8,000代",0,1,,,,,,,,
1989-11-22,32,3,SLG,サリオ,大地くんクライシス,"￥6,400","￥6,500代",0,1,,TARO,MICHEL,"YOSIMI SEKI|ISOBEE|ALICE|チャイコフ YANO|NAKAJIMA",TSUKUSHI,,"TATSUYA SHIMAZU|YUZO NAKAKUKI",
1989-11-23,-,2,SPT,ビクター音楽産業,ジャックニクラウスチャンピオンシップゴルフ,"￥6,200","￥6,000代",0,1,,,,,,,,
1989-11-25,-,3,RAC,タイトー,バリバリ伝説,"￥6,600","￥6,500代",0,1,,,,,新田一郎,渡邊由自/渡辺麻実,,
1989-11-30,-,4,SHT,ハドソン,バトルエース,"￥6,500","￥6,500代",0,1,,,,,前野知常,,,
1989-12-01,-,4,SHT,アイレム,Mr.HELIの大冒険(Vol.2),"￥6,700","￥6,500代",0,1,,,,,,,,
1989-12-01,-,2,SPT,エイコム,USAプロバスケットボール,"￥5,600","￥5,500代",0,1,,,,,,,,
1989-12-08,-,2,SPT,クリーム,ブルファイトリングの覇者,"￥6,300","￥6,500代",0,1,,,,,,,,
1989-12-08,-,3,ACT,アスミック,忍SHINOBI,"￥6,800","￥7,000代",0,1,,菅野豊,,,川上康広,,,
1989-12-15,-,3,ACT,ハドソン,PC原人(Vol.24),"￥5,800","￥6,000代",0,1,,,,,,,,
1989-12-15,-,2,SPT,インテック,これがプロ野球'89,"￥5,800","￥6,000代",0,1,,,,,,,,
1989-12-22,-,2,RAC,パックインビデオ,ナイトライダースペシャル,"￥5,800","￥6,000代",0,1,,,,,,,,
1989-12-22,-,3,SHT,タイトー,ヘビーユニット,"￥6,600","￥6,500代",0,1,,金子浩,いがらしすぐる|Y.YAMAUCHI|かとうたけお,まつおかけいすけ|たじまとくひさ|いちかわひでふみ|ふなつあやこ|おきもととしこ|A.YAZAKI,渡辺達也|あいずせいいち,,,
1989-12-22,-,3,RPG,サンソフト,弁慶外伝(Vol.2),"￥6,200","￥6,000代",0,1,,,,,,,,
1989-12-23,-,3,RAC,ヒューマン,F1トリプルバトル,"￥6,300","￥6,500代",0,1,,,,,,,,
1989-12-27,30,3,PUZ,タイトー,ヴォルフィード,"￥6,600","￥6,500代",0,1,,,こばやしよしのり|つかのとしあき|おきよういち,三辻富貴朗|三辻富貴朗|讃岐平|栗城源也,小倉久佳,,,
1990-01-19,-,4,SHT,UPL,アトミックロボキッド(Vol.1),"￥6,700","￥6,500代",0,1,,,,,,,,
1990-01-26,-,3,SLG,メサイヤ,ガイフレーム,"￥5,800","￥6,000代",0,1,,,,,,,,
1990-01-26,30,3,RAC,タイトー,タイトーチェイスH.Q.,"￥6,600","￥6,500代",0,1,,,,酒匂弘幸,浅野孝已,,,
1990-01-26,-,4,ADV,ナグザット,逐電屋藤兵衛,"￥6,700","￥6,500代",0,1,,,,ほほ梅麿,,藤木隻,,
1990-02-01,-,2,ETC,ニチブツ,麻雀刺客列伝麻雀ウォーズ,"￥5,400","￥5,500代",0,1,,,,,,,,
1990-02-07,-,2,SPT,ビデオシステム,スーパーバレーボール,"￥5,800","￥6,000代",0,1,,,,,,,,
1990-02-23,-,3,ACT,タイトー,ニュージーランドストーリー,"￥6,600","￥6,500代",0,1,,,,,小倉久佳|山田靖子|渡部恭久,,,
1990-02-23,-,1,PUZ,ハドソン,ブロディア(Vol.25),"￥4,500","￥4,500代",0,1,,,,,,,,
1990-02-23,-,3,ACT,ビクター音楽産業,虎への道,"￥6,700","￥6,500代",0,1,,リー・ウォン|藤原得郎,,,河本圭代|藤田晴美,,,
1990-02-23,-,3,SLG,メサイヤ,飛装騎兵カイザード,"￥6,200","￥6,000代",0,1,,,,,,,,
1990-03-01,-,2,SHT,ナグザット,パラノイア,"￥5,800","￥6,000代",0,1,,,,,,,,
1990-03-02,-,3,ACT,サンソフト,シティハンター,"￥6,300","￥6,500代",0,1,,,,,,北条司,,
1990-03-02,-,2,SHT,タイトー,スペースインベーダーズ復活の日,"￥5,900","￥6,000代",0,1,,,,,岩垂徳行,,,
1990-03-02,-,4,ADV,メサイヤ,謎のマスカレード,"￥6,000","￥6,000代",0,1,,,,,,,,
1990-03-09,-,3,SHT,I.G.S.,サイバーコア,"￥6,700","￥6,500代",0,1,,ひさとみけんじ,望月成|BOKEGI!,加藤清文|久保田覚|ゆもとまさしげ,村井俊夫|寺本昌弘,神山修一,よこやまことし,
1990-03-10,32,4,ACT,ナムコ,源平討魔伝,"￥6,800","￥7,000代",0,1,,,大久保良一,阿部信彦|高橋由鬼夫|穴田悟,中潟憲雄,高橋由鬼夫|大久保良一|中潟憲雄,,
1990-03-16,-,1,PUZ,メディアリング,倉庫番ワールド,"￥5,400","￥5,500代",0,1,,,,,,,,
1990-03-23,-,2,SHT,パックインビデオ,アームドF,"￥6,700","￥6,500代",0,1,,たなかたかのり,とみやまおさむ|ふじわらさとし,こばやしともあき|筒井久弥|くぼたしんじ,吉田健志,,,
1990-03-27,-,4,ACT,タイトー,奇々怪界,"￥5,500","￥5,500代",0,1,,波多野幹夫,石田一朋|佐々木大輔,薮崎久也|西村年幸|三方一哉,小倉久佳(ZUNTATA),,,
1990-03-30,-,2,ACT,ハドソン,BEBALL(Vol.28),"￥5,200","￥5,000代",0,1,,,,,,,,
1990-03-30,-,2,ETC,ビクター音楽産業,キングオブカジノ,"￥6,200","￥6,000代",0,1,,,,,,,,
1990-03-30,-,2,ACT,データイースト,ドロップロックほらホラ,"￥5,900","￥6,000代",0,1,,,,,,,,
1990-03-30,-,2,SPT,ナグザット,熱血高校ドッジボール部PC番外編,"￥5,900","￥6,000代",0,1,,,,,,,,
1990-04-03,-,4,ACT,ナムコ,スプラッターハウス,"￥6,800","￥7,000代",0,1,,横山茂,PSQGL,石田正則,田島勝朗|川元義徳,,水野一実,
1990-04-06,-,2,SHT,ナグザット,サイコチェイサー,"￥5,800","￥6,000代",0,1,,,,,,,,
1990-04-06,-,4,ACT,ハドソン,魔動王グランゾート,"￥6,500","￥6,500代",0,1,,,,スタジオ・ライブ|大河原邦男,田中公平,広井王子,,
1990-04-13,-,4,RAC,アスミック,パワードリフト,"￥6,900","￥7,000代",0,1,,,,鈴木裕,川口博史,,,
1990-04-20,30,4,RPG,アスク講談社,ネクロスの要塞,"￥6,800","￥7,000代",0,1,,,,,,,,
1990-04-27,-,4,SHT,ナムコ,バルンバ,"￥6,800","￥7,000代",0,1,,,まつだこうじ|三好弘二|吉嶺豊彦,梶井健|宮串英明|MACOT.E|M.TAMURA|D.KIYASU,伊藤真樹子|西川浩史,,,
1990-04-27,30,2,SPT,ヒューマン,フォーメーションサッカーヒューマンカップ90,"￥5,500","￥5,500代",0,1,,,,,,,,
1990-04-27,-,3,ACT,ハドソン,青いブリンク,"￥6,200","￥6,000代",0,1,,,,,,,,
1990-05-25,-,4,SPT,ハドソン,マニアックプロレス(Vol.27),"￥6,500","￥6,500代",0,1,,,,,,,,
1990-05-31,-,3,ACT,タイトー,ドンドコドン,"￥5,800","￥6,000代",0,1,,,石田一朋|木下昌也,河上聖治|石川幸生|阿部幸雄|いしのみのり|沼田和博|五十嵐恒三|しのだてつや|V.A.P,高木正彦|山田靖子,,河上聖治|松本俊明|酒匂弘幸,
1990-06-02,-,3,RPG,I.G.S.,シンドバッド地底の大魔宮,"￥6,700","￥6,500代",0,1,,すずきさとし|梅津真人,"S.KONEOH|PAPANDA|MICRO FACTORY",とみたかしょうぞう|いまいあきこ|とみたかいずみ|N.URUSIBARA|H.OTA|加藤清文,村井俊夫,神山修一,ひさとみけんじ,
1990-06-15,-,3,ACT,ビクター音楽産業,ヴェイグス,"￥6,700","￥6,500代",0,1,,もりくまなお,,もりくまなお|安住政敏|末弥純,メカノアソシエイツ,竹内誠|上坂哲,,
1990-06-22,-,4,SHT,NECアベニュー,ダウンロード,"￥6,800","￥7,000代",0,1,,,,,,,,
1990-06-29,-,2,SPT,インテック,これがプロ野球'90,"￥5,800","￥6,000代",0,1,,,,,,,,
1990-06-29,-,2,SHT,ナムコ,ゼビウスファードラウト伝説,"￥5,800","￥6,000代",0,1,,仁井谷正充,國廣豊史,"河野光|JANUS寺本|國廣豊史|NIPPON CHACHACHA",宮本昌知,,河野光,
1990-06-29,-,2,PUZ,タイトー,パズニック,"￥5,900","￥6,000代",0,1,,,,,,,,
1990-06-29,-,4,ETC,フェイス,麻雀学園MILD東間宗四郎登場,"￥7,980","￥8,000代",0,1,,,,,,,,
1990-07-06,-,2,SYS,NEC-HE/ハドソン,CD-ROM2SYSTEMVer2.1,"￥4,800","￥5,000代",0,1,,,,,,,,
1990-07-06,34,4,SHT,ハドソン,スーパースターソルジャー(Vol.30),"￥6,500","￥6,500代",0,1,,,,,,,上領亘,
1990-07-06,-,3,ACT,タイトー,ラスタンサーガII,"￥6,600","￥6,500代",0,1,,小林よしのり,小林よしのり|とみたかひであき|たかはしとおる|かざまひでお,西村年幸|西村年幸|讃岐平|河上聖治|栗城源也,八木下直人|高木正彦,,小林よしのり,
1990-07-06,32,4,ACT,アイレム,最後の忍道NINJASPIRIT(Vol.4),"￥7,000","￥7,000代",0,1,,,,,,,,
1990-07-13,-,4,ACT,ナムコ,超絶倫人ベラボーマン,"￥6,800","￥7,000代",0,1,,中潟憲雄,大久保良一,吉羽孝雄,中潟憲雄,,,
1990-07-20,34,3,ETC,ナグザット,デビルクラッシュ,"￥6,300","￥6,500代",0,1,,,,,迫田敏明|塚本雅信,,,
1990-07-20,30,3,RPG,ハドソン,桃太郎伝説ターボ(Vol.29),"￥5,800","￥6,000代",0,1,,,,,,,,
1990-07-27,30,4,SHT,アイレム,イメージファイト(Vol.3),"￥7,000","￥7,000代",0,1,,,,,,,,
1990-07-27,-,2,A-PUZ,パックインビデオ,ロードランナー失われた迷宮(ロストラビリンス),"￥5,800","￥6,000代",0,1,,,,,,,,
1990-07-27,-,2,SPT,I.G.S.,ワールドビーチバレー,"￥5,700","￥5,500代",0,1,,,,,,,,
1990-07-27,32,6,ACT,NECアベニュー,大魔界村,"￥10,800","￥11,000代",0,1,,,小池ひろし|篠原雅嗣|上山真一|菅原伸育,藤原得郎|吉本伸一|山本尚司,河本圭代,,,
1990-08-03,-,3,ACT,タイトー,地獄めぐり,"￥6,600","￥6,500代",0,1,,ささべやすまさ|藤原英裕,"CRAZY-YOSHIKAWA|CREAMY TETSU",海道賢仁|鎗田準次|ながいひろやす,ピンチパンチ,,,
1990-08-09,-,4,ACT,ナムコ,ワルキューレの伝説,"￥6,800","￥7,000代",0,1,,"WAN WAN(岡本進一郎)|もっとでたかった コアクマン(大川さゆり)","WAN WAN|ぐりずりぃ やまだ",冨士宏,川田宏行,,,
1990-08-10,30,2,PUZ,テンゲン,クラックス,"￥5,900","￥6,000代",0,1,,,デヴィッド・エーカース,マーク・スティーブン・ピアス,ブラッド・フラー,,,
1990-08-10,30,3,SPT,ハドソン,パワーリーグIII(Vol.31),"￥5,800","￥6,000代",0,1,,,,,,,,
1990-08-10,-,2,ETC,ホームデータ,将棋初段一直線,"￥6,700","￥6,500代",0,1,,,,,,,,
1990-08-10,30,3,ETC,サンソフト,麻雀悟空スペシャル,"￥6,300","￥6,500代",0,1,,,,,,,,
1990-08-31,-,4,SHT,NECアベニュー,オペレーションウルフ,"￥7,200","￥7,000代",0,1,,,,,,,,
1990-09-07,-,3,ACT,フェイス,はにい･おんざ･ろおど,"￥6,400","￥6,500代",0,1,,,,,,,,
1990-09-07,-,2,ACT,ビクター音楽産業,暗黒伝説,"￥6,200","￥6,000代",0,1,,,白谷守,明貴美加,すずきひろとし,,小森治信,
1990-09-14,31,4,RAC,ニチブツ,F1サーカス,"￥6,900","￥7,000代",0,1,,,,,,,,
1990-09-14,-,4,SLG,トンキンハウス,関ヶ原,"￥6,800","￥7,000代",0,1,,,,,,,,
1990-09-21,-,5,SHT,NECアベニュー,ダライアスプラス,"￥9,800","￥10,000代",0,1,,河野敏男,長谷川健|くりやまたかし|とみおかひであき|菅原徹|笹谷ひでのり|橋本英樹,河野敏男|藤田朗|三方一哉|きたがわてつろう|わきたよしひろ|鎗田準次|石川幸生|五十嵐恒三|栗城源也|讃岐平|おがわみつる,たなかやすひこ|小倉久佳|八木下直人|なかむらつかさ|高橋英吉|高木正彦,,河野敏男,
1990-09-21,-,4,ACT,ハドソン,桃太郎活劇(Vol.32),"￥6,500","￥6,500代",0,1,,,,,,,,
1990-09-28,-,4,SHT,NECアベニュー,アフターバーナーII,"￥7,200","￥7,000代",0,1,,鈴木裕|浜垣博志,三船敏,鈴木裕,川口博史,,中山隼雄,
1990-09-28,-,3,ACT,UPL,ゴモラスピード(Vol.2),"￥6,700","￥6,500代",0,1,,,,,,,,
1990-09-28,-,2,ACT,パックインビデオ,ダイハード,"￥6,200","￥6,000代",0,1,,,,,,,,
1990-09-28,-,3,SHT,ナグザット,ダブルリング,"￥6,300","￥6,500代",0,1,,,,,,,,
1990-09-28,-,3,SHT,ナムコ,ファイナルブラスター,"￥6,800","￥7,000代",0,1,,,黒須一雄,佐藤誠市|横山茂|澤野和則|小野浩,大野木宜幸,,,
1990-10-12,-,4,ACT,サンソフト,BATMAN,"￥6,500","￥6,500代",0,1,,,,,,,,
1990-10-12,30,4,RPG,トンキンハウス,サイバーナイト,"￥6,800","￥7,000代",0,1,,みんみん宮田,"POCHI NAKAMORI",水野良|グループSNE|大河原邦男,迫田敏明|宮本昌知|塚本雅信|ATARASHI|DAVID|竹内啓史,山本弘|グループSNE,浦井郁郎,
1990-10-19,-,3,SHT,ビデオシステム,ラビオレプススペシャル,"￥6,800","￥7,000代",0,1,,,本田忠嗣,中村晋介,石田安俊|奥田健司,,,
1990-10-26,-,2,PUZ,フェイス,琉球,"￥5,400","￥5,500代",0,1,,,,,,,,
1990-11-02,30,4,SHT,ハドソン,エアロブラスターズ(Vol.33),"￥6,500","￥6,500代",0,1,,,,,,,,
1990-11-09,-,4,SPT,トンキンハウス,カットビ宅配くん,"￥6,780","￥7,000代",0,1,,,,,,,,
1990-11-23,-,3,SPT,メサイヤ,キックボール,"￥6,200","￥6,000代",0,1,,,,,,,,
1990-12-07,-,4,SHT,NECアベニュー,サンダーブレード,"￥7,200","￥7,000代",0,1,,,,,並木晃一,,,
1990-12-07,-,3,SHT,ナグザット,バーニングエンジェル,"￥6,700","￥6,500代",0,1,,,,,,,,
1990-12-07,-,2,ACT,ハドソン,ボンバーマン(Vol.34),"￥5,300","￥5,500代",0,1,,,,,,,,
1990-12-11,-,2,ACT,ナムコ,メルヘンメイズ,"￥5,500","￥5,500代",0,1,,,山口雅司,中村伸武|竹矢吉孝|竹矢吉孝|MY|POP,川瀬知香,,,
1990-12-14,-,2,PUZ,パックインビデオ,ZIPANG,"￥6,200","￥6,000代",0,1,,,,,浦山秀彦|熊谷陽子,林海象|栗田教行,,
1990-12-14,-,2,PUZ,メディアリング,スピンペア,"￥5,900","￥6,000代",0,1,,,,,,,,
1990-12-14,-,3,SPT,タイトー,チャンピオンレスラー,"￥6,600","￥6,500代",0,1,,村田武司,"村田武司|TSUI KATO|CREAMY TETSU|堀本隆久",海道賢仁|前川浩之|海道賢仁|いしのみのり|藤田允|山田たかし|河本憲孝|はざまけんじ|川岸誠治|伏屋一勝|もりもとみなこ,大縫一行|きたむらひでひと,,,
1990-12-14,-,2,SHT,ビクター音楽産業,トイショップボーイズ,"￥6,200","￥6,000代",0,1,,,,,,,,
1990-12-14,-,3,SHT,I.G.S.,バイオレントソルジャー,"￥6,400","￥6,500代",0,1,,,,,,,,
1990-12-14,-,3,SPT,メサイヤ,ワラビー!!,"￥6,500","￥6,500代",0,1,,,,,,,,
1990-12-14,-,4,SHT,NECアベニュー,大旋風,"￥7,200","￥7,000代",0,1,,,,,太田理,,,
1990-12-19,-,3,ACT,フェイス,不思議の夢のアリス,"￥6,400","￥6,500代",0,1,,,ながさわみきや,"YASUSHI.O|ジャイアン JOE|ジャイアン JOE|まつくらちひろ",松平あこ,,三金堂,
1990-12-21,-,4,RAC,NECアベニュー,アウトラン,"￥7,200","￥7,000代",0,1,,,三船敏(アーケード)|香川忠司(アーケード)|大江玲(アーケード)|中裕司(セガ・マークⅢ),鈴木裕(アーケード)|石井洋児(アーケード)|松浦稔(アーケード)|貞森康毅(セガ・マークⅢ),川口博史(アーケード)|上保徳彦(セガ・マークⅢ),,,
1990-12-21,-,4,ACT,フェイス,クロスワイバー,"￥6,700","￥6,500代",0,1,,,,,,,,
1990-12-21,-,3,SHT,エイコム,天聖龍,"￥7,200","￥7,000代",0,1,,,,,岡村静良|TECCHAN,,,
1990-12-21,-,3,ACT,ナグザット,魔界プリンスどらぼっちゃん,"￥6,700","￥6,500代",0,1,,,,,,,,
1990-12-22,30,5,RPG,ハドソン,桃太郎伝説II(Vol.35),"￥7,200","￥7,000代",0,1,,,,,,,,
1991-01-08,31,2,SHT,データイースト,オーバーライド,"￥6,500","￥6,500代",0,1,,,,,,,,
1991-01-18,-,3,A-PRG,タイトー,カダッシュ,"￥6,500","￥6,500代",0,1,,辻野浩司,堀崇真,辻野浩司|辻野浩司|仙波隆綱|加藤久和|五十嵐恒三|岩田吉弘|篠田徹也|小川貴之|今枝賢一,西賢二,,はせがわけいすけ,
1991-01-18,-,4,ACT,ハドソン,ジャッキーチェン(Vol.36),"￥6,500","￥6,500代",0,1,,,,,,,,
1991-01-25,-,4,RAC,タイトー,S.C.I.,"￥7,200","￥7,000代",0,1,,,"George K-5|菊池優一|David Uematsu|さこかずのり",酒匂弘幸|堀内文雄|西川英治|山田たかし|おおまえこうじ|河本憲孝|川岸誠治|伏屋一勝|GOMACHAN|もりもとみなこ|五十嵐恒三|仙波隆綱|篠田徹也|小川貴之,ZUNTATA|浅野孝已(ゴダイゴ),,,
1991-02-15,-,3,ACT,タイトー,パラソルスター,"￥6,600","￥6,500代",0,1,,鈴木治雄,鈴木治雄|かわのせら,"内村語|LIGHT STONE|伊藤啓司|大原和浩","山田靖子|TURBO MIRA",内村語,西角友宏,
1991-02-22,-,6,SHT,ハドソン,オルディネス,"￥9,800","￥10,000代",0,1,,今田真二,鈴木俊之,H.HARADA,星恵太,,,
1991-02-22,-,2,PUZ,RIOT,パズルボーイ,"￥6,400","￥6,500代",0,1,,,,,増子司,,,
1991-02-28,-,4,SHT,T.S.S.,デッドムーン,"￥7,400","￥7,500代",0,1,,,,,,,,
1991-03-01,32,2,SPT,ヒューマン,ファイナルマッチテニス,"￥5,700","￥5,500代",0,1,,,,,,,,
1991-03-08,-,4,RAC,メディアリング,ゼロヨンチャンプ,"￥6,900","￥7,000代",0,1,,神長豊,上嶋満也|上坂和幹|水林準次|高松馨,神長豊|三好八太郎|井伊誠|安部直子|小滝佳治,佐々木筑柴,神長豊,松木吉彦|小林靖彦,
1991-03-15,-,4,ACT,ナムコ,おぼっちゃまくん,"￥6,800","￥7,000代",0,1,,,,藤田宗克,宮原恵太,桶谷顕|桜井正明|真保裕一ほか,,
1991-03-15,-,2,PUZ,ナグザット,タイタン,"￥5,900","￥6,000代",0,1,,,,,,,,
1991-03-15,-,4,ACT,アイレム,レジェンドオブヒーロートンマ(Vol.5),"￥7,000","￥7,000代",0,1,,,,,,,,
1991-03-21,-,2,SPT,ナムコ,プロ野球ワールドスタジアム'91,"￥5,800","￥6,000代",0,1,,,,岸本好弘,,,,
1991-03-22,-,4,SHT,ナグザット,1943改,"￥7,200","￥7,000代",0,1,,,BLBON,"船水紀孝|DECHIKUN|佐藤直子|MIKI CHAN|河本憲孝|AHO NO SAKATA",坂口義弘|民谷淳子|松前真奈美|藤田晴美,,岡本吉起,
1991-03-29,-,3,SPT,ビクター音楽産業,TVスポーツフットボール,"￥6,700","￥6,500代",0,1,,,,,,,,
1991-03-29,-,1,PUZ,レーザーソフト,コラムス,"￥6,400","￥6,500代",0,1,,,,ジェイ・ギールセン,上保徳彦,,,
1991-03-29,-,4,SHT,データイースト,サイレントデバッガーズ,"￥6,800","￥7,000代",0,1,,A.KAWAI,笹本浩司,"TDR WATANABE|68000 ISIRO",酒井省吾|岩崎正明|三浦孝史|高濱祐輔|鈴木雄司,,兼安時紀,
1991-03-29,-,3,RAC,メサイヤ,モトローダーII,"￥6,500","￥6,500代",0,1,,,,,,,,
1991-04-05,-,4,SLG,ハドソン,ポピュラス(Vol.37),"￥7,800","￥8,000代",0,1,,,,,,,,
1991-04-06,-,2,A-PUZ,ユニポスト,サーカスライド,"￥5,400","￥5,500代",0,1,,,,,,,,
1991-04-12,-,3,SHT,ナグザット,エターナルシティ都市転送計画,"￥6,900","￥7,000代",0,1,,,,,,,,
1991-04-19,-,2,ACT,ハドソン,アドベンチャーアイランド(Vol.38),"￥5,300","￥5,500代",0,1,,,,,,,,
1991-04-27,-,4,ACT,メサイヤ,改造町人シュビビンマン2～新たなる敵～,"￥6,600","￥6,500代",0,1,,梅木克彦,後藤誠,斉藤智晴|うらべ・すう|斉藤智晴,葉山宏治,うらべ・すう,土田俊郎,
1991-05-24,-,1,PUZ,マイクロキャビン,ハットリス,"￥5,800","￥6,000代",0,1,,,,アレクセイ・パジトノフ|ウラジーミル・ポヒルコ,,,,
1991-06-21,-,3,SPT,ハドソン,パワーイレブン(Vol.39),"￥5,800","￥6,000代",0,1,,,,,,,,
1991-07-05,-,4,SHT,ハドソン,ファイナルソルジャー(Vol.40),"￥6,500","￥6,500代",0,1,,,,,,,,
1991-07-06,-,2,A-PUZ,I.G.S.,トリッキー,"￥6,700","￥6,500代",0,1,,,,,,,,
1991-07-12,-,4,RAC,ニチブツ,F1サーカス'91,"￥6,900","￥7,000代",0,1,,,,,,,,
1991-07-19,-,4,ACT,ハドソン,PC原人2(Vol.41),"￥6,500","￥6,500代",0,1,,,,,,,,
1991-07-19,-,4,RAC,アイレム,レーシング魂(Vol.6),"￥7,000","￥7,000代",0,1,,,,,,,,
1991-07-21,-,4,SHT,フェイス,メタルストーカー,"￥6,980","￥7,000代",0,1,,那須寛之,ながさわみきや|まるやまのぼる|あきやままさゆき,那須寛之|ひろき真冬,斉藤博人|たかはしのぞむ,,,
1991-08-02,-,2,A-PUZ,ビクター音楽産業,スクウィーク,"￥6,400","￥6,500代",0,1,,,,"Laurent Arditi|Stephane Ducasse",,,,
1991-08-09,-,4,SHT,タイトー,はなたーかだか!?,"￥7,200","￥7,000代",0,1,,,,,,,,
1991-08-09,-,4,SPT,ハドソン,パワーリーグ4(Vol.42),"￥6,500","￥6,500代",0,1,,,,,,,,
1991-08-23,-,6,SHT,ハドソン,1941カウンターアタック,"￥9,800","￥10,000代",0,1,,,,,,,,
1991-08-30,-,2,SHT,パックインビデオ,パワーゲイト,"￥6,200","￥6,000代",0,1,,,,,,,,
1991-08-30,-,4,SPT,ヒューマン,ファイヤープロレスリング2ndBOUT,"￥6,900","￥7,000代",0,1,,市瀬大輔|茶々丸,柳田文樹|かないまさとし|てしまてるゆき,笹沢英昭|市瀬大輔|小杉和則|阿部賢一,庭山博也|田中宏典|大谷哲司|山崎正通,,,
1991-09-06,-,1,RAM,NEC-HE,天の声バンク,"￥3,880","￥4,000代",0,1,,,,,,,,
1991-09-20,-,3,SPT,タイトー,ヒットジアイス,"￥6,800","￥7,000代",0,1,,,,,,,,
1991-09-20,-,2,SPT,ナムコ,ワールドジョッキー,"￥5,800","￥6,000代",0,1,,,T.FUKUMOTO|宇田川治久|はなおかくみ,,小沢純子,,,
1991-09-27,-,4,ACT,メサイヤ,どらごんEGG!,"￥6,500","￥6,500代",0,1,,,,,,,,
1991-09-27,-,5,A-PRG,ハドソン,ニュートピアII(Vol.43),"￥7,200","￥7,000代",0,1,,,,,,,,
1991-09-27,-,4,ETC,NECアベニュー,森田将棋PC,"￥7,200","￥7,000代",0,1,,,,,,,,
1991-10-04,-,4,ACT,アトラス,メソポタミア,"￥6,800","￥7,000代",0,1,,,,,,,,
1991-10-18,-,2,RAC,ナムコ,ワールドサーキット,"￥5,800","￥6,000代",0,1,,,,,,,,
1991-10-26,-,2,SYS,NEC-HE/ハドソン,スーパーシステムカードVer3.0,"￥9,800","￥10,000代",0,1,,,,,,,"KENJI KISAKI",
1991-11-08,-,4,ETC,フェイス,タイムクルーズⅡ,"￥7,200","￥7,000代",0,1,,,,,,,,
1991-11-15,-,2,SHT,コナミ,グラディウス,"￥6,000","￥6,000代",0,1,,,,,,,,
1991-11-15,-,4,SHT,パルソフト（クエスト）,マジカルチェイス,"￥7,800","￥8,000代",0,1,,皆川裕史,TAT.P|ASM|MASA.H|M.OGAWA,SUGURU.T|皆川裕史,岩田匡治|崎元仁,,,
1991-11-22,-,5,SHT,ハドソン,雷電(Vol.44),"￥7,200","￥7,000代",0,1,,,,,,,,
1991-11-29,-,4,SHT,ナグザット,コリューン,"￥6,800","￥7,000代",0,1,,,高岡義晴,高岡義晴|もりけん,松下寿志|森島大祐,,,
1991-11-29,-,2,SLG,パックインビデオ,スーパーメタルクラッシャー,"￥6,200","￥6,000代",0,1,,,,,,,,
1991-11-29,-,4,ACT,ニチブツ,ファイティングラン,"￥6,900","￥7,000代",0,1,,KOTOBUKI,UME,KOTOBUKI|TERMI|ROBOTMAN|HORINO|KENJI,船場洋志,,,
1991-11-29,-,4,SPT,アスク講談社,モンスタープロレス,"￥6,800","￥7,000代",0,1,,,,,,,,
1991-11-29,-,2,ETC,ホームデータ,将棋初心者無用,"￥7,300","￥7,500代",0,1,,,,,,,,
1991-12-06,-,4,ACT,ハドソン,ドラえもんのび太のドラビアンナイト(Vol.46),"￥5,800","￥6,000代",0,1,,,,,,,,
1991-12-06,-,4,ADV,ナグザット,バブルガムクラッシュ,"￥7,200","￥7,000代",0,1,,,,"園田健一|園田健一(PART1)|柿沼秀樹(PART1 - 3)|荒牧伸志(PART1 - 3)",中沢武仁(第1・3話)|太田美知彦(第2話),鈴木敏充,,
1991-12-06,-,4,SHT,コナミ,沙羅曼蛇,"￥6,000","￥6,000代",0,1,,,町口浩康|たけもとみつお|高取利明|みのわいくこ,町口浩康|櫻井潤|よしたかみき|ばんどういくこ,波多野よしあき(SE・プログラム)|東野美紀(作曲),,,
1991-12-13,-,4,ACT,NEC-HE,ゲンジ通信あげだま,"￥5,800","￥6,000代",0,1,,,,水谷兼之介(原案)|辻初樹,佐橋俊彦,富田祐弘|さくまあきら,,
1991-12-13,-,4,RPG,メディアリング,スパイラルウェーブ,"￥6,900","￥7,000代",0,1,,,,,,,,
1991-12-13,-,4,ACT,NHKエンタープライズ,にこにこぷん,"￥6,500","￥6,500代",0,1,,,,,,,,
1991-12-13,-,2,SHT,ココナッツジャパン,バリスティックス,"￥6,900","￥7,000代",0,1,,,,,ドン・デイヴィス,アラン・マッケルロイ,,
1991-12-20,-,5,ETC,ハドソン,スーパー桃太郎電鉄Ⅱ(Vol.45),"￥6,800","￥7,000代",0,1,,,,,,,,
1991-12-27,-,4,SHT,ナムコ,ドラゴンセイバー,"￥6,800","￥7,000代",0,1,,,"""ALL OR NOT""NISHIMAKI|""SHIOHIGALER""ITO","根来司|O!SUGI|石川達也|KIM 045|H.MIYSIMA|SHIGEMARU|MA.HA.HO|TEJIMA|NAKAMURA|WAGATUMA|YOSINAMI|YANAGIHARA",細江慎治,石川達也,"ASINAGA BUCHO|YOKO BOSS",
1992-01-04,-,4,SHT,アイマックス,冒険男爵ドン,"￥6,800","￥7,000代",0,1,,,,,,,,
1992-01-10,-,4,ETC,ナムコ,ちびまる子ちゃんクイズでピーヒャラ,"￥6,800","￥7,000代",0,1,,,,,,,,
1992-01-17,-,4,ACT,タイトー,ミズバク大冒険,"￥7,400","￥7,500代",0,1,,平松信宏|松本俊明,石田一朋|ながはらくさご|つねきよこうじ|黒沢孝,平松信宏|平松信宏|鯨井洋代|岩田吉弘|PEACOCK|V.A.P,海野和子|小倉久佳,,,
1992-01-24,-,4,ACT,ハドソン,忍者龍剣伝(Vol.47),"￥6,500","￥6,500代",0,1,,,,,,,,
1992-01-31,-,4,SLG,NHKエンタープライズ,NHK大河ドラマ太平記,"￥6,500","￥6,500代",0,1,,,,,,"池端俊策 他",,
1992-01-31,-,4,SPT,トンキンハウス,サイバードッジ,"￥6,800","￥7,000代",0,1,,,,,,,,
1992-02-21,-,6,SHT,コナミ,パロディウスだ!～神話からお笑いへ～,"￥9,800","￥10,000代",0,1,,,徳田典,"GAKINCHO|TOUYOU SYOUTAROU|三好威正|MORY-WANDAYU|MIKACHAN",村岡一樹,,,
1992-02-28,-,4,SHT,コナミ,出たな!!ツインビー,"￥6,800","￥7,000代",0,1,,おおさわまさと,しもむらとおる,SHUZILOW.HA,前沢秀憲|山根ミチル|中島正恵,,,
1992-02-28,-,4,ETC,UPL,麻雀覇王伝カイザーズクエスト,"￥7,200","￥7,000代",0,1,,,,,,,,
1992-03-06,-,4,SHT,メディアリング,トイレキッズ,"￥6,900","￥7,000代",0,1,,井関靖典,"POMOO PETARO",さとうひろ|HAGICHAN,"T's MUSIC",,松木吉彦|菅原尚志,
1992-03-13,-,4,ETC,ココナッツジャパン,パチ夫君十番勝負,"￥7,900","￥8,000代",0,1,,,,,,,,
1992-03-13,-,3,SHT,タイトー,極楽!中華大仙,"￥6,800","￥7,000代",0,1,,,,,,,,
1992-04-03,-,4,SPT,ナグザット,熱血高校ドッジボール部PCサッカー編,"￥6,900","￥7,000代",0,1,,豊嶋真人,宮串英明|松田康,井伊誠|AKKO-CHAN,西川浩史,,,
1992-04-07,-,4,ACT,ナムコ,源平討魔伝巻の弐,"￥6,800","￥7,000代",0,1,,じぇいじぇい|ぱやぱや,東尾直樹|しるねた,守谷勝|吉田大也,がっぴー|奥山みよし|ひろよん,H.CHATANI,,
1992-06-05,-,4,ACT,ナムコ,ドルアーガの塔,"￥6,800","￥7,000代",0,1,,,内藤智,遠藤雅伸|篠崎雄一郎,小沢純子,,,
1992-06-26,-,4,ACT,ハドソン,高橋名人の新冒険島(Vol.49),"￥6,500","￥6,500代",0,1,,,,,,,,
1992-07-10,-,4,SHT,ハドソン,ソルジャーブレイド(Vol.50),"￥6,500","￥6,500代",0,1,,,,,,,上領亘,
1992-07-24,-,4,SHT,タイトー,TATSUJINタツジン,"￥7,200","￥7,000代",0,1,,,弓削雅稔,荻原直樹|清水由美子,弓削雅稔,,弓削雅稔,
1992-07-24,-,2,ETC,ビクター音楽産業,ストラテゴ,"￥6,900","￥7,000代",0,1,,,,,,,,
1992-08-07,-,5,SPT,ハドソン,パワーリーグ5(Vol.51),"￥6,800","￥7,000代",0,1,,,,,,,,
1992-09-25,-,4,SPT,ハドソン,炎の闘球児ドッジ弾平(Vol.52),"￥6,500","￥6,500代",0,1,,,,,,,,
1992-10-02,31,4,ACT,アイレム,激写ボーイ(Vol.7),"￥7,000","￥7,000代",0,1,,,,,,,,
1992-10-10,-,4,SPT,ハドソン,パワースポーツ(Vol.53),"￥6,500","￥6,500代",0,1,,,,,,,,
1992-11-13,-,6,SPT,ヒューマン,ファイアープロレスリング3レジェンドバウト,"￥7,900","￥8,000代",0,1,,,,,,小山内美江子・清水有生ほか,竹之下寛次,
1992-11-20,-,4,SHT,ハドソン,PC電人(Vol.54),"￥6,500","￥6,500代",0,1,,,,,,,,
1992-11-27,-,4,SHT,ニチブツ,テラクレスタIIマンドラーの逆襲,"￥6,900","￥7,000代",0,1,,,,,,,,
1992-12-04,-,4,RPG,ハドソン,桃太郎伝説外伝第一集(Vol.55),"￥6,500","￥6,500代",0,1,,,,,,,,
1992-12-11,-,4,ACT,ハドソン,ボンバーマン'93(Vol.56),"￥6,500","￥6,500代",0,1,,,,,,,,
1992-12-18,-,4,RAC,ニチブツ,F1サーカス'92,"￥7,400","￥7,500代",0,1,,,,,,,,
1993-02-10,-,2,A-PUZ,ハドソン,バトルロードランナー(Vol.57),"￥5,800","￥6,000代",0,1,,,,,,,,
1993-02-19,-,2,SPT,ナグザット,つっぱり大相撲平成版,"￥6,300","￥6,500代",0,1,,,,,,,,
1993-03-02,-,6,ACT,ハドソン,PC原人3(Vol.58),"￥7,200","￥7,000代",0,1,,,,,,,,
1993-04-29,-,3,SPT,ビクター音楽産業,TVスポーツアイスホッケー,"￥7,200","￥7,000代",0,1,,,,,,,,
1993-04-29,-,4,SPT,ビクター音楽産業,TVスポーツバスケットボール,"￥7,200","￥7,000代",0,1,,,,,,,,
1993-05-14,-,4,SPT,ニチブツ,Jリーググレイテストイレブン,"￥7,400","￥7,500代",0,1,,,,,,,,
1993-06-12,34,9,ACT,NEC-HE,ストリートファイターII',"￥9,800","￥10,000代",0,1,,西谷亮,,西谷亮(NIN)|安田朗(AKIMAN),下村陽子|阿部功,,岡本吉起,
1993-06-25,-,4,SPT,ハドソン,パワーテニス(Vol.59),"￥6,500","￥6,500代",0,1,,,,,,,,
1993-10-15,-,5,SPT,ハドソン,パワーリーグ'93(Vol.60),"￥6,800","￥7,000代",0,1,,,,,,,,
1993-12-10,-,6,ACT,ハドソン,ボンバーマン'94(Vol.61),"￥6,800","￥7,000代",0,1,,,,,,,,
1994-01-15,-,4,SPT,ヒューマン,フォーメーションサッカーオンJリーグ,"￥6,500","￥6,500代",0,1,,,,,,,,
1994-03-12,-,7,RAM,NEC-HE,アーケードカードDUO,"￥12,800","￥13,000代",0,1,,,,,,,,
1994-03-12,-,8,RAM,NEC-HE,アーケードカードPRO,"￥17,800","￥18,000代",0,1,,,,,,,,
1994-12-16,-,4,ETC,NEC-HE,21エモンめざせホテル王,"￥6,800","￥7,000代",0,1,,,,,,,,
1988-01-01,-,2,SPT,ハドソン,パワーリーグオールスターゴールドヒューカード,非売品,非売品,0,1,,,,,,,,
1989-01-01,-,3,SHT,ハドソン,ガンヘッドスペシャルバージョン,非売品,非売品,0,1,,,,,,,,
1990-03-16,-,5,SHT,NECアベニュー,ダライアスα,非売品,非売品,0,1,,河野敏男,長谷川健|くりやまたかし|とみおかひであき|菅原徹|笹谷ひでのり|橋本英樹,河野敏男|藤田朗|三方一哉|きたがわてつろう|わきたよしひろ|鎗田準次|石川幸生|五十嵐恒三|栗城源也|讃岐平|おがわみつる,たなかやすひこ|小倉久佳|八木下直人|なかむらつかさ|高橋英吉|高木正彦,,河野敏男,
1990-01-01,-,2,ACT,ハドソン,ボンバーマンユーザーズバトル,非売品,非売品,0,1,,,,,,,,
1990-01-01,-,4,SHT,ハドソン,スーパースターソルジャースペシャルバージョン,非売品,非売品,0,1,,,,,,,,
1991-01-01,-,4,SHT,ハドソン,ファイナルソルジャースペシャルバージョン,非売品,非売品,0,1,,,,,,,,
1992-01-01,-,4,SHT,ハドソン,ソルジャーブレイドスペシャルバージョン,非売品,非売品,0,1,,,,,,,,
1992-01-01,-,4,ACT,ハドソン,ボンバーマン'93スペシャルバージョン,非売品,非売品,0,1,,,,,,,,
1993-01-01,-,5,ACT,ハドソン,PC原人3体験版,非売品,非売品,0,1,,,,,,,,
1991-12-26,-,4,ETC,GamesExpress,アイドル花札ファンクラブ,"￥8,900","￥9,000代",0,1,,,,,,,,
1992-04-16,-,4,ETC,GamesExpress,究極麻雀アイドルグラフィック,"￥8,900","￥9,000代",0,1,,,,,,,,
1992-07-13,-,6,RPG,GamesExpress,レディソード-略奪された10人の乙女-,"￥9,800","￥10,000代",0,1,,,,,,,,
1992-09-14,-,4,ETC,GamesExpress,PCパチスロアイドルギャンブラー,"￥8,900","￥9,000代",0,1,,,,,,,,
1992-12-24,-,4,ETC,GamesExpress,AVポーカーワールドギャンブラー,"￥8,900","￥9,000代",0,1,,,,,,,,
1993-02-23,-,4,RPG,GamesExpress,ボディコンクエストII,"￥8,900","￥9,000代",0,1,,,,,,,,
1993-10-08,-,4,ETC,GamesExpress,究極麻雀2スーパーアイドルグラフィック,"￥8,900","￥9,000代",0,1,,,,,,,,
1993-01-01,-,10,ETC,GamesExpress,HACKERCDCARDGAMESEXPRESSCDCARD1993,非売品,非売品,0,1,,,,,,,,
1994-03-26,-,6,ACT,GamesExpress,ストリップファイターII,"￥9,800","￥10,000代",0,1,,,,,,,,
1994-05-13,-,6,ETC,GamesExpress,クイズ投稿写真,"￥9,800","￥10,000代",0,1,,,,,,,,
1988-12-04,-,11,ACT,ハドソンNEC,ファイティング・ストリート💿,調査中,調査中,0,2,,西山隆志,こいけひろし|すがはらのぶやす,"松本裕司(プランナー)|CRUSHER ICHI|DABADA ATSUSHI|BONSOIR YUKO|OGAN MIYUKI|BRAVO OYU|INNOCENT SAICHO",坂口由洋,,,
1988-12-04,-,11,ADV,ハドソン,No・Ri・Ko💿,調査中,調査中,0,2,,,,,,,,
1988-12-23,-,11,他,ハドソン,ビックリマン大事界💿,調査中,調査中,0,2,,,,,,,,
1989-03-31,-,11,ADV,ハドソン,コブラ黒竜王の伝説💿,調査中,調査中,0,2,,酒井啓行,飛田雅宏,秋元哲也|角谷篤志,中村暢之,島田良尚|長山豊|伝田由紀,,
1989-06-23,-,11,ACT,日本テレネット、NEC,ヴァリスII💿,調査中,調査中,0,2,,,,,,,,
1989-06-30,30,11,RPG,ハドソン,天外魔境ZIRIA💿,調査中,調査中,0,2,,広井王子,中田伸一|山森正和,辻野寅次郎,坂本龍一|小久保隆,"あだちひろし|荒井弘二(Xbox 360:遥かなるジパング)",大里幸夫|清水始|今井丈雄,
1989-08-31,33,11,SHT,ハドソンNEC,ワンダーボーイIIIモンスター・レアーMonsterLair💿,"￥6,090","￥6,000代",0,2,,,,,,,,
1989-09-14,-,11,SPT,日本テレネット,SUPERアルバトロス💿,調査中,調査中,0,2,,,,,,,,
1989-09-22,-,11,ACT,NECアベニュー,獣王記💿,調査中,調査中,0,2,,,穂苅健一(AC)|浅井敏典(MD)|松田達夫(MD)|百田浩司(MD),"内田誠(AC)|安原広和(AC)|NO NUKES(MD)|HAGA(AC)|梶本隆博(AC)|小玉理恵子(MD)|UDI(MD)",中林亨(AC)|長井和彦(MD),,,
1989-10-27,-,11,ADV,ビクター音楽産業,鏡の国のレジェンド💿,調査中,調査中,0,2,,島田良尚,松本建太,島田良尚|斉藤明宏|北村正,宮元真佐人,島田良尚,小森治信,
1989-10-27,-,11,他,NECアベニュー,ROM2KARAOKEVOLUME1💿,調査中,調査中,0,2,,,,,,,,
1989-10-27,-,11,他,NECアベニュー,ROM2KARAOKEVOLUME2💿,調査中,調査中,0,2,,,,,,,,
1989-11-24,30,11,TBL,ハドソン,ぎゅわんぶらあ自己中心派激闘36雀士💿,調査中,調査中,0,2,,,,,,,,
1989-12-15,-,11,SHT,NECアベニュー,サイドアーム・スペシャル💿,調査中,調査中,0,2,,,青木隆,船水紀孝|岡本吉起|竹中善則|河本憲孝|安田朗,森安也子,,,
1989-12-20,-,11,他,NECアベニュー,ROM2KARAOKEVOLUME3💿,調査中,調査中,0,2,,,,,,,,
1989-12-21,35,11,ARPG,ハドソンNEC,イースI・II💿,"￥8,190","￥8,000代",0,2,,,,,"WAVE 44.1kHz(BGM)/22kHz(SE)|MIDI(SC-88以降)音源(BGM)",,,
1989-12-22,-,11,SPT,メサイヤ,ROMROMスタジアム💿,調査中,調査中,0,2,,,,,,,,
1990-11-01,-,11,ACT,日本テレネット,レッド・アラートLastAlert💿,調査中,調査中,0,2,,,,,,,,
1990-01-19,-,11,他,NECアベニュー,ROM2KARAOKEVOLUME4💿,調査中,調査中,0,2,,,,,,,,
1990-02-23,-,11,ADV,ナグザット,西村京太郎ミステリー北斗星の女💿,調査中,調査中,0,2,,,,,,,,
1990-03-10,-,11,ACT,日本テレネット,ゴールデンアックス💿,調査中,調査中,0,2,,,,内田誠,中林亨|高田陽,,,
1990-03-16,31,11,SHT,NECアベニュー,スーパーダライアス💿,調査中,調査中,0,2,,河野敏男,長谷川健|くりやまたかし|とみおかひであき|菅原徹|笹谷ひでのり|橋本英樹,河野敏男|藤田朗|三方一哉|きたがわてつろう|わきたよしひろ|鎗田準次|石川幸生|五十嵐恒三|栗城源也|讃岐平|おがわみつる,たなかやすひこ|小倉久佳|八木下直人|なかむらつかさ|高橋英吉|高木正彦,,河野敏男,
1990-03-23,-,11,ACT,日本テレネットNEC,ファイナルゾーンII💿,調査中,調査中,0,2,,,,,,,,
1990-03-30,-,11,ADV,パック・イン・ビデオ,カルメン・サンディエゴを追え!世界編💿,調査中,調査中,0,2,,,,,,,,
1990-03-30,-,11,RPG,日本テレネット,コズミック・ファンタジー冒険少年ユウ💿,調査中,調査中,0,2,,,,,,,,
1990-03-30,-,11,他,ビクター音楽産業,ROM2カラオケVol.1すてきにスタンダード💿,調査中,調査中,0,2,,,,,,,,
1990-03-30,-,11,他,ビクター音楽産業,ROM2カラオケVol.2なっとくアイドル💿,調査中,調査中,0,2,,,,,,,,
1990-04-06,-,11,他,ビクター音楽産業,ROM2カラオケVol.3やっぱしバンド💿,調査中,調査中,0,2,,,,,,,,
1990-04-06,-,11,他,ビクター音楽産業,ROM2カラオケVol.4ちょいとおとな!?💿,調査中,調査中,0,2,,,,,,,,
1990-04-06,-,11,他,ビクター音楽産業,ROM2カラオケVol.5カラオケ幕の内💿,調査中,調査中,0,2,,,,,,,,
1990-04-13,-,11,PZL,ハドソン,上海II💿,調査中,調査中,0,2,,,,,,,,
1990-04-23,-,11,他,NECアベニュー,ROM2KARAOKEVOLUME5💿,調査中,調査中,0,2,,,,,,,,
1990-04-27,-,11,SLG,マイクロキャビン,スーパー大戦略💿,調査中,調査中,0,2,,,,,,,,
1990-04-27,-,11,RPG,日本テレネット,デス・ブリンガー💿,調査中,調査中,0,2,,,羽成正己,高井政彦|越智一裕|酉沢安施,小川史生|佐藤天平,,,
1990-06-15,-,11,他,ビクター音楽産業,ウルトラボックス創刊号💿,調査中,調査中,0,2,,,,,,,,
1990-06-29,30,11,ADV,ハドソン,うる星やつらSTAYWITHYOU💿,"￥6,825","￥7,000代",0,2,,島田周樹|高津敏之,菊池賢次|中田伸一,久保久,中橋望,高津敏之|チャーリー,清水始,
1990-06-29,-,11,RPG,メサイヤ,ソル・ビアンカ💿,調査中,調査中,0,2,,,,,,,,
1990-07-06,-,11,ADV,日本テレネット,迷宮のエルフィーネ💿,調査中,調査中,0,2,,,,,,,,
1990-08-24,-,11,他,ビクター音楽産業NEC,マジカルサウルスツアーMagicalDinosaurTour💿,調査中,調査中,0,2,,,,,,,,
1990-08-31,-,11,RPG,ブレイングレイ,ラスト・ハルマゲドン💿,調査中,調査中,0,2,,,渡辺裕志,飯島健男|武井一昌|小林功一郎|西塚耕一|中井覚,葉山宏治|猪瀬勝幸,飯島健男,,
1990-09-07,-,11,ACT,日本テレネットNEC,ヴァリスIII💿,調査中,調査中,0,2,,,,,,,,
1990-09-14,-,11,ADV,ハドソン,みつばち学園💿,調査中,調査中,0,2,,酒井啓行|松永智史,松永建太,松浦浩司,宮元真佐人,酒井啓行|長山豊,清水始,
1990-09-21,-,11,SHT,日本テレネット,レギオン💿,調査中,調査中,0,2,,,,,,,,
1990-09-28,-,11,他,ビクター音楽産業,ウルトラボックス第2号💿,調査中,調査中,0,2,,,,,,,,
1990-10-05,-,11,SPT,インテック,ザ・プロ野球💿,調査中,調査中,0,2,,,,,,,,
1990-10-09,-,11,TBL,日本テレネット,雀偵物語💿,調査中,調査中,0,2,,,,,,,,
1990-11-02,-,11,RCG,日本テレネット,デコボコ伝説走るワガマンマー💿,調査中,調査中,0,2,,,,,,,,
1990-11-23,-,11,ADV,ハドソンNEC,J.B.ハロルドシリーズマーダークラブ💿,調査中,調査中,0,2,,,,,,,浜田省吾,
1990-12-07,-,11,SHT,日本テレネット,アヴェンジャー💿,調査中,調査中,0,2,,,,,,,,
1990-12-07,-,11,ACT,メサイヤ,らんま1/2💿,調査中,調査中,0,2,,望月智充,,中嶋敦子|谷口宏美,和田薫,高橋留美子,,
1990-12-20,-,11,SLG,"ヒューマンCRWorking Designs",バスティール💿,調査中,調査中,0,2,,,,,,,,
1990-12-28,-,11,他,ビクター音楽産業,ウルトラボックス第3号💿,調査中,調査中,0,2,,,,,,,,
1991-01-25,-,11,SLG,パック・イン・ビデオ,ガルクライトTDF2💿,調査中,調査中,0,2,,,,,,,,
1991-02-15,-,11,QUIZ,NECアベニュー,クイズアベニュー💿,調査中,調査中,0,2,,松田浩二,長谷川健,小森谷勇一郎|見田竜介,宮元真佐人,,多部田俊雄,
1991-02-15,-,11,SLG,マイクロキャビン,マスターオブモンスターズ💿,調査中,調査中,0,2,,,,,,,,
1991-03-15,-,11,ADV,メサイヤ,CYBERCITYOEDO808獣の属性💿,調査中,調査中,0,2,,山本哲也,斉藤満|高橋呉明|小林一美|柳謙一,青木勝志|渡部隆,山本敬一|本山淳弘|高木みゆき|山路敦司,斉藤満|浦畑達彦|六月十三,伊藤伸一|中村宏,
1991-03-22,-,11,ARPG,ハドソンNEC,イースIII💿,調査中,調査中,0,2,,,,,,,,
1991-03-22,-,11,RPG,工画堂スタジオ,魔晶伝紀ラ・ヴァルー💿,調査中,調査中,0,2,,,,,,,,
1991-03-22,33,11,ADV,サン電子,マンホール💿,"￥6,825","￥7,000代",0,2,,,,,,,,
1991-03-22,-,11,RCG,パック・イン・ビデオ,ロードスピリッツ💿,調査中,調査中,0,2,,,,,,,,
1991-03-29,-,11,ARPG,日本テレネットNEC,エグザイル時の狭間へ💿,調査中,調査中,0,2,,,,,,,,
1991-03-29,-,11,SLG,ナグザット,三国志英傑天下に臨む💿,調査中,調査中,0,2,,,,,,,,
1991-03-29,-,11,SHT,NECアベニュー,ダウンロード2💿,調査中,調査中,0,2,,,,,,,,
1991-04-05,-,11,RPG,"日本テレネットWorking Designs",コズミックファンタジー2冒険少年バンCosmicFantasy2💿,調査中,調査中,0,2,,,,,,,,
1991-04-05,-,11,SHT,メサイヤ,エルディス💿,調査中,調査中,0,2,,山本哲也,高野務|松岡三郎,牧野紀夫,本山淳弘|高木みゆき|前田華代子|岩崎琢|山路敦|牧野紀夫,牧野紀夫,土田俊郎,
1991-04-05,-,11,QUIZ,アトラス,クイズまるごとTheワールド💿,調査中,調査中,0,2,,,,,中西ゆういちろう,鈴木光司|久保幸湖|谷井美佳|中村真夕,山崎宏太(朝日放送テレビ)|南雄大(朝日放送テレビ)|齋藤浩司(ヒューマックスシネマ)|若山佑介(ヒューマックスシネマ)|山口誠(47style),
1991-04-12,-,11,SLG,日本テレネット,ハイグレネーダー💿,調査中,調査中,0,2,,,,,,,,
1991-04-12,-,11,SHT,NECアベニュー,ヘルファイアーS💿,調査中,調査中,0,2,,,,,上村建也,,,
1991-04-19,-,11,TBL,ココナッツジャパン,パチ夫くん幻の伝説💿,調査中,調査中,0,2,,,,,,,,
1991-05-24,-,11,他,ビクター音楽産業,ウルトラボックス第4号💿,調査中,調査中,0,2,,,,,,,,
1991-05-31,-,11,ACT,ハドソンTTI,ポンピングワールドBusterBros.💿,調査中,調査中,0,2,,,,,,,,
1991-06-07,-,11,ADV,ハドソン,コブラII伝説の男💿,調査中,調査中,0,2,,酒井啓行,飛田雅宏,秋元哲也|角谷篤志,中村暢之,島田良尚|長山豊|伝田由紀,,
1991-06-07,-,11,SHT,データウエスト,ライザンバーII💿,調査中,調査中,0,2,,,みなみふみお|わしずよしゆき,中村一秀|五十嵐丈晴,斉藤康仁,,"TEAM 50",
1991-06-21,-,11,RPG,IGS,魔笛伝説アストラリウス💿,調査中,調査中,0,2,,,,,,,,
1991-06-28,-,11,PZL,NECアベニューTTI,スプラッシュレイク💿,調査中,調査中,0,2,,,,,,,,
1991-06-28,-,11,SLG,インテック,戦国関東三国志💿,調査中,調査中,0,2,,長井筆公司,白鳥修|佐藤満,"麻々凪博|戸高博之|広岡弥|戸高博之|うっかり伝七|ZUNKO|スパーキー魔神|小人 神・王",林家権タロー|芸春人|徳ベエ|メタルまんきち,,,
1991-07-12,-,11,SHT,ナグザット,精霊戦士スプリガン💿,調査中,調査中,0,2,,,外山雄一,中嶋和之,迫田敏明|竹内啓史|長尾亮利|田中勝己,,仁井谷正充,
1991-07-26,30,11,ADV,ビクター音楽産業NEC,シャーロック・ホームズの探偵講座💿,"￥8,610","￥8,500代",0,2,,ケネス・トローラ,フレッド・アレン,マイケル・マニング|キャサリン・トゥーテリアン,,ローリー・ローズ・バウマン|アニー・フォックス,ケネス・トローラ,
1991-07-26,-,11,SHT,NECアベニュー,大旋風カスタム💿,調査中,調査中,0,2,,,,,太田理,,,
1991-08-09,-,11,RPG,リバーヒルソフト,BURAI八玉の勇士伝説💿,調査中,調査中,0,2,,,,,,,,
1991-08-23,-,11,ACT,日本テレネット,ヴァリスIV💿,調査中,調査中,0,2,,,,,,,,
1991-08-30,30,11,RPG,ハドソン,聖竜伝説モンビット💿,"￥7,140","￥7,000代",0,2,,,,,,,,
1991-09-27,-,11,他,ビクター音楽産業,ウルトラボックス第5号💿,調査中,調査中,0,2,,,,,,,,
1991-10-11,-,11,QUIZ,NECアベニュー,クイズアベニューII💿,調査中,調査中,0,2,,,,,,,,
1991-10-25,-,11,TBL,日本物産,まーじゃんバニラシンドローム💿,調査中,調査中,0,2,,,,,,,,
1991-11-29,-,11,SLG,システムソフト,ロードオブウォーズ💿,調査中,調査中,0,2,,,,,,,,
1991-12-06,-,11,SLG,工画堂スタジオ,スーパーシュヴァルツシルト💿,調査中,調査中,0,2,,,,,,,,
1991-12-06,-,11,ADV,メサイヤ,らんま1/2とらわれの花嫁💿,調査中,調査中,0,2,,成田伸子,橋谷利幸|佐藤伸,テンキー|中嶋敦子|成田伸子,神津裕之,成田伸子,鈴木力|土田俊郎,
1991-12-13,-,11,ARPG,ブレイングレイ,エフェラアンドジリオラジ・エンブレムフロムダークネス💿,調査中,調査中,0,2,,,,土器手司|大貫健一|大畑晃一,,山本優,,
1991-12-13,-,11,SLG,インテック,太平記💿,調査中,調査中,0,2,,,,,,,,
1991-12-13,-,11,ACT,パック・イン・ビデオ,秘宝伝説クリスの冒険💿,調査中,調査中,0,2,,,,,,,,
1991-12-20,-,11,TBL,日本テレネット,なりトレザ・スゴロク'92💿,調査中,調査中,0,2,,,,,,,,
1991-12-27,-,11,SLG,タイトー,斬陽炎の時代💿,調査中,調査中,0,2,,,,,,,,
1992-01-24,-,11,RPG,NECアベニュー,マイト・アンド・マジック💿,調査中,調査中,0,2,,,,,,,,
1992-01-31,-,11,他,ビクター音楽産業,ウルトラボックス第6号💿,調査中,調査中,0,2,,,,,,,,
1992-02-21,-,11,QUIZ,IGS,IQPANIC💿,調査中,調査中,0,2,,,,,,,,
1992-02-28,-,11,ACT,メサイヤ,改造町人シュビビンマン3-異界のプリンセス💿,調査中,調査中,0,2,,,濱田信次|川上直哉|島尻雅人,鈴木政幸|斉藤智晴|有賀等|延東史朗|市丸雅彦|永井一成,葉山宏治,,土田俊郎,
1992-02-28,-,11,PZL,タイトー,ぎゅわんぶらあ自己中心派麻雀パズルコレクション💿,調査中,調査中,0,2,,,,,,,,
1992-02-28,-,11,TBL,アトラス,雀偵物語2宇宙探偵ディバン/出動編💿,調査中,調査中,0,2,,,,,,,,
1992-03-13,-,11,SLG,ビクター音楽産業NEC,ライジングサンLordsoftheRisingSun💿,調査中,調査中,0,2,,,,,,,,
1992-03-13,-,11,ADV,メサイヤ,魔物ハンター妖子魔界からの転校生💿,調査中,調査中,0,2,,,,,,,,
1992-03-20,-,11,PZL,パック・イン・ビデオ,マインスウィーパー💿,調査中,調査中,0,2,,,,,,,,
1992-03-27,-,11,RPG,パック・イン・ビデオ,川のぬし釣り自然派💿,調査中,調査中,0,2,,,,,,,,
1992-03-27,-,11,QUIZ,アトラス,クイズまるごとTheワールド2タイムマシンにおねがい!💿,調査中,調査中,0,2,,,,,中西ゆういちろう,鈴木光司|久保幸湖|谷井美佳|中村真夕,山崎宏太(朝日放送テレビ)|南雄大(朝日放送テレビ)|齋藤浩司(ヒューマックスシネマ)|若山佑介(ヒューマックスシネマ)|山口誠(47style),
1992-04-24,-,11,TBL,アトラス,雀偵物語2宇宙探偵ディバン/完結編💿,調査中,調査中,0,2,,,,,,,,
1992-07-10,-,11,TBL,ココナッツジャパン,カラーウォーズ💿,調査中,調査中,0,2,,,,,,,,
1992-07-17,-,11,SHT,ナグザット,サマーカーニバル'92アルザディック💿,調査中,調査中,0,2,,,,,,,,
1992-07-17,-,11,RPG,ハドソン,ロードス島戦記💿,調査中,調査中,0,2,,,,,,安田均(テーブルトークRPG),,
1992-09-18,-,11,SHT,ナグザット,ゼロウィング💿,調査中,調査中,0,2,,,,,上村建也|富沢敏明|弓削雅稔,,,
1992-10-02,-,11,PZL,ナグザット,スターモビール💿,調査中,調査中,0,2,,,,,,,,
1992-10-10,-,11,QUIZ,ハドソン,クイズ殿様の野望💿,調査中,調査中,0,2,,,松嶋延幸|中井一仁,"飯島哲也|C.KANEMITSU|M.OKAZAKI|KITASAN|MARILYN HIGUCHI",松前真奈美|GIPS.PAPA,,岡本吉起,
1992-11-20,-,11,SLG,ナグザット,横山光輝真・三国志💿,調査中,調査中,0,2,,,,,,,,
1992-12-18,-,11,PZL,アスク講談社,上海IIIドラゴンズアイ💿,調査中,調査中,0,2,,,,,,,,
1993-02-12,-,11,他,日本テレネット,コズミック・ファンタジービジュアル集💿,調査中,調査中,0,2,,,,,,,,
1993-02-19,-,11,他,日本テレネット,ヴァリスビジュアル集💿,調査中,調査中,0,2,,,,,,,,
1993-02-26,-,11,ARPG,タイトー,幻蒼大陸オーレリア💿,調査中,調査中,0,2,,,,,,,,
1993-05-28,-,11,ADV,ビクター音楽産業TTI,シャーロック・ホームズの探偵講座IISherlockHolmes:ConsultingDetectiveVol.II💿,調査中,調査中,0,2,,,,,,,,
1993-05-28,-,11,QUIZ,ハドソン,クイズキャラバンカルトQ💿,調査中,調査中,0,2,,,,,,,,
1993-06-30,-,11,ACT,NECアベニュー,レインボーアイランド💿,調査中,調査中,0,2,,,藤末一郎|みきこうじ|おくのこうじ,三辻富貴朗|三辻富貴朗|讃岐平,相澤静夫|小倉久佳,三辻富貴朗,,
1991-10-25,-,11,RPG,ハドソンTTI,ドラゴンスレイヤー英雄伝説💿,調査中,調査中,0,3,,,,,,,,
1991-10-25,31,11,RPG,日本テレネット,天使の詩💿,"￥7,770","￥8,000代",0,3,,,,,,,,
1991-10-25,-,11,SLG,ハドソン,ポピュラスザ・プロミストランド💿,調査中,調査中,0,3,,,,,,,,
1991-11-08,-,11,ACT,リバーヒルソフトTTI,プリンス・オブ・ペルシャ💿,調査中,調査中,0,3,,,ジョーダン・メックナー,ジョーダン・メックナー,フランシス・メックナー,,ブライアン・エーラー,
1991-11-29,-,11,SLG,日本テレネット,レディファントム💿,調査中,調査中,0,3,,中村光雄,清水昭博|木村こう姫|川出陽一,三橋幸雄|後藤正行,わかめ|さけ|村上慎吾|大坪弘人,三橋幸雄,羽成正己,
1991-12-20,-,11,SHT,アイレム,R-TYPECompleteCD💿,調査中,調査中,0,3,,,SUM|MISACHIN,ABIKO|AKIO|YOSHIGE,石崎正人,,,
1991-12-20,-,11,SPT,ナグザット,熱血高校ドッジボール部CDサッカー編💿,調査中,調査中,0,3,,,,,,,,
1992-02-07,-,11,SHT,日本テレネット,ブロウニング💿,調査中,調査中,0,3,,,,,,,,
1992-02-21,-,11,SHT,ハドソンTTI,ゲートオブサンダー💿,調査中,調査中,0,3,,,NINNIKI.NIN,METAL|SHELL|IDOL,ニック・ウッド,,,
1992-02-28,-,11,SPT,ヒューマン,ヒューマンスポーツフェスティバル💿,調査中,調査中,0,3,,,,,,,,
1992-02-28,-,11,ACT,日本テレネット,未来少年コナン💿,調査中,調査中,0,3,,,,宮崎駿|大塚康生,阿部海太郎,伊藤靖朗,,
1992-03-06,-,11,ADV,ナグザット,山村美紗サスペンス金盞花京絵皿殺人事件💿,調査中,調査中,0,3,,,,,,,,
1992-03-13,-,11,SHT,パック・イン・ビデオ,HAWKF-123💿,調査中,調査中,0,3,,,,,,,,
1992-03-19,-,11,SHT,日本テレネット,サイキック・ストーム💿,調査中,調査中,0,3,,,,,,,,
1992-03-19,-,11,ACT,日本テレネット,夢幻戦士ヴァリス💿,調査中,調査中,0,3,,林浩樹(グラフィック)|小川史生(音楽),秋篠雅弘,ウルフ・チーム|林浩樹,小川史生,林浩樹|三橋幸雄,林浩樹,
1992-03-26,32,11,RPG,ハドソン,天外魔境II卍MARU💿,"￥8,190","￥8,000代",0,3,,桝田省治,岩崎啓眞|長谷川浩|藪芳昭|蝦名寿昌,広井王子(企画・監修)|辻野寅次郎(絵師・作画監督)|天城秀行,久石譲|福田裕彦,桝田省治(脚本・構成)|あだちひろし(翻案),清水始,
1992-03-27,-,11,SHT,NECアベニュー,フォゴットンワールド💿,調査中,調査中,0,3,,,江川陽一|こじまのりこ|TAKEYO|山之内一雅,安田朗|西谷亮|船水紀孝|岡本吉起|栗原明美|TAKATA|SHINSYUDON|新谷さゆり|EMETARO,河本圭代|坂口由洋,,,
1992-03-27,-,11,ACT,ビクター音楽産業,シャドー・オブ・ザ・ビースト魔性の掟💿,調査中,調査中,0,3,,,,,,,,
1992-03-27,-,11,RPG,日本テレネット,BABEL💿,調査中,調査中,0,3,,,,,,,,
1992-04-01,-,11,SPT,マイクロワールド,ザ・デビスカップテニス💿,調査中,調査中,0,3,,,,,,,,
1992-04-01,-,11,PZL,マイクロワールド,ビルダーランド💿,調査中,調査中,0,3,,,,,,,,
1992-04-02,-,11,SHT,ハドソン,スーパー雷電💿,調査中,調査中,0,3,,スタッフ参照,,,,,"菅賢治|土屋敏男 ほか",
1992-04-03,-,11,SHT,メサイヤ,超時空要塞マクロス2036💿,調査中,調査中,0,3,,,,,,,,
1992-04-24,-,11,SHT,ハドソン,スターパロジャー💿,調査中,調査中,0,3,,,山下孝|杉本尚志,川田忠之|横山祥|古橋秀幸|山元健司,斎藤寛志|渡辺人,,青山英治,
1992-05-01,-,11,SHT,ライトスタッフTTI,テラフォーミングSydMead'sTerraforming💿,調査中,調査中,0,3,,,,,,,,
1992-05-29,-,11,SLG,マイクロキャビン,キャンペーン版大戦略II💿,調査中,調査中,0,3,,,,,,,,
1992-05-29,-,11,ACT,ハドソン,ドラえもんのび太のドラビアンナイト💿,調査中,調査中,0,3,,,,,菊池俊輔,藤子・F・不二雄,,
1992-06-19,-,11,QUIZ,ハドソン,アドベンチャークイズカプコンワールドハテナの大冒険💿,調査中,調査中,0,3,,,,,,,,
1992-06-25,-,11,ADV,リバーヒルソフト,トップをねらえ!GunBusterVOL.1💿,調査中,調査中,0,3,,,,,,,,
1992-06-26,-,11,RCG,日本物産,F-1CIRCUSSPECIAL💿,調査中,調査中,0,3,,,,,,,,
1992-06-26,-,11,ACT,ブレイングレイ,ジェノサイド💿,調査中,調査中,0,3,,,,,,,,
1992-06-26,-,11,SHT,データウエスト,ライザンバーIII💿,調査中,調査中,0,3,,,みなみふみお|わしずよしゆき,中村一秀|五十嵐丈晴,斉藤康仁,,"TEAM 50",
1992-07-17,-,11,ARPG,ビクター音楽産業,ソーサリアン💿,調査中,調査中,0,3,,,木屋善夫,木屋善夫|山根ともお|都築和彦|大浦孝浩|佐藤善美|古代彩乃|小林誠(マニュアルイラスト),古代祐三|石川三恵子|竹林令子|永田英哉,五十嵐哲也|富一成|山根ともお|都築和彦,加藤正幸,
1992-07-24,-,11,ACT,日本テレネット,ぽっぷ'nまじっく💿,調査中,調査中,0,3,,,,,,,,
1992-07-31,-,11,SPT,マイクロワールドNEC,ザ・キックボクシングAndrePanzaKickBoxing💿,調査中,調査中,0,3,,,,,,,,
1992-07-31,-,11,ACT,NECアベニュー,ボナンザブラザーズ💿,調査中,調査中,0,3,,,,,並木晃一,,,
1992-08-07,-,11,RPG,NECアベニュー,ドラゴンナイトII💿,調査中,調査中,0,3,,,,,,,,
1992-08-10,-,11,QUIZ,サン電子,クイズの星💿,調査中,調査中,0,3,,"北川正昭|JOE! JOE! JOE!",北川正昭|m.y.a|UTUGIUS祝進級,S.GIANTS,"PHASE OUT",,吉田喜春,
1992-08-28,-,11,ACT,マイクロワールド,ベイビー・ジョー💿,調査中,調査中,0,3,,,,,,,,
1992-08-29,-,11,RPG,ヒューマン,ファージアスの邪皇帝💿,調査中,調査中,0,3,,,カイザー,阿部賢一,庭山博也|田中宏|米沢正弘|太谷哲司|山崎正通,矢野了也|高野希義|いいやんさんすー,,
1992-09-04,-,11,ACT,日本テレネット,TRAVELエプル💿,調査中,調査中,0,3,,,,,,,,
1992-09-11,-,11,SLG,日本テレネット,F-1チームシミュレーションプロジェクトF💿,調査中,調査中,0,3,,,,,,,,
1992-09-18,30,11,RPG,ビクター音楽産業TTI,ダンジョン・マスターセロンズ・クエストDungeonMaster💿,"￥8,610","￥8,500代",0,3,,,,,,,,
1992-09-22,-,11,ARPG,"日本テレネットWorking Designs",エグザイルII邪念の事象Exile:WickedPhenomenon💿,調査中,調査中,0,3,,,,,,,,
1992-09-25,-,11,ADV,ビクター音楽産業TTI,LOOM💿,調査中,調査中,0,3,,,,,"作詞:Toshl 作曲:青木秀一",,Toshl,
1992-09-25,-,11,RPG,日本テレネット,コズミック・ファンタジー3冒険少年レイ💿,調査中,調査中,0,3,,,,,,,,
1992-09-29,-,11,ACT,ビクター音楽産業TTI,シェイプシフター魔界英雄伝ShapeShifter💿,調査中,調査中,0,3,,,,,,,,
1992-10-01,-,11,ADV,ソフィックス,YAWARA!💿,調査中,調査中,0,3,,,,兼森義則|兼森義則|君塚勝教,森英治,井上敏樹,,
1992-10-02,-,11,ACT,メサイヤ,らんま1/2打倒、元祖無差別格闘流!💿,調査中,調査中,0,3,,南浩史,高橋呉明|小林一美|南浩史,,本山淳弘|高木みゆき|前田華代子|岩崎琢,南浩史,土田俊郎,
1992-10-09,-,11,SPT,インテック,ザ・プロ野球SUPER💿,調査中,調査中,0,3,,,,,,,,
1992-10-09,-,11,ACT,マイクロワールド,スライムワールド💿,調査中,調査中,0,3,,,,,,,,
1992-10-23,-,11,SHT,日本テレネット,キアイダン00💿,調査中,調査中,0,3,,"CM ひげぴん|ORI",野上真一,"CM ひげぴん|開田裕治",森永由美子|猫乃あまえ♂|吉川雄次,久保基史,佐々木哲哉|小川史生,
1992-10-23,-,11,ADV,ハドソン,銀河お嬢様伝説ユナ💿,調査中,調査中,0,3,,,,,,明貴美加,,
1992-10-23,33,11,ADV,コナミ,スナッチャー💿,"￥8,190","￥8,000代",0,3,,小島秀夫,足立敏哉,小島秀夫|木下富晴|太田良彦,碇子正広,小島秀夫,桐田富和|春木豊,
1992-11-20,-,11,ADV,データウエスト,サイキック・ディテクティヴ・シリーズVol.3アヤ💿,調査中,調査中,0,3,,,,,,,,
1992-11-27,-,11,SHT,テイチク,ゴッドパニック至上最強軍団💿,調査中,調査中,0,3,,,,,,,,
1992-11-27,-,11,PZL,サンソフト,レミングス💿,調査中,調査中,0,3,,,デイブ・ジョーンズ(英語版),ゲイリー・ティモンズ|スコット・ジョンストン,ブライアン・ジョンストン|ティム・ライト(英語版),,,
1992-12-04,-,11,SLG,工画堂スタジオ,スーパーシュヴァルツシルト2💿,調査中,調査中,0,3,,,,,,,,
1992-12-04,-,11,SLG,メサイヤ,超時空要塞マクロス永遠のラヴソング💿,調査中,調査中,0,3,,,,,,,,
1992-12-04,-,11,SPT,メディアリング,TECMOWORLDCUPスーパーサッカー💿,調査中,調査中,0,3,,,,,,,,
1992-12-11,-,11,ACT,ナグザット,ダウンタウン熱血行進曲それゆけ大運動会💿,調査中,調査中,0,3,,関本弘之,南波靖一郎|松本康宏|熊谷慎太郎,根立克行(キャラ担当)|東郷和代(背景担当),澤和雄,,,
1992-12-11,-,11,SHT,ナグザット,ネクスザール💿,調査中,調査中,0,3,,,,,,,,
1992-12-18,-,11,SHT,アイレム,イメージファイトII💿,調査中,調査中,0,3,,,KAN-CHAN,YAMASHI|NABE,冷牟田卓志|木村浩,,おかだこうぞう|吉岡基行,
1992-12-18,-,11,SHT,コナミ,グラディウスII-GOFERの野望-💿,調査中,調査中,0,3,,町口浩康,高取利明|筒井久一郎|T.HORIMOTO|鈴木彰|藤井龍夫,M.YOSHIKATA|芦田裕行|M.IWAMOTO|A.NONAMI|角和邦昭,コナミ矩形波倶楽部|田坂真二|古川元亮|深見誠一|松原健一,,,
1992-12-18,-,11,TBL,ナグザット,スーパーリアル麻雀スペシャルミキ・カスミ・ショウコの思い出より💿,調査中,調査中,0,3,,,,,,,,
1992-12-18,-,11,ADV,ナグザット,パステルLime💿,調査中,調査中,0,3,,,,,,,,
1992-12-18,-,11,RPG,リバーヒルソフト,ブライII闇皇帝の逆襲💿,調査中,調査中,0,3,,,,,,,,
1992-12-18,-,11,RCG,メサイヤ,モトローダーMC💿,調査中,調査中,0,3,,,,,,,,
1992-12-22,-,11,SLG,ヒューマン,宇宙戦艦ヤマト💿,調査中,調査中,0,3,,,,岡迫亘弘|松本零士|スタジオぬえ,宮川泰,藤川桂介|田村丸|山本暎一,,
1992-12-22,-,11,TBL,ココナッツジャパン,パチ夫くん笑う宇宙💿,調査中,調査中,0,3,,,,,,,,
1992-12-23,-,11,RPG,ハドソン,ドラゴンスレイヤー英雄伝説II💿,調査中,調査中,0,3,,,,,,,,
1992-12-25,-,11,ADV,ハドソン,井上麻美この星にたったひとりのキミ💿,調査中,調査中,0,3,,,,,,,,
1992-12-25,-,11,ACT,NECアベニュー,ゲイングランドSX💿,調査中,調査中,0,3,,,大岡良樹,マック・オースティン|ヤン・ワット|EIRO,高田陽|林克洋,,,
1992-12-25,-,11,ARPG,日本テレネット,サークI・II💿,調査中,調査中,0,3,,中津泰彦,中津泰彦|青木正二郎,中津泰彦|陣内靖弘|瀬田哲也|百鬼丸|樋口恵津子,瓜田幸治,中津泰彦|陣内靖弘|瀬田哲也,中津泰彦,
1992-12-25,-,11,SHT,メサイヤ,超兄貴💿,調査中,調査中,0,3,,,濱田信次,永井一成,葉山宏治,,土田俊郎,
1992-12-28,-,11,TBL,光栄,スーパー麻雀大会💿,調査中,調査中,0,3,,,,,若桑比織,,シブサワ・コウ,
1993-01-08,-,11,ADV,メサイヤ,魔物ハンター妖子〜遠き呼び声〜💿,調査中,調査中,0,3,,,,,,,,
1993-01-14,-,11,SLG,ハドソンTTI,シムアース💿,調査中,調査中,0,3,,,ダニエル・ゴールドマン|ポール・シュミット,フレッド・ハスラム|ウィル・ライト|ケイトリン・ミシェルデイトン|ピーター・ミシェルデイトン|ジェニー・マーティン|スーザン・グリーン,ヒース・ペーターソン,,スティーヴ・ベッカート,
1993-01-22,-,11,SHT,NECホームエレクトロニクス,メタモジュピター💿,調査中,調査中,0,3,,,,,,,,
1993-01-29,-,11,ADV,ハドソン,ふしぎの海のナディア💿,調査中,調査中,0,3,,,,貞本義行,鷺巣詩郎,大川久男|梅野かおる,,
1993-02-12,-,11,SHT,ハドソンTTI,コットンCotton:FantasticNightDreams💿,調査中,調査中,0,3,,,,,,,,
1993-02-26,-,11,ACT,ハドソンTTI,クレストオブウルフRiotZone💿,調査中,調査中,0,3,,,,,,,,
1993-02-26,-,11,ACT,NECアベニュー,ホラーストーリー💿,調査中,調査中,0,3,,,,,,,,
1993-02-26,-,11,TBL,日本テレネット,ポリス・コネクション💿,調査中,調査中,0,3,,,,,,,,
1993-02-27,-,11,SLG,光栄,信長の野望・武将風雲録💿,調査中,調査中,0,3,,,,,菅野よう子,,シブサワ・コウ,
1993-03-05,-,11,RCG,メディアリング,ゼロヨンチャンプII💿,調査中,調査中,0,3,,,,,,,,
1993-03-12,-,11,ACT,ナグザット,双截龍IITHEREVENGE💿,調査中,調査中,0,3,,,,,,,,
1993-03-19,-,11,他,キングレコード,CDBATTLE光の勇者たち💿,調査中,調査中,0,3,,,,,,,,
1993-03-19,-,11,ACT,マイクロワールド,ジム・パワー💿,調査中,調査中,0,3,,,,,,,,
1993-03-26,-,11,ARPG,ハドソンTTI,ダンジョンエクスプローラーII💿,調査中,調査中,0,3,,松永智史,白谷守|鈴木規生|小島卓也,上田和敏|松沢運生|岡田寿夫|草彅琢仁,"コンポジラ|T'sミュージック|BANG HEADS",野村郁朋,青山英治,
1993-03-26,-,11,SLG,アイレム,英雄三国志💿,調査中,調査中,0,3,,,,,,,,
1993-03-26,-,11,RPG,日本テレネット,天使の詩II堕天使の選択💿,調査中,調査中,0,3,,,,,,,,
1993-03-26,-,11,ADV,リバーヒルソフト,トップをねらえ!GunBusterVOL.2💿,調査中,調査中,0,3,,,,,,,,
1993-03-26,-,11,ACT,ナグザット,フォーセットアムール💿,調査中,調査中,0,3,,,高橋聖人,宍倉典幸|牧野竜一,大島俊一,安部淳也,福田雅之,
1993-03-26,-,11,ADV,NECホームエレクトロニクス,ムーンライトレディ💿,調査中,調査中,0,3,,かえるさん|西田晴幸|坂井志保,清水昭博|熊田浩司,国府方政男|西田晴幸|As'まりあ|ねことむ,長谷部潤,かえるさん,高垣信宏,
1993-03-30,-,11,RPG,ヒューマン,ラプラスの魔💿,調査中,調査中,0,3,,,,,,,,
1993-03-31,-,11,ADV,NECアベニュー,CALII💿,調査中,調査中,0,3,,山中拓也,,おぐち|田辺謙司,増子津可燦|高梨康治|Funta7|RegaSound|岩田賢治,待田堂子|永井真吾|竹内利光|望月真理子,山中拓也,
1993-04-16,-,11,ARPG,ライトスタッフ,フィーンドハンター💿,調査中,調査中,0,3,,,田名網正,木村明広,澤下禎,飯淳,,
1993-04-23,-,11,SHT,ハドソンTTI,ウィンズオブサンダーLordsofThunder💿,調査中,調査中,0,3,,,,,,,,
1993-04-23,-,11,TBL,アトラス,雀偵物語3セイバーエンジェル💿,調査中,調査中,0,3,,,,,,,,
1993-06-11,-,11,SLG,アートディンク,A列車で行こうIII💿,調査中,調査中,0,3,,,,,,,,
1993-07-10,33,11,RPG,ハドソン,天外魔境風雲カブキ伝💿,"￥8,190","￥8,000代",0,3,,竹部隆司(監督)|藤原茂樹(演出),小坂恭洋,広井王子(企画・監修)|辻野寅次郎(絵師)|久保久(美術監督),田中公平,荒井弘二,和気正則|三井啓介|小林正樹,
1993-07-16,-,11,SLG,アスク講談社,1552天下大乱💿,調査中,調査中,0,3,,,,,,,,
1993-07-23,-,11,RPG,ナグザット,WIZARDRYI・II💿,調査中,調査中,0,3,,,,,,,,
1993-07-23,-,11,SHT,ナグザット,サマーカーニバル'93ネクスザールスペシャル💿,調査中,調査中,0,3,,,,,,,,
1993-07-23,-,11,ACT,マイクロネット,ブラックホールアサルト💿,調査中,調査中,0,3,,,,,,,,
1993-07-23,-,11,ACT,マイクロキャビン,ミスティックフォーミュラ💿,調査中,調査中,0,3,,,,,,,,
1993-07-30,-,11,SHT,ハドソン,CD電人ロカビリー天国💿,調査中,調査中,0,3,,松永智史|伊井人,高野務,僕久保|中村純|もらおかもら|あだちひろし|青木コブ太|阿部K助,佐藤真一郎|平木登直,,青山英治|小林正樹,
1993-07-30,-,11,SLG,NECアベニュー,卒業〜Graduation〜💿,調査中,調査中,0,3,,,,竹井正樹,なし,,,
1993-07-30,-,11,ADV,NECホームエレクトロニクス,眠れぬ夜の小さなお話💿,調査中,調査中,0,3,,,,野村誠司,原由子,森絵都,,
1993-08-06,-,11,ADV,データウエスト,サイキック・ディテクティヴ・シリーズVol.4オルゴール💿,調査中,調査中,0,3,,,,,,,,
1993-08-06,-,11,RCG,インテック,チャンピオンシップラリー💿,調査中,調査中,0,3,,,,,,,,
1993-08-06,-,11,SLG,メサイヤ,ラングリッサー光輝の末裔💿,調査中,調査中,0,3,,,,,,,,
1993-09-24,-,11,TBL,ナグザット,麻雀クリニックスペシャル💿,調査中,調査中,0,3,,,,,,,,
1993-09-24,-,11,SLG,パック・イン・ビデオ,メタルエンジェル💿,調査中,調査中,0,3,,,,,,,,
1993-09-30,-,11,SLG,光栄,蒼き狼と白き牝鹿・元朝秘史💿,調査中,調査中,0,3,,,,,大島ミチル,,シブサワ・コウ,
1993-09-30,-,11,ADV,リバーヒルソフト,機動警察パトレイバーグリフォン篇💿,調査中,調査中,0,3,,,,,,,,
1993-09-30,-,11,TBL,NECアベニュー,麻雀オンザビーチ💿,調査中,調査中,0,3,,山下賢一,小座間隆,遊人,,,石原幸男,
1993-09-30,-,11,SHT,バンプレスト,幽☆遊☆白書闇勝負!!暗黒武術会💿,調査中,調査中,0,3,,JIPPAHITOKARAGE,まきこうせい|田村毅|さいとうしゅういち|わだやすゆき|塩住誠,守谷淳一|わたなべゆうじ|なかむらとしろう|西山彰則|高尾伸治|雪野和哉|KATTAA,みしまともみ,,,
1993-10-02,-,11,SLG,光栄,三國志III💿,調査中,調査中,0,3,,,,,向谷実,,シブサワ・コウ,
1993-10-22,-,11,SHT,トンキンハウス,シルフィア💿,調査中,調査中,0,3,,永妻淳一,野上真一,子猫ネコ|佐藤典司|高島俊介|寺本耕二|掘田英雄|水元省二|島崎亜矢,竹内啓史|嶋崎聡|田中勝己|長尾英之助|松島剛史,,浦井郁郎,
1993-10-22,-,11,RPG,レイ・フォース,スタートリング・オデッセイ💿,調査中,調査中,0,3,,,,,,,,
1993-10-29,-,11,RPG,ハドソン,マイト・アンド・マジックIII💿,調査中,調査中,0,3,,,,,,,,
1993-10-29,-,11,ACT,コナミ,悪魔城ドラキュラX血の輪廻💿,調査中,調査中,0,3,,萩原徹,,,荘司朗|中村圭三|佐野朋子|斎藤幹雄,,山田善朗,
1993-10-29,-,11,ACT,インテック,GALAXY刑事GAYVAN💿,調査中,調査中,0,3,,,,,,,,
1993-10-29,-,11,ARPG,NECホームエレクトロニクス,マジクール💿,調査中,調査中,0,3,,森山豊治|槇原文彦,,織田武士,牧野信博,森山豊治,庭山博也,
1993-11-19,-,11,SLG,ライトスタッフ,ソードマスター💿,調査中,調査中,0,3,,,,,,,,
1993-11-19,-,11,ARPG,ビクター音楽産業,ルイン神の遺産💿,調査中,調査中,0,3,,,,,,,,
1993-11-26,-,11,QUIZ,ナグザット,クイズDE学園祭💿,調査中,調査中,0,3,,,神無月らい,FIX|もりけん,米田克哉,もりけん,,
1993-11-26,-,11,TBL,ヒューマン,ただいま勇者募集中💿,調査中,調査中,0,3,,,,,,,,
1993-11-26,-,11,ACT,リバーヒルソフト,フェイスボール💿,調査中,調査中,0,3,,,,,,,,
1993-12-03,-,11,SLG,工画堂スタジオ,機装ルーガ💿,調査中,調査中,0,3,,,,,,,,
1993-12-10,-,11,ACT,日本物産,伊賀忍伝凱王💿,調査中,調査中,0,3,,,,,,,,
1993-12-10,-,11,RPG,パック・イン・ビデオ,オーロラクエストおたくの星座INANOTHERWORLD💿,調査中,調査中,0,3,,,,,,,,
1993-12-10,-,11,ADV,徳間書店インターメディア,秘密の花園💿,調査中,調査中,0,3,,,,,,,,
1993-12-11,-,11,SLG,光栄,信長の野望・全国版💿,調査中,調査中,0,3,,,,,菅野よう子,,シブサワ・コウ,
1993-12-17,-,11,TBL,ナグザット,スーパーリアル麻雀PIVカスタム💿,調査中,調査中,0,3,,,,,,,,
1993-12-17,-,11,ACT,コナミ,マーシャルチャンピオン💿,調査中,調査中,0,3,,"HEINE KEN",,"HEINE KEN|赤坂嘉紀|SURUGANOKAMI MADAOW|ひじまみさと",仲野順也|すぎさわけいじ,,"KANON PACHELBEL",
1993-12-17,-,11,ADV,ナグザット,闇の血族〜遥かなる記憶〜💿,調査中,調査中,0,3,,,,,,,,
1993-12-19,-,11,ACT,ライトスタッフ,フラッシュハイダース💿,調査中,調査中,0,3,,,佐野敬之,チキンヘッド|赤石龍彌,澤下禎,山本剛,,
1993-12-22,-,11,ARPG,ハドソン,イースIVTheDawnofYs💿,調査中,調査中,0,3,,,,,,,,
1993-12-23,-,11,SHT,NECアベニュー,スーパーダライアスII💿,調査中,調査中,0,3,,藤原英裕,大槻朗|中村辰男|廿楽昌志|征矢野伸二,藤原英裕|仙波隆綱|菊池正美|仙波隆綱|加藤久和,小倉久佳,,藤原英裕,
1993-12-24,-,11,TBL,日本物産,セクシーアイドル麻雀💿,調査中,調査中,0,3,,,,,,,,
1993-12-24,-,11,ACT,ナグザット,ダウンタウン熱血物語💿,調査中,調査中,0,3,,関本弘之|吉田晄浩|W.S.LITTLE,谷本敦|熊谷慎太郎|ふくはらげんえい|SHIN,白戸政男,澤和雄,,,
1993-12-25,-,11,RPG,アトラス,真・女神転生💿,調査中,調査中,0,3,,岡田耕始,佐藤雅美|岡田耕始|國枝剛|高木秀俊,伊藤龍太郎|藤岡一樹|しまだよしあき|鈴木一也(遊企画)|佐藤佐和子|村上哲也|片岡いずみ|高島志郎|金子一馬,増子司,鈴木一也|伊藤龍太郎,新野洋右,
1994-01-03,-,11,ACT,ハドソン,爆笑吉本新喜劇・今日はこれぐらいにしといたる!💿,調査中,調査中,0,3,,,,,,,,
1994-01-07,-,11,RPG,アイレム,ソル・モナージュ💿,調査中,調査中,0,3,,さとうしゅう,やまもとしゅんいち,さとうしゅう|風上旬,平嶋理経,さとうしゅう,Moto,
1994-01-28,-,11,RPG,NECホームエレクトロニクス,エメラルドドラゴン💿,調査中,調査中,0,3,,,,,,,,
1994-01-28,-,11,ACT,インテック,格闘覇王伝説アルガノス💿,調査中,調査中,0,3,,,,,,,,
1994-02-10,-,11,RPG,レイ・フォース,スターブレイカー💿,調査中,調査中,0,3,,寺岡大介|渡部高志,三枝直樹,坂田文彦|中沢一登,中村暢之,坂田文彦,坂田文彦,
1994-02-18,-,11,ARPG,NECホームエレクトロニクス,風の伝説ザナドゥ💿,調査中,調査中,0,3,,,,,,,,
1994-02-25,-,11,SLG,パック・イン・ビデオ,パラディオン💿,調査中,調査中,0,3,,,,,,,,
1994-02-25,-,11,TBL,ナグザット,麻雀レモンエンジェル💿,調査中,調査中,0,3,,,,"BOKU NO SEIJA|NAI",藤井健一(K.FUJI)|中嶋孝志(T.NAKAJIMA),,,
1994-02-26,-,11,ACT,東宝TTI,ゴジラ爆闘烈伝Godzilla💿,調査中,調査中,0,3,,,,,,,,
1994-03-04,-,11,RPG,ナグザット,WIZARDRYIII・IV💿,調査中,調査中,0,3,,,,,,,,
1994-03-04,-,11,SLG,アートディンク,THEATLASルネッサンスボイジャー💿,調査中,調査中,0,3,,,,,,,,
1994-03-04,-,11,SPT,ハドソン,パワーゴルフ2ゴルファー💿,調査中,調査中,0,3,,,,,,,,
1994-03-25,-,11,ADV,NECアベニュー,CALIII完結編💿,調査中,調査中,0,3,,,,,,,,
1994-03-25,-,11,RPG,リバーヒルソフト,プリンセス・ミネルバ💿,調査中,調査中,0,3,,池本浩司,福田淳|横山欣也,石田走|松本文夫|井上博明,岩谷弘明,舞阪洸,鈴木理香,
1994-03-30,-,11,ACT,マイクロキャビン,フレイCDサーク外伝💿,調査中,調査中,0,3,,中津泰彦,中津泰彦,柳島秀行|中津泰彦|末永仁志|谷口恵津子|ここまひ,新田忠弘,中津泰彦,,
1994-03-30,-,11,RPG,NECアベニュー,モンスターメーカー闇の竜騎士💿,調査中,調査中,0,3,,,,,,,,
1994-04-15,-,11,TBL,ココナッツジャパン,パチ夫くん3パチスロ＆パチンコ💿,調査中,調査中,0,3,,迫井政行(第12話まで),,冨士原良|小松真梨子|橋本浩一(第12話まで)|長友望己(第13話以降),横山克|橋口佳奈,リベル・エンタテインメント,沖田多久磨,
1994-04-22,-,11,ADV,ソニー・ミュージックエンタテインメント,爆伝アンバランスゾーン💿,調査中,調査中,0,3,,,,,,,,
1994-04-22,-,11,PZL,NECアベニュー,ぷよぷよCD💿,調査中,調査中,0,3,,,,,,,,
1994-04-28,-,11,ACT,ナグザット,風霧💿,調査中,調査中,0,3,,,,,,,,
1994-04-28,-,11,SLG,徳間書店インターメディア,初恋物語💿,調査中,調査中,0,3,,,,,,,,
1994-05-20,-,11,ARPG,ハドソンTTI,超英雄伝説ダイナスティックヒーローTheDynasticHero💿,調査中,調査中,0,3,,,,,,,,
1994-05-27,-,11,SLG,コナミ,ときめきメモリアル💿,調査中,調査中,0,3,,永田義明,,立石流牙|小倉雅史,"Metal Yuhki|村井聖夜|莊司朗|Sanoppi|中村地獄車",五十嵐孝司,桐田富和,
1994-06-10,-,11,RPG,日本テレネット,コズミックファンタジー4銀河少年伝説突入編💿,調査中,調査中,0,3,,,,,,,,
1994-06-17,-,11,RPG,パック・イン・ビデオ,KO世紀ビースト三獣士ガイア復活完結編💿,調査中,調査中,0,3,,,,,,,,
1994-06-17,-,11,SPT,インテック,ザ・プロ野球SUPER'94💿,調査中,調査中,0,3,,,,,,,,
1994-06-17,-,11,ACT,NECアベニュー,天地を喰らう💿,調査中,調査中,0,3,,,,,,,,
1994-06-17,-,11,ARPG,NECホームエレクトロニクス,ブランディッシュ💿,調査中,調査中,0,3,,,,,,,,
1994-07-08,-,11,ADV,NECホームエレクトロニクス,3×3EYES三只眼變成💿,調査中,調査中,0,3,,,,,,,,
1994-07-08,-,11,SLG,ヒューマン,バスティール2💿,調査中,調査中,0,3,,,,,,,,
1994-07-15,-,11,SLG,アートディンク,栄冠は君に高校野球全国大会💿,調査中,調査中,0,3,,,,,,,,
1994-07-15,-,11,ACT,NECアベニュー,チキチキボーイズ💿,調査中,調査中,0,3,,船水紀孝|岡本吉起,"BLBON|MEIJIN|SAIKOU YUKI","Bully Duck|新谷さゆり|中山郁夫|たなべまゆみ",高岡宏光,,,
1994-07-22,-,11,ACT,TGL,アドヴァンストV.G.💿,調査中,調査中,0,3,,,,木村貴宏|雨宮まこと,山本はるきち,服部理子,,
1994-07-22,-,11,RPG,NECアベニュー,ドラゴンナイトIII💿,調査中,調査中,0,3,,,,,,,,
1994-07-29,-,11,ADV,バンプレスト,GS美神💿,調査中,調査中,0,3,,,,青山充,佐橋俊彦,椎名高志,,
1994-07-29,30,11,SLG,ハドソン,ネオ・ネクタリス💿,"￥8,610","￥8,500代",0,3,,,,,,,,
1994-08-05,-,11,TBL,ナグザット,スーパーリアル麻雀PII・IIIカスタム💿,調査中,調査中,0,3,,,,,,,,
1994-08-05,-,11,TBL,日本物産,聖戦士伝承・雀卓の騎士💿,調査中,調査中,0,3,,,,,,,,
1994-08-05,-,11,ADV,バンプレスト,美少女戦士セーラームーン💿,調査中,調査中,0,3,,,,,,,,
1994-08-12,-,11,ARPG,NECホームエレクトロニクス,ぽっぷるメイル💿,調査中,調査中,0,3,,木屋善夫,永嶋純,今井浩之|塩田雄一|田中久仁彦,石川三恵子|白川篤史,,加藤正幸,
1994-08-26,-,11,RPG,ビクターエンタテインメント,アルシャーク💿,調査中,調査中,0,3,,,田名網正,飯淳|佐藤淳|青柳久|木村明広,佐藤天平,飯淳,,
1994-09-16,-,11,TBL,日本物産,セクシーアイドル麻雀まーじゃんファッション物語💿,調査中,調査中,0,3,,,,,,,,
1994-09-22,-,11,SLG,NECアベニュー,誕生Debut💿,調査中,調査中,0,3,,,,,なし,,,
1994-09-23,-,11,ADV,ソフィックス,YAWARA!2💿,調査中,調査中,0,3,,,,兼森義則|兼森義則|君塚勝教,森英治,井上敏樹,,
1994-09-30,-,11,ARPG,NECホームエレクトロニクス,サークIII💿,調査中,調査中,0,3,,中津泰彦,中津泰彦|青木正二郎,中津泰彦|陣内靖弘|瀬田哲也|百鬼丸|樋口恵津子,瓜田幸治,中津泰彦|陣内靖弘|瀬田哲也,中津泰彦,
1994-09-30,-,11,TBL,マイクロキャビン,ドラゴンハーフ💿,調査中,調査中,0,3,,,,児山昌弘,,見田竜介,,
1994-09-30,-,11,RPG,NECホームエレクトロニクス,女神天国💿,調査中,調査中,0,3,,,,,,,,
1994-10-21,-,11,RPG,レイ・フォース,スタートリング・オデッセイII魔竜戦争💿,調査中,調査中,0,3,,,,,,,,
1994-10-21,-,11,ARPG,NECアベニュー,バステッド💿,調査中,調査中,0,3,,,,,,,,
1994-10-28,-,11,ADV,ココナッツジャパン,卒業写真/美姫💿,調査中,調査中,0,3,,,,,無し(PC98/X68k/MSX)/あり(PCE),,,
1994-10-28,-,11,ACT,ハドソン,ブラッド・ギア💿,調査中,調査中,0,3,,,,,,,,
1994-11-05,-,11,SLG,ハドソン,ハイパーウォーズ💿,調査中,調査中,0,3,,,,,,,,
1994-11-11,-,11,ACT,バンダイ,ドラゴンボールZ偉大なる孫悟空伝説💿,調査中,調査中,0,3,,小峯徳司,清水邦彦|川合淳一|鈴木永康,鈴木永康|志田直俊,島村孝一,小山高生,浅沼誠,
1994-11-18,-,11,ADV,徳間書店インターメディア,電脳天使デジタルアンジュ💿,調査中,調査中,0,3,,,,,,,,
1994-11-25,-,11,QUIZ,NECアベニュー,クイズアベニューIII💿,調査中,調査中,0,3,,,,,,,,
1994-11-25,-,11,ACT,NECホームエレクトロニクス,ゲッツェンディーナー💿,調査中,調査中,0,3,,富一成,富一成|武田信孝|本田宏治,吉成曜|福岡英典|守岡英行|赤井孝美,大熊謙一,,沢村武伺|武田康広|松原文彦,
1994-11-25,-,11,RPG,日本テレネット,コズミックファンタジー4銀河少年伝説激闘編💿,調査中,調査中,0,3,,,,,,,,
1994-11-25,-,11,他,バンプレスト,美少女戦士セーラームーンcollection💿,調査中,調査中,0,3,,,,,,,,
1994-12-09,-,11,TBL,フジコム,カードエンジェルス💿,調査中,調査中,0,3,,,,,,,,
1994-12-16,-,11,RPG,ハドソン,ロードス島戦記II💿,調査中,調査中,0,3,,,,,,,,
1994-12-22,-,11,RPG,ライトスタッフ,アルナムの牙獣族十二神徒伝説💿,調査中,調査中,0,3,,木村明広,春名弘|桜井健一|手島義晶|中路健一,木村明広|西塚耕一|青柳久|金丸宏之|木村明広,澤下禎|川島伸二|日野由紀子,澤下禎|青柳久|金丸宏之|松本康志|北澤誠|木村明広,,
1994-12-22,-,11,PZL,ハドソン,ボンバーマンぱにっくボンバー💿,調査中,調査中,0,3,,日比進,竹内久徳,竹内久徳|横山祥|横山祥|田口真之|藤波勝,須合真樹|竹間淳,,豊嶋真人,
1994-12-23,-,11,SPT,NECホームエレクトロニクス,Jリーグトリメンダスサッカー'94💿,調査中,調査中,0,3,,,,,,,,
1994-12-23,-,11,SLG,NECアベニュー,卒業II〜NeoGeneration〜💿,調査中,調査中,0,3,,,,,なし,,,
1994-12-29,-,11,RPG,ビクター音楽産業,とらべらーず伝説をぶっとばせ💿,調査中,調査中,0,3,,,,,,,,
1995-01-03,-,11,SLG,NECホームエレクトロニクス,プリンセスメーカー1💿,調査中,調査中,0,3,,,,赤井孝美,FM音源(PC-98|MSX2|X68000)|PSG音源(MSX2)|MIDI音源(PC/AT|X68000),,,
1995-01-20,-,11,SLG,パック・イン・ビデオ,メタルエンジェル2💿,調査中,調査中,0,3,,,,,,,,
1995-01-31,-,11,TBL,日本物産,セクシーアイドル麻雀野球拳の詩💿,調査中,調査中,0,3,,,,,,,,
1995-02-24,-,11,SHT,日本コンピュータシステム,愛・超兄貴💿,調査中,調査中,0,3,,,濱田信次,永井一成,葉山宏治,,土田俊郎,
1995-02-24,-,11,ACT,NECアベニュー,姐(あねさん)💿,調査中,調査中,0,3,,,,延東史朗|永井一成|延東史朗|はやしひろし,葉山宏治,,,
1995-03-03,-,11,TBL,ナグザット,スーパーリアル麻雀P・Vカスタム💿,調査中,調査中,0,3,,,,,,,,
1995-03-17,-,11,SLG,NECホームエレクトロニクス,ソリッドフォース💿,調査中,調査中,0,3,,,,,,,,
1995-03-31,-,11,RPG,NECアベニュー,ドラゴンナイト＆グラフィティ💿,調査中,調査中,0,3,,,,,,,,
1995-04-07,-,11,SPT,ヒューマン,フォーメーションサッカー95dellaセリエA💿,調査中,調査中,0,3,,,,,,,,
1995-04-28,-,11,TBL,日本物産,スロット勝負師💿,調査中,調査中,0,3,,,,,,,,
1995-05-19,-,11,SPT,NECホームエレクトロニクス,レッスルエンジェルス・ダブルインパクト団体経営編＆新人デビュー編💿,調査中,調査中,0,3,,,,,,,,
1995-05-26,-,11,SLG,NECホームエレクトロニクス,機装ルーガII💿,調査中,調査中,0,3,,,,,,,,
1995-05-26,30,11,RPG,ハドソン,空想科学世界ガリバーボーイ💿,"￥8,190","￥8,000代",0,3,,芦田豊雄,,芦田豊雄|神志那弘志|工藤誉寿治|井上邦彦,田中公平,広井王子|芦田豊雄,,
1995-05-26,-,11,ADV,NECアベニュー,天地無用!魎皇鬼💿,調査中,調査中,0,3,,,,梶島正樹|寺岡賢司|小田武士|崎本さゆり|梶島正樹(オリジナル)|堀内博之|梶島正樹(オリジナル)|辻武司|ヤスダスズヒト(協力)|猪股雅美(アニメーション),平野義久,梶島正樹,,
1995-06-16,-,11,RPG,パック・イン・ビデオ,熱血レジェンドベースボーラー💿,調査中,調査中,0,3,,,,,,,常田大希,
1995-06-16,-,11,SLG,NECホームエレクトロニクス,プリンセスメーカー2💿,調査中,調査中,0,3,,,,赤井孝美,梶原正裕,,,
1995-06-23,-,11,ACT,NECアベニュー,レニーブラスター💿,調査中,調査中,0,3,,上野真一,かじやすゆき,末弥純,森田広志,殿勝裕子,小座間隆,
1995-06-30,-,11,ARPG,日本ファルコム,風の伝説ザナドゥII💿,調査中,調査中,0,3,,,,,,,,
1995-06-30,-,11,ADV,ハドソン,銀河お嬢様伝説ユナ2永遠のプリンセス💿,調査中,調査中,0,3,,,,,,,,
1995-07-28,-,11,ACT,NECアベニュー,あすか120%マキシマバーニングフェスト💿,調査中,調査中,0,3,,,,,,,,
1995-07-28,30,11,SHT,NECアベニュー,スペースインベーダージ・オリジナルゲーム💿,調査中,調査中,0,3,,,,,,,,
1995-08-04,-,11,他,ハドソン,百物語〜ほんとにあった怖い話〜💿,調査中,調査中,0,3,,西谷衆一郎,後藤誠,鈴木茂|増田祐司,阪本志崇,,井上佳典,
1995-08-11,-,11,ADV,NECホームエレクトロニクス,プライベート・アイ・ドル💿,調査中,調査中,0,3,,,,,,,,
1995-08-11,-,11,TBL,ナグザット,マージャン・ソードプリンセス・クエスト外伝💿,調査中,調査中,0,3,,,,,,,,
1995-09-22,-,11,ADV,フジコム,真怨霊戦記💿,調査中,調査中,0,3,,,,,,,,
1995-09-29,-,11,ACT,ライトスタッフ,ザ・ティーヴィーショー💿,調査中,調査中,0,3,,,,,,,,
1995-10-13,-,11,RPG,NECホームエレクトロニクス,リンダキューブ💿,調査中,調査中,0,3,,安藤誠,長谷川浩,桝田省治|CANNABIS,樹原涼子|島村考一,桝田省治|稲本義彦|広瀬絵美,松原文彦|高橋孝造,
1995-10-27,-,11,TBL,セタ,将棋データベース棋友💿,調査中,調査中,0,3,,,,,,,,
1995-11-23,-,11,ADV,NECアベニュー,同級生💿,調査中,調査中,0,3,,,,,,,,
1995-12-22,-,11,RPG,ハドソン,聖夜物語💿,調査中,調査中,0,3,,,,,,,,
1996-03-22,-,11,SHT,TGL,スチーム・ハーツ💿,調査中,調査中,0,3,,,,,,,,
1996-03-29,-,11,PZL,NECインターチャネル,ぷよぷよCD通💿,調査中,調査中,0,3,,,,,,,,
1996-05-31,-,11,SLG,徳間書店インターメディア,ヴァージン・ドリーム💿,調査中,調査中,0,3,,,,,,,,
1996-06-28,-,11,SPT,NECホームエレクトロニクス,GO!GO!バーディーチャンス💿,調査中,調査中,0,3,,,,,,,,
1996-07-12,-,0,ADV,NECインターチャネル,DE・JA💿,調査中,調査中,0,3,,,,,,,,
1996-07-26,-,11,PZL,NECホームエレクトロニクス,バザールでござーるのゲームでござーる💿,調査中,調査中,0,3,,,,,,,,
1997-03-28,-,11,SLG,NECホームエレクトロニクス,はたらく☆少女てきぱきワーキン・ラブ💿,調査中,調査中,0,3,,,,,,,,
1999-06-03,-,11,ADV,NECホームエレクトロニクス,デッド・オブ・ザ・ブレイン1＆2💿,調査中,調査中,0,3,,,,荻原しょう子|中野彰子|荻原しょう子,岩崎元是,まいた菜穂,,
