発売年,ハード,ジャンル,容量(bit),メーカー,タイトル,価格,ジョブカテゴリ,カウント,マッパー,👥クリエイターズ👨‍💼👨‍💻🎨,👨‍💼ディレクター,👨‍💻プログラマー,🎨デザイナー/美術,🎵音楽,📝シナリオ,💼プロデューサー,
1986-01-01,MSX,SHT,1M,アスキー,1942,"￥5,800","￥6,000代",1,ASCII_8KB,,,,,,,,
1987-01-01,MSX2,SHT,1M,アスキー,1942,"￥5,980","￥6,000代",1,ASCII_8KB,,,,,,,,
1986-01-01,MSX,SPT,32K,アイレム,10ヤードファイト,"￥4,900","￥5,000代",1,Mirrored,,,,,,,,
1980-01-01,MSX,ETC,16K,カシオ,16KB増設RAMカートリッジ,￥,￥0代,1,?,,,,,,,,
1985-01-01,MSX,ETC,32K,ヤマハ,32KB拡張RAMカートリッジ,"￥9,800","￥10,000代",1,?,,,,,,,,
1983-01-01,MSX,SLG,16K,"T＆E SOFT",3Dゴルフシミュレーション,"￥5,800","￥6,000代",1,Basic(startat0x8000),,,,,,,,
1984-01-01,MSX,SLG,16K,"T＆E SOFT",3Dゴルフシミュレーション・高速版,"￥5,800","￥6,000代",1,Basic(startat0x8000),,,,,,,,
1983-01-01,MSX,SPT,16K,アスキー,3Dテニス,"￥4,800","￥5,000代",1,Basic(startat0x8000),,,,,,,,
1980-01-01,不明,-,不明,ＨＡＬ研究所,8つの戦場,￥,￥0代,1,?,,,,,,,,
1983-01-01,MSX,-,16K,東芝/東芝ＥＭＩ,A.E.(AE),"￥5,800","￥6,000代",1,Mirrored,,,,,,,,
1980-01-01,MSX2,-,1M,ＨＡＬ研究所,ALTERSSTELA,￥,￥0代,1,?,,,,,,,,
1989-01-01,MSX2,-,1M,ポニーキャニオン,A列車で行こう,"￥7,800","￥8,000代",1,ASCII_16KB+SRAM,,,,,,,,
1980-01-01,不明,-,不明,日本エレクトロニクス,BANGBANG(BANG!BANG!),￥,￥0代,1,?,,,,,,,,
1985-01-01,MSX,-,不明,ハート電子産業,BASICコンパイラ,"￥15,000","￥15,000代",1,?,,,,,,,,
1984-01-01,MSX,-,32K,カシオ,BASIC入門,"￥5,800","￥6,000代",1,Mirrored,,,,,,,,
1985-01-01,MSX,-,32K,カシオ,BASIC入門2,"￥5,800","￥6,000代",1,Mirrored,,,,,,,,
1983-01-01,MSX,-,16K,レイゾン,BEE＆FLOWER,"￥4,800","￥5,000代",1,*0,,,,,穴見真吾,,,
1985-01-01,MSX,-,不明,コーラル,CAP-XMASTER,"￥9,800","￥10,000代",1,?,,,,,,,,
1984-01-01,MSX,-,16K,日本エレクトロニクス,CHEESE,￥,￥0代,1,Mirrored,,,,,,,,
1985-01-01,MSX2,-,32K,日本エレクトロニクス,CHEESE2,"￥6,800","￥7,000代",1,Mirrored,,,,,,,,
1984-01-01,MSX,-,16K,東芝/東芝ＥＭＩ,D-DAY,"￥4,800","￥5,000代",1,Mirrored,,,,,,,,
1987-01-01,MSX2,-,1M,日本テレネット,DIRESネットワーク・バージョン,￥,￥0代,1,ASCII_8KB+SRAM,,,,,,,,
1985-01-01,MSX,-,不明,ヤマハ,DISK日本語ワープロユニット,"￥49,800","￥50,000代",1,?,,,,,,,,
1987-01-01,MSX,-,16K,アイツー,Dr.COPY電光石火PartII,￥,￥0代,1,Mirrored,,,,,,,,
1984-01-01,MSX,-,16K,ヤマハ,DX7音色プログラム,"￥7,800","￥8,000代",1,Mirrored,,,,,,,,
1986-01-01,MSX,-,不明,ヤマハ,DX7音色プログラム2,"￥9,800","￥10,000代",1,Mirrored,,,,,,,,
1985-01-01,MSX,-,不明,ヤマハ,DX9音色プログラム,"￥7,800","￥8,000代",1,Mirrored,,,,,,,,
1984-01-01,MSX,-,16K,ソニー,E.I.HBS-G017C,"￥4,000","￥4,000代",1,Mirrored,,,,,,,,
1988-01-01,MSX2,-,不明,ソニー,EasyTelopper2,"￥39,000","￥39,000代",1,?,,,,,,,,
1984-01-01,MSX,-,16K,ＨＡＬ研究所,EDDY2,"￥5,600","￥5,500代",1,Mirrored,,,,,,,,
1987-01-01,MSX2,-,1M,システムソフト,F-15ストライクイーグル,￥,￥0代,1,ASCII_8KB,,,,,,,,
1985-01-01,MSX,-,16K,NEXA,F16ファイティングファルコン,"￥5,800","￥6,000代",1,Mirrored,,,,,,,,
1987-01-01,MSX,-,1M,コナミ,F1スピリット,"￥5,800","￥6,000代",1,Konami58KB(SCC),,,,,,,,
1985-01-01,MSX,-,32K,ヤマハ,FB-01音色プログラム,￥,￥0代,1,*0,,,,,,,,
1980-01-01,MSX2,-,1M,サブロジック,FliqhtSimulatorwithTorpedo,￥,￥0代,1,?,,,,,,,,
1985-01-01,MSX,-,不明,ヤマハ,FMオート・アレンジャー,"￥9,800","￥10,000代",1,?,,,,,,,,
1986-01-01,MSX,-,不明,ヤマハ,FMオート・アレンジャーUTILITY,"￥9,800","￥10,000代",1,?,,,,,,,,
1985-01-01,MSX,-,不明,ヤマハ,FMサウンドシンセサイザーユニット,"￥19,800","￥20,000代",1,?,,,,,,,,
1985-01-01,MSX,-,不明,ヤマハ,FMサウンドシンセサイザーユニット2,"￥29,800","￥30,000代",1,?,,,,,,,,
1984-01-01,MSX,-,16K,ヤマハ,FMミュージックコンポーザ,"￥7,800","￥8,000代",1,Mirrored,,,,,,,,
1984-01-01,MSX,-,32K,ヤマハ,FMミュージックコンポーザ2,"￥9,800","￥10,000代",1,Mirrored,,,,,,,,
1984-01-01,MSX,-,32K,ヤマハ,FMミュージックマクロ,"￥7,800","￥8,000代",1,Mirrored,,,,,,,,
1985-01-01,MSX,-,不明,ヤマハ,FMミュージックマクロ2,"￥9,800","￥10,000代",1,?,,,,,,,,
1985-01-01,MSX,-,不明,リットーミュージック,FMミュージックライター,"￥5,800","￥6,000代",1,?,,,,,,,,
1985-01-01,MSX,-,16K,ヤマハ,FM音色プログラム,"￥7,800","￥8,000代",1,Standard(startat0x4000),,,,,,,,
1985-01-01,MSX,-,不明,ヤマハ,FM音色プログラム2,"￥9,800","￥10,000代",1,?,,,,,,,,
1987-01-01,MSX,-,16K,パナソフト,FS-FD1DiskBasic1.0,￥,￥0代,1,?,,,,,,,,
1987-01-01,MSX,-,16K,パナソフト,FS-FD1ADiskBasic1.0,￥,￥0代,1,?,,,,,,,,
1985-01-01,MSX,-,16K,松下電器産業,FS-FD351DiskBasic1.0,￥,￥0代,1,?,,,,,,,,
1980-01-01,不明,-,不明,松下電器産業,FS-SR021ワープロカートリッジ,￥,￥0代,1,?,,,,,,,,
1986-01-01,MSX,-,32K,松下電器産業,FS-SR022MSX文節変換辞書,￥,￥0代,1,"[FS-SR022_MSX文節変換辞書] rom",,,,,,,,
1980-01-01,不明,-,不明,松下電器産業,FS-SR02348ドット毛筆カートリッジ,￥,￥0代,1,?,,,,,,,,
1985-01-01,MSX,-,32K,ポニーキャニオン,G.P.ワールド,"￥5,500","￥5,500代",1,Mirrored,,,,,,,,
1987-01-01,MSX2,-,8M,ＨＡＬ研究所,HALNOTE,"￥29,800","￥30,000代",1,"[Halnote] rom",,,,,,,,
1987-01-01,MSX,-,16K,ソニー,HBD-F1DiskBasic1.0,￥,￥0代,1,?,,,,,,,,
1988-01-01,MSX,-,16K,ソニー,HB-F1XDJDiskBasic1.0,￥,￥0代,1,?,,,,,,,,
1988-01-01,MSX,-,16K,ソニー,HB-F1XVDiskBasic1.0,￥,￥0代,1,?,,,,,,,,
1985-01-01,MSX,-,不明,ハドソン,Hucalデータ君,"￥12,800","￥13,000代",1,?,,,,,,,,
1984-01-01,MSX,-,32K,アスキー,J.P.ウインクル,"￥4,800","￥5,000代",1,Mirrored,,,,,,,,
1985-01-01,MSX,-,16K,マスティール,JUMP,"￥4,800","￥5,000代",1,Mirrored,,,,,,,,
1980-01-01,不明,-,不明,ピクセル,LIFEM36PLANET,￥,￥0代,1,ASCII_8KB,,,,,,,,
1980-01-01,不明,-,不明,BIT2,MIDIサウルス,￥,￥0代,1,?,,,,,,,,
1986-01-01,MSX,-,32K,ヤマハ,MIDIマクロ,￥,￥0代,1,Mirrored,,,,,,,,
1985-01-01,MSX,-,不明,ヤマハ,MIDIレコーダ,"￥9,800","￥10,000代",1,?,,,,,,,,
1983-01-01,MSX,-,16K,アスキー,MOLE,"￥4,800","￥5,000代",1,Mirrored,,,,,,,,
1984-01-01,MSX,-,8K,ＨＡＬ研究所,Mr.CHIN,"￥4,800","￥5,000代",1,Mirrored,,,,,,,,
1985-01-01,MSX,-,16K,日本コロムビア,Mr.Doワイルドライド,"￥4,800","￥5,000代",1,Mirrored,,,,上田和敏,,,,
1984-01-01,MSX,-,8K,日本コロムビア,Mr.Do!,"￥4,800","￥5,000代",1,Mirrored,,,,上田和敏,,,,
1986-01-01,MSX,-,16K,アスキー,MSXAID,"￥6,800","￥7,000代",1,Mirrored,,,,,,,,
1985-01-01,MSX,-,不明,東芝/東芝ＥＭＩ,MSXAudio,￥,￥0代,1,Standard(startat0x4000),,,,,,,,
1988-01-01,MSX,-,1M,パナソフト,MSXAudio,￥,￥0代,1,"[MSX-AUDIO] rom",,,,,,,,
1990-01-01,MSX2,-,不明,アスキー,MSXHDInterface,"￥30,000","￥30,000代",1,?,,,,,,,,
1986-01-01,MSX,-,不明,アスキー,MSXPLAN,"￥9,800","￥10,000代",1,?,,,,,,,,
1980-01-01,MSXTurboR,-,2M,アスキー,MSXView漢字ROM,￥,￥0代,1,ASCII_16KB,,,,,,,,
1983-01-01,MSX,-,16K,アスキー,MSXダービー,"￥4,800","￥5,000代",1,Basic(startat0x8000),,,,,,,,
1984-01-01,MSX,-,不明,東海クリエイト,MSXパソカルク,"￥9,800","￥10,000代",1,?,,,,,,,,
1980-01-01,MSX,-,4M,TIM,MSXプログラムコレクション50本1,￥,￥0代,1,?,,,,,,,,
1980-01-01,MSX,-,4M,TIM,MSXプログラムコレクション50本2,￥,￥0代,1,?,,,,,,,,
1980-01-01,MSX,-,2M,TIM,MSXプログラムコレクション50本3,￥,￥0代,1,?,,,,,,,,
1986-01-01,MSX,-,16K,アスキー,MSXべーしっ君,"￥4,500","￥4,500代",1,Standard(startat0x4000),,,,,,,,
1988-01-01,MSX2,-,16K,アスキー,MSXべーしっ君ぷらす,"￥6,800","￥7,000代",1,Standard(startat0x4000),,,,,,,,
1988-01-01,MSX,-,1M,ハイスコア,MSX英和辞典,"￥8,800","￥9,000代",1,ASCII_8KB,,,,,,,,
1984-01-01,MSX,-,不明,東芝/東芝ＥＭＩ,MSX花札,"￥6,800","￥7,000代",1,?,,,,,,,,
1985-01-01,MSX,-,32K,ソニー,MSX将棋,"￥5,800","￥6,000代",1,Mirrored,,,,,,,,
1991-01-01,MSX2,-,不明,アスキー,MSX増設RAMカートリッジ,"￥30,000","￥30,000代",1,?,,,,,,,,
1988-01-01,MSX,-,不明,ソニー,MSX通信カートリッジ,"￥32,800","￥33,000代",1,?,,,,,,,,
1988-01-01,MSX2,-,不明,ソニー,MSX標準日本語カートリッジ,"￥17,000","￥17,000代",1,?,,,,,,,,
1983-01-01,MSX,-,16K,アスキー,MSX-21,"￥4,800","￥5,000代",1,Basic(startat0x8000),,,,,,,,
1980-01-01,不明,-,不明,アスキー,MSX-DOS2,￥,￥0代,1,?,,,,,,,,
1980-01-01,不明,-,不明,アスキー,MSX-DOS2(RAM付),￥,￥0代,1,?,,,,,,,,
1988-01-01,MSX,-,2M,徳間書店／テクノポリス,MSXFANファンダムライブラリ1,"￥5,800","￥6,000代",1,ASCII_8KB,,,,,,,,
1988-01-01,MSX,-,2M,徳間書店／テクノポリス,MSXFANファンダムライブラリ2,"￥5,800","￥6,000代",1,ASCII_8KB,,,,,,,,
1988-01-01,MSX,-,2M,徳間書店／テクノポリス,MSXFANファンダムライブラリ3,"￥5,800","￥6,000代",1,ASCII_8KB,,,,,,,,
1986-01-01,MSX,-,32K,プロモテック,MSX-logo,"￥9,800","￥10,000代",1,?,,,,,,,,
1990-01-01,MSX,-,不明,アスキー,MSX-SERIAL232,"￥20,000","￥20,000代",1,?,,,,,,,,
1988-01-01,MSX,-,不明,キャンドゥ,MUSICIAN1,"￥12,800","￥13,000代",1,?,,,,,,,,
1987-01-01,MSX,-,1M,東京書籍,NEWHORIZON中学1年,￥,￥0代,1,ASCII_8KB,,,,,,,,
1987-01-01,MSX,-,1M,東京書籍,NEWHORIZON中学2年,￥,￥0代,1,?,,,,,,,,
1987-01-01,MSX,-,1M,東京書籍,NEWHORIZON中学3年,￥,￥0代,1,?,,,,,,,,
1985-01-01,MSX,-,不明,リンクス,NGA,￥,￥0代,1,Mirrored,,,,,,,,
1985-01-01,MSX,-,不明,リンクス,NGAII,￥,￥0代,1,Mirrored,,,,,,,,
1983-01-01,MSX,-,16K,ＭＩＡ,NYOROLS,"￥4,800","￥5,000代",1,Mirrored,,,,,,,,
1984-01-01,MSX,-,16K,リットーミュージック,PSGミュージックライター,"￥5,300","￥5,500代",1,Mirrored,,鈴木清崇,,天野明(原案)|浅野恭司|常木志伸|天野明(原案)|浅野恭司|天野明(原案)|恩田尚之|天野明(原案)|恩田尚之|浅野恭司|青木康浩|常木志伸|寺岡賢司|石渡マコト|天野明(原案)|恩田尚之|浅野恭司(全章)|阿部恒(Case.1&3)|青木康浩(Case.2)|天野明(原案)|恩田尚之|天野明(原案)|恩田尚之,菅野祐悟,サイコパス製作委員会,,
1986-01-01,MSX,-,不明,ヤマハ,PSエディタ,"￥9,800","￥10,000代",1,?,,鈴木清崇,,天野明(原案)|浅野恭司|常木志伸|天野明(原案)|浅野恭司|天野明(原案)|恩田尚之|天野明(原案)|恩田尚之|浅野恭司|青木康浩|常木志伸|寺岡賢司|石渡マコト|天野明(原案)|恩田尚之|浅野恭司(全章)|阿部恒(Case.1&3)|青木康浩(Case.2)|天野明(原案)|恩田尚之|天野明(原案)|恩田尚之,菅野祐悟,サイコパス製作委員会,,
1986-01-01,MSX,-,32K,コナミ,Qバート,"￥4,800","￥5,000代",1,Mirrored,,,ワーレン・デイビス,ワーレン・デイビス|ジェフリー・P・リー|テリー・ドゥーアーザフ,デヴィッド・ティール,,,
1985-01-01,MSX,-,不明,ヤマハ,RGBユニット,"￥9,800","￥10,000代",1,?,,,,,,,,
1988-01-01,MSX,-,3M,アイレム,R-TYPE,"￥7,300","￥7,500代",1,"[R-TYPE] rom",,,SUM|MISACHIN,ABIKO|AKIO|YOSHIGE,石崎正人,,,
1985-01-01,MSX,-,不明,ヤマハ,RXエディタ,"￥12,800","￥13,000代",1,?,,,,,,,,
1987-01-01,MSX,-,32K,ジャスト,SFアダルトアドベンチャーエリカ,"￥5,800","￥6,000代",1,Mirrored,,,,,,,,
1980-01-01,MSX,-,16K,コーラル,SimpleASMVol.1,￥,￥0代,1,Mirrored,,,,,,,,
1985-01-01,MSX,-,不明,コーラル,SimpleASMVol.2,"￥12,800","￥13,000代",1,?,,,,,,,,
1988-01-01,MSX2,-,1M,コナミ,THEプロ野球激突ペナントレース,"￥5,800","￥6,000代",1,Konami58KB(SCC),,,,,,,,
1986-01-01,MSX,-,32K,アスキー,TZRグランプリライダー,"￥5,800","￥6,000代",1,Mirrored,,,,,,,,
1986-01-01,MSX,-,不明,キャノン販売,V-WORD,"￥34,800","￥35,000代",1,?,,,,,,,,
1992-01-01,MSXTurboR,-,不明,BIT2,μ.PACK,"￥19,800","￥20,000代",1,?,,,,,,,,
1989-01-01,MSX2,-,1M,ポニーキャニオン,アークテック,"￥5,800","￥6,000代",1,ASCII_16KB,,,,,,,,
1985-01-01,MSX,-,16K,カシオ,アイスワールド,"￥4,800","￥5,000代",1,Mirrored,,,,,,,,
1980-01-01,不明,-,不明,カシオ,アイスワールド2,￥,￥0代,1,?,,,,,,,,
1986-01-01,MSX2,-,1M,ポニーキャニオン,アイドロン,"￥5,800","￥6,000代",1,ASCII_8KB,,,,,,,,
1988-01-01,MSX2,-,2M,ポニーキャニオン,アウトラン,"￥6,800","￥7,000代",1,ASCII_8KB,,,三船敏(アーケード)|香川忠司(アーケード)|大江玲(アーケード)|中裕司(セガ・マークⅢ),鈴木裕(アーケード)|石井洋児(アーケード)|松浦稔(アーケード)|貞森康毅(セガ・マークⅢ),川口博史(アーケード)|上保徳彦(セガ・マークⅢ),,,
1983-01-01,MSX,-,16K,ゼネラル,アクアポリスSOS,"￥4,800","￥5,000代",1,Mirrored,,,,,,,,
1984-01-01,MSX,-,16K,東芝/東芝ＥＭＩ,アクゥアタック,"￥5,800","￥6,000代",1,Mirrored,,,,,,,,
1985-01-01,MSX,-,16K,マスティール,アクトマン,"￥4,800","￥5,000代",1,Mirrored,,,,,クリストフ・ベック,スタン・リー|ラリー・リーバー|ジャック・カービー|『アントマン』,,
1988-01-01,MSX2,-,1M,BIT2,アクロジェット,"￥5,800","￥6,000代",1,ASCII_16KB,,,,,,,,
1987-01-01,MSX2,-,2M,"T＆E SOFT",アシュギーネ虚空の牙城,"￥6,800","￥7,000代",1,ASCII_8KB,,,,,,,,
1987-01-01,MSX2,-,2M,マイクロキャビン,アシュギーネ復讐の炎,"￥6,800","￥7,000代",1,ASCII_8KB,,,,,,,,
1984-01-01,MSX,-,16K,アスキー,アスレチックボール,"￥4,800","￥5,000代",1,Mirrored,,,,とみさわ昭仁,,,,
1986-01-01,MSX,-,32K,パックスソフトニカ,アタックフォー女子バレー,"￥5,500","￥5,500代",1,Mirrored,,,,,,,,
1983-01-01,MSX,-,16K,ＭＩＡ,アドベン・チュー太,"￥4,800","￥5,000代",1,Mirrored,,,,,,,,
1987-01-01,MSX,-,32K,ＧＡ夢／HOT-B,アナザ(ア・ナ・ザ),"￥5,500","￥5,500代",1,Mirrored,,,,,,,,
1987-01-01,MSX,-,1M,エニックス,アニマルランド殺人事件,"￥5,800","￥6,000代",1,ASCII_8KB,,,,,,,,
1984-01-01,MSX,-,不明,ＨＡＬ研究所,アニメエディタEDDY,"￥14,800","￥15,000代",1,?,,,,,,,,
1987-01-01,MSX2,-,64K,タイトー／ニデコ,アメリカンサッカー,"￥5,800","￥6,000代",1,ASCII_8KB,,,,,,,,
1985-01-01,MSX,-,32K,日本テレネット,アメリカントラック,￥,￥0代,1,Mirrored,,,,,,,,
1986-01-01,MSX,-,32K,ザインソフト,アラモ,"￥5,800","￥6,000代",1,Standard(startat0x4000),,,,,,,,
1984-01-01,MSX,-,16K,ソニー,アリババと40人の盗賊,"￥4,500","￥4,500代",1,Mirrored,,,,,,,,
1985-01-01,MSX,-,16K,ポニーキャニオン,アルカザール,"￥4,800","￥5,000代",1,Mirrored,,,,,,,,
1986-01-01,MSX,-,32K,タイトー／ニデコ,アルカノイド,"￥5,800","￥6,000代",1,Mirrored,,,,,,,,
1987-01-01,MSX2,-,1M,タイトー／ニデコ,アルカノイドII,"￥6,800","￥7,000代",1,ASCII_8KB,,,,,,,,
1988-01-01,MSX2,-,2M,KGD,アルギースの翼,￥,￥0代,1,ASCII_8KB,,,,樋上いたる|門之園恵美|池田和美,折戸伸治|戸越まごめ|麻枝准,志茂文彦,馬場隆博,
1986-01-01,MSX,-,32K,日本テレネット,アルバトロス,"￥6,800","￥7,000代",1,Mirrored,,,,,,,,
1984-01-01,MSX,-,16K,ソニー,アルファスクアドロン,"￥4,000","￥4,000代",1,Mirrored,,,,,,,,
1986-01-01,MSX,-,32K,ポニーキャニオン,アルファロイド,"￥4,900","￥5,000代",1,Mirrored,,,,,,,,
1988-01-01,MSX2,-,2M,コンパイル,アレスタ,"￥6,800","￥7,000代",1,ASCII_16KB,,,,,,,,
1980-01-01,不明,-,不明,コンパイル,アレスタ2,￥,￥0代,1,?,,,,,,,,
1984-01-01,MSX,-,16K,マスティール,アンジェロ,"￥4,800","￥5,000代",1,Mirrored,,,,,,,,
1984-01-01,MSX,-,16K,ボースティック,アンティ,"￥4,800","￥5,000代",1,Mirrored,,,,,,,,
1985-01-01,MSX,-,16K,コナミ,イーアルカンフー,"￥4,800","￥5,000代",1,Mirrored,,,,,東野美紀,,,
1985-01-01,MSX,-,16K,カシオ,イーアルカンフー,"￥4,800","￥5,000代",1,?,,,,,東野美紀,,,
1985-01-01,MSX,-,32K,コナミ,イーガー皇帝の逆襲,"￥4,800","￥5,000代",1,Mirrored,,,,,,,,
1985-01-01,MSX,-,32K,カシオ,イーガー皇帝の逆襲,"￥4,800","￥5,000代",1,?,,,,,,,,
1985-01-01,MSX,-,32K,カシオ,イーグルファイター,"￥4,800","￥5,000代",1,Mirrored,,,,,,,,
1987-01-01,MSX,-,16K,タケル／ブラザー工業,イエローサブマリン,"￥2,500","￥2,500代",1,Mirrored,,,,,,,ジョージ・マーティン,
1988-01-01,MSX2,-,2M,ナムコ,イシターの復活,"￥6,800","￥7,000代",1,ASCII_16KB,,,内藤智,遠藤雅伸|篠崎雄一郎,小沢純子,遠藤雅伸,,
1986-01-01,MSX2,-,不明,日立製作所,イラストワープロ,"￥29,800","￥30,000代",1,?,,,,,,,,
1983-01-01,MSX,-,16K,アスキー,イリーガスエピソードIV,"￥4,800","￥5,000代",1,Basic(startat0x8000),,,,,,,,
1983-01-01,MSX,-,16K,ハドソン,インディアンの冒険,"￥4,800","￥5,000代",1,Mirrored,,,,,,,,
1986-01-01,MSX,-,32K,東宝,インファント島の秘密モンスターズフェア,"￥4,800","￥5,000代",1,Mirrored,,,,,,,,
1987-01-01,MSX,-,1M,ハート電子産業,ヴァクソル,"￥6,800","￥7,000代",1,ASCII_16KB,,,,,,,,
1987-01-01,MSX,-,32K,ビクター音産,ヴィーナスファイヤー,"￥4,800","￥5,000代",1,Mirrored,,,,,,,,
1988-01-01,MSX2,-,4M,アスキー,ウィザードリィI,"￥12,800","￥13,000代",1,ASCII_8KB+SRAM,,,,,,,,
1987-01-01,MSX,-,1M,エニックス,ウイングマン2ダークキラーの復活,"￥5,800","￥6,000代",1,ASCII_8KB,,,,,,,,
1983-01-01,MSX,-,16K,アスキー,ウォーリア,"￥4,800","￥5,000代",1,Basic(startat0x8000),,,,,,,,
1985-01-01,MSX,-,32K,イエローホーン,ウォーロイド(WARROID),"￥5,800","￥6,000代",1,Mirrored,,,,,,,,
1985-01-01,MSX,-,32K,カシオ,ヴォルガード,"￥5,800","￥6,000代",1,?,,,,,,,,
1985-01-01,MSX,-,32K,デービーソフト,ヴォルガード,￥,￥0代,1,Mirrored,,,,,,,,
1987-01-01,MSX2,-,1M,コナミ,ウシャス,"￥5,800","￥6,000代",1,Konami48KB(noSCC),,,,,,,,
1987-01-01,MSX2,-,1M,デービーソフト,うっでぃぽこ,"￥6,800","￥7,000代",1,ASCII_16KB,,,小林貴樹|松井文也,高殿収,斉藤康仁,,吉田めぐみ,
1987-01-01,MSX2,-,4M,マイクロキャビン,うる星やつら恋のサバイバルパーティ,￥,￥0代,1,ASCII_8KB,,,,,,,,
1987-01-01,MSX2,-,2M,ポニーキャニオン,ウルティマ恐怖のエクソダス,"￥6,800","￥7,000代",1,ASCII_8KB+SRAM,,,,,,,,
1984-01-01,MSX,-,16K,バンダイ,ウルトラマン,"￥4,800","￥5,000代",1,Mirrored,,,,,,"金城哲夫 ほか",,
1987-01-01,MSX,-,1M,スクウェア,エイリアン2,"￥5,900","￥6,000代",1,ASCII_16KB,,,,,ジェームズ・ホーナー,キャラクター創造|ダン・オバノン|ロナルド・シャセット,,
1986-01-01,MSX,-,32K,日本デクスタ,エイリアン8,"￥5,700","￥5,500代",1,Mirrored,,,,,ジェリー・ゴールドスミス,ダン・オバノン,,
1983-01-01,MSX,-,16K,アスキー,エクスチェンジャー,"￥4,800","￥5,000代",1,Basic(startat0x8000),,,,,,,,
1984-01-01,MSX,-,16K,ジャレコ,エクセリオン(EXERION),"￥4,500","￥4,500代",1,Mirrored,,,,,,,,
1986-01-01,MSX,-,16K,カシオ,エクゾイドZ,"￥4,800","￥5,000代",1,Mirrored,,,,,,,,
1986-01-01,MSX,-,32K,カシオ,エクゾイドZエリア5,"￥4,800","￥5,000代",1,Mirrored,,,,,,,,
1985-01-01,MSX,-,32K,ＨＡＬ研究所,エッガーランドミステリー,"￥5,600","￥5,500代",1,Mirrored,,,,,,,,
1986-01-01,MSX,-,1M,ＨＡＬ研究所,エッガーランドミステリー2迷宮神話,￥,￥0代,1,ASCII_16KB,,,,,,,,
1988-01-01,MSX2,-,1M,ＮＣＳ,エルスリード,"￥6,800","￥7,000代",1,ASCII_8KB+SRAM,,,,,,,,
1985-01-01,MSX,-,32K,タイトー／ニデコ,エレベーターアクション,"￥4,900","￥5,000代",1,Mirrored,,,,,今村善雄,,,
1985-01-01,MSX,-,32K,コンプティーク,オイルズ・ウェル,"￥5,900","￥6,000代",1,Mirrored,,,,,,,,
1988-01-01,MSX2,-,64K,和知電子機器,お絵かきソフト画楽多,￥,￥0代,1,ASCII_16KB,,,,,,,,
1988-01-01,MSX2,-,1M,システムソフト,オーガ(OGRE),"￥5,800","￥6,000代",1,ASCII_16KB,,,,,,,,
1985-01-01,MSX,-,16K,ポニーキャニオン,オセロ(Othello),"￥4,900","￥5,000代",1,Mirrored,,,,,中西ゆういちろう,鈴木光司|久保幸湖|谷井美佳|中村真夕,山崎宏太(朝日放送テレビ)|南雄大(朝日放送テレビ)|齋藤浩司(ヒューマックスシネマ)|若山佑介(ヒューマックスシネマ)|山口誠(47style),
1983-01-01,MSX,-,16K,ＭＩＡ,おてんばベッキーの大冒険,"￥4,800","￥5,000代",1,Mirrored,,,,,ナオト・インティライミ(作詞・作曲),,,
1986-01-01,MSX,-,32K,コンパイル,ガーディック,"￥4,900","￥5,000代",1,Mirrored,,,,,,,,
1985-01-01,MSX,-,16K,カシオ,カーファイター,"￥4,800","￥5,000代",1,Mirrored,,,,,,,,
1988-01-01,MSX2,-,1M,日本テレネット,ガーリーブロック,"￥6,800","￥7,000代",1,ASCII_16KB,,,,,,,,
1983-01-01,MSX,-,8K,アスキー,カーレース(CARRACE),"￥4,800","￥5,000代",1,Mirrored,,,,,,,,
1985-01-01,MSX,-,32K,カシオ,カシオワールドオープン,"￥4,800","￥5,000代",1,Mirrored,,,,,,,,
1980-01-01,不明,-,不明,アートサプライ,カップル,￥,￥0代,1,?,,,,,,,,
1986-01-01,MSX,-,32K,ポニーキャニオン,カモン!ピコ,"￥4,900","￥5,000代",1,Mirrored,,,,,ポール・マッカートニー,,"ポール・マッカートニー| ジョージ・マーティン",
1983-01-01,MSX,-,16K,アスキー,カラー・トーチカ,"￥4,800","￥5,000代",1,Mirrored,,,,,,,,
1983-01-01,MSX,-,16K,マジックソフト,カラー・ミッドウエイ,"￥4,800","￥5,000代",1,Mirrored,,,,,,,,
1983-01-01,MSX,-,8K,ハドソン,カラーボール,"￥4,800","￥5,000代",1,Mirrored,,,,,,,,
1984-01-01,MSX,-,16K,ＨＡＬ研究所,カラ丸珍道中,"￥4,800","￥5,000代",1,Basic(startat0x8000),,,,,,,,
1986-01-01,MSX,-,32K,ポニーキャニオン,ガルケイブ,"￥4,800","￥5,000代",1,Mirrored,,,,,,,,
1986-01-01,MSX,-,1M,ソニー,ガルフォースカオスの攻防,"￥5,800","￥6,000代",1,ASCII_16KB,,,,,,,,
1985-01-01,MSX,-,32K,コスモスコンピュータ,カレイジアスペルセウス,￥,￥0代,1,Mirrored,,,,,,,,
1980-01-01,MSX2,-,1M,アスキー,かんたん手帳リファイルの攻防,￥,￥0代,1,?,,,,,,,,
1987-01-01,MSX2,-,1M,コナミ,がんばれゴエモン!からくり道中,"￥5,800","￥6,000代",1,Konami48KB(noSCC),,,梅崎重治|青山和浩,橋本和久,寺島里恵,,,
1986-01-01,MSX,-,32K,日本デクスタ,ガンフライト,"￥5,700","￥5,500代",1,Mirrored,,,,,デイヴィッド・ラクシン,ハル・グッドマン|ラリー・クレイン,,
1984-01-01,MSX,-,16K,ポニーキャニオン,キーストンケーパーズ,"￥4,800","￥5,000代",1,Mirrored,,,,,,,,
1985-01-01,MSX,-,不明,ヤマハ,キーボードコードプログレッション1,"￥6,500","￥6,500代",1,?,,,,,,,,
1985-01-01,MSX,-,不明,ヤマハ,ギターコードマスター,"￥6,500","￥6,500代",1,?,,,,,,,,
1987-01-01,MSX,-,32K,ＨＡＬ研究所,キックイット,"￥5,500","￥5,500代",1,Mirrored,,,,,,,,
1987-01-01,MSX,-,不明,タケル／ブラザー工業,キャノンターボ,"￥2,500","￥2,500代",1,?,,,,,,,,
1983-01-01,MSX,-,8K,ハドソン,キャノンボール,"￥4,800","￥5,000代",1,Mirrored,,,,,,,,
1984-01-01,MSX,-,16K,NEXA,キャプテン・コスモ,"￥4,800","￥5,000代",1,Mirrored,,,,,,,,
1984-01-01,MSX,-,8K,日本コロムビア,キャプテンシェフ,"￥4,800","￥5,000代",1,Mirrored,,,,,,,,
1983-01-01,MSX,-,16K,コナミ,キャベッジパッチキッズ,"￥4,800","￥5,000代",1,Mirrored,,,,,,,,
1984-01-01,MSX,-,32K,ナムコ,ギャラガ,"￥4,500","￥4,500代",1,Mirrored,,,小川徹,横山茂,大野木宜幸,,,
1984-01-01,MSX,-,8K,ナムコ,ギャラクシアン,"￥4,500","￥4,500代",1,Mirrored,,,田城幸一,澤野和則(企画)|石村繁一(基板設計)|山下正|中馬義明|小野浩,石村繁一|安江正樹|甲斐敏夫,,,
1983-01-01,MSX,-,16K,アスキー,ギャング・マスター,"￥4,800","￥5,000代",1,Basic(startat0x8000),,,,,,,,
1983-01-01,MSX,-,16K,アスキー,キャンドゥーニンジャ,"￥4,800","￥5,000代",1,Mirrored,,,,,,,,
1985-01-01,MSX,-,不明,ＨＡＬ研究所,キュースター,"￥4,800","￥5,000代",1,?,,,,,,,,
1988-01-01,MSX,-,2M,ゲームアーツ,ぎゅわんぶらあ自己中心派,"￥6,800","￥7,000代",1,ASCII_8KB,,,,,,,,
1988-01-01,MSX2,-,2M,ゲームアーツ,ぎゅわんぶらあ自己中心派2自称!強豪雀士編,"￥6,800","￥7,000代",1,ASCII_8KB,,,,,,,,
1984-01-01,MSX,-,32K,ナムコ,キング＆バルーン,"￥4,500","￥4,500代",1,Mirrored,,,深谷正一,澤野和則|横山茂,徳江晶彦,,,
1986-01-01,MSX2,-,1M,コナミ,キングコング2甦る伝説,"￥5,800","￥6,000代",1,Konami48KB(noSCC),,,,,,,,
1986-01-01,MSX,-,1M,スクウェア,キングスナイト,"￥5,900","￥6,000代",1,ASCII_16KB,,,Workss,,植松伸夫,,,
1985-01-01,MSX,-,32K,バンダイ,キン肉マンコロシアムデスマッチ,"￥4,800","￥5,000代",1,Mirrored,,,,,,,,
1984-01-01,MSX,-,16K,アスキー,クィーンズゴルフ,"￥4,800","￥5,000代",1,Mirrored,,,,,,,,
1988-01-01,MSX2,-,2M,BIT2,クインプル,￥,￥0代,1,ASCII_8KB,,,,,,,,
1986-01-01,MSX,ACT,32K,コナミ,グーニーズ,"￥4,800","￥5,000代",1,Mirrored,,,,,デイヴ・グルーシン,クリス・コロンバス,,
1985-01-01,MSX,-,32K,東芝/東芝ＥＭＩ,クエスト,￥,￥0代,1,Mirrored,,,,,,,,
1990-01-01,MSX2,-,1M,コナミ,クォース,"￥5,800","￥6,000代",1,Konami58KB(SCC),,,"WADA 891006|石田和彦",井内洋|鮫島宗治|高野泰,半澤一雄,,,
1985-01-01,MSX,-,16K,ZAP,グライダー,"￥4,800","￥5,000代",1,Mirrored,,,,,,,,
1986-01-01,MSX,SHT,1M,コナミ,グラディウス,"￥4,980","￥5,000代",1,Konami48KB(noSCC),,,,,,,,
1987-01-01,MSX,SHT,1M,コナミ,グラディウス2,"￥5,800","￥6,000代",1,Konami58KB(SCC),,,,,,,,
1985-01-01,MSX,-,不明,ヤマハ,グラフィックアーティスト,"￥7,800","￥8,000代",1,?,,,,,,,,
1986-01-01,MSX,-,不明,ヤマハ,グラフィックアーティストユーティリティ,"￥7,800","￥8,000代",1,?,,,,,,,,
1985-01-01,MSX,-,不明,ヤマハ,グラフィックカードセット,"￥19,800","￥20,000代",1,?,,,,,,,,
1984-01-01,MSX,-,不明,ソニー,グラフィックボール+エディー2,"￥20,400","￥20,500代",1,?,,,,,,,,
1985-01-01,MSX,-,不明,ソニー,グラフィックマスターラボ,"￥6,800","￥7,000代",1,?,,,,,,,,
1987-01-01,MSX2,-,2M,スキャップアトラスト,クリムゾン,￥,￥0代,1,ASCII_8KB,,,,,,,,
1985-01-01,MSX,-,32K,ポニーキャニオン,クルゼーダー,"￥4,900","￥5,000代",1,Standard(startat0x4000),,,,,,,,
1983-01-01,MSX,-,8K,ソニー,クレイジートレイン,"￥4,800","￥5,000代",1,Mirrored,,,,,,#放送作品欄を参照,#放送作品欄を参照,
1988-01-01,MSX,-,1M,ハート電子産業,クレイズ,"￥5,800","￥6,000代",1,ASCII_16KB,,,,,,,,
1983-01-01,MSX,-,16K,アスキー,クレージーブレット,"￥4,800","￥5,000代",1,Basic(startat0x8000),,,,,,,,
1985-01-01,MSX,-,64K,デービーソフト,クロスブレイム,"￥5,800","￥6,000代",1,"[クロスブレイム] rom",,,,,,,,
1985-01-01,MSX,-,32K,コンプティーク,グロックスリベンジ,"￥4,900","￥5,000代",1,Mirrored,,,,,,,,
1983-01-01,MSX,-,16K,マスティール,クンフーマスター,"￥4,800","￥5,000代",1,Mirrored,,,,,,,,
1984-01-01,MSX,-,32K,カシオ,ゲームランド,"￥7,800","￥8,000代",1,*0,,,,,,,,
1985-01-01,MSX,-,不明,カシオ,ゲームランドスペシャル,"￥8,900","￥9,000代",1,?,,,,,,,,
1984-01-01,MSX,-,16K,コナミ,けっきょく南極大冒険,"￥4,800","￥5,000代",1,Mirrored,,,,,,,,
1988-01-01,MSX2,-,1M,ポニーキャニオン,ケンペレンチェス,"￥5,500","￥5,500代",1,ASCII_16KB,,,,,,,,
1986-01-01,MSX,-,32K,ソニー,コースターレース,"￥4,900","￥5,000代",1,Mirrored,,,,,,,,
1984-01-01,MSX,-,32K,ポニーキャニオン,ゴーストバスター,￥,￥0代,1,Mirrored,,,,,,,,
1988-01-01,MSX,-,2M,コナミ,ゴーファーの野望EPISODEII,"￥5,800","￥6,000代",1,Konami58KB(SCC),,,,,,,,
1983-01-01,MSX,-,16K,マジックソフト,ゴキブリ大作戦,"￥4,800","￥5,000代",1,Mirrored,,,,,,,,
1984-01-01,MSX,-,16K,バンダイ,ゴジラVS3大怪獣,"￥4,800","￥5,000代",1,Mirrored,,,,,,,,
1985-01-01,MSX,-,32K,東宝,ゴジラくん,"￥4,800","￥5,000代",1,Mirrored,,,,,,,,
1985-01-01,MSX,-,32K,ソニー,コスモエクスプローラ,"￥4,900","￥5,000代",1,Mirrored,,,,,,,,
1985-01-01,MSX,-,不明,コナミ,コナミEC700,"￥34,800","￥35,000代",1,?,,,,,,,,
1985-01-01,MSX,-,16K,コナミ,コナミのゲームを10倍楽しむカートリッジ,"￥4,800","￥5,000代",1,Mirrored,,,,,,,,
1985-01-01,MSX,-,16K,コナミ,コナミのゴルフ,"￥4,800","￥5,000代",1,Mirrored,,,,,,,,
1985-01-01,MSX,-,32K,コナミ,コナミのサッカー,"￥4,800","￥5,000代",1,Mirrored,,,,,,,,
1984-01-01,MSX,-,16K,カシオ,コナミのテニス,"￥4,800","￥5,000代",1,?,,,,,,,,
1984-01-01,MSX,-,16K,コナミ,コナミのテニス,"￥4,800","￥5,000代",1,Mirrored,,,,,,,,
1985-01-01,MSX,-,16K,コナミ,コナミのピンポン,"￥4,800","￥5,000代",1,Mirrored,,,"AC 井上正廣",,,,,
1985-01-01,MSX,-,16K,ハドソン,コナミのプーヤン,"￥4,800","￥5,000代",1,Mirrored,,,,,,,,
1984-01-01,MSX,-,不明,東芝/東芝ＥＭＩ,コナミのベースボール,"￥4,800","￥5,000代",1,Mirrored,,,,,,,,
1984-01-01,MSX,-,16K,コナミ,コナミのベースボール,"￥4,800","￥5,000代",1,?,,,,,,,,
1985-01-01,MSX,-,32K,コナミ,コナミのボクシング,"￥4,800","￥5,000代",1,Mirrored,,,,,,,,
1988-01-01,MSX,-,1M,コナミ,コナミの新10倍カートリッジ,"￥5,800","￥6,000代",1,"[コナミの新10倍カートリッジ] rom",,,,,,,,
1984-01-01,MSX,-,32K,コナミ,コナミの麻雀道場,"￥6,000","￥6,000代",1,Mirrored,,,,,,,,
1983-01-01,MSX,-,16K,アスキー,コメットテイル,"￥4,800","￥5,000代",1,Basic(startat0x8000),,,,,,,,
1986-01-01,MSX,-,32K,ポニーキャニオン,ゴルゴ13狼の巣,￥,￥0代,1,Mirrored,,,,,,,,
1983-01-01,MSX,-,16K,アスキー,ゴルフゲーム,"￥4,800","￥5,000代",1,Basic(startat0x8000),,,,,,,,
1984-01-01,MSX,-,32K,ハドソン,ゴルフ狂,"￥4,800","￥5,000代",1,Mirrored,,,,,,,,
1987-01-01,MSX2,-,2M,ポニーキャニオン,コロニスリフト,"￥5,800","￥6,000代",1,ASCII_16KB,,,,,,,,
1983-01-01,MSX,-,8K,レイゾン,コンドリ,"￥4,800","￥5,000代",1,Mirrored,,,,,,,,
1984-01-01,MSX,-,16K,ソニー,コンピューターオセロ,"￥3,500","￥3,500代",1,Mirrored,,,,,,,,
1984-01-01,MSX,-,16K,ソニー,コンピューターチェス,"￥4,000","￥4,000代",1,Mirrored,,,,,,,,
1983-01-01,MSX,-,8K,ソニー,コンピュータービリヤード,"￥4,800","￥5,000代",1,Mirrored,,,,,,,,
1984-01-01,不明,-,不明,ソニー,コンピュータパチンコ,￥,￥0代,1,?,,,,,,,,
1985-01-01,MSX,-,32K,カシオ,コンピュータ入門,"￥5,800","￥6,000代",1,*0,,,,,,,,
1985-01-01,MSX,-,不明,三菱,コンピュー簿,"￥6,800","￥7,000代",1,?,,,,,,,,
1988-01-01,MSX,-,不明,キャンドゥ,コンポーザ・コンバータ,"￥5,800","￥6,000代",1,?,,,,,,,,
1986-01-01,MSX,-,32K,アスキー,ザ・キャッスル,"￥5,800","￥6,000代",1,Mirrored,,,,吉田功|めるへんめーかー,,,,
1986-01-01,MSX,-,32K,アスキー,ザ・キャッスルエクセレント,"￥5,800","￥6,000代",1,Mirrored,,,,,,,,
1987-01-01,MSX2,-,1M,タイトー／ニデコ,ザ・コックピット,"￥6,800","￥7,000代",1,ASCII_16KB,,,,,,,,
1988-01-01,MSX2,-,1M,パック・イン・ビデオ,ザ・ゴルフ,"￥6,800","￥7,000代",1,?,,,,,,,,
1985-01-01,MSX,-,32K,BPS／アスキー,ザ・ブラックオニキス,"￥6,800","￥7,000代",1,ASCII_16KB,,,ボブ・ラザフォード|小林孝志|リチャード・チャールズ・ロジャース|坂本隆志,ヘンク・ブラウアー・ロジャース|ハンス・ヤンセン,,松方哲也,,
1986-01-01,MSX,-,1M,BPS／アスキー,ザ・ブラックオニキスIIファイヤークリスタルを求めて,"￥6,800","￥7,000代",1,ASCII_16KB,,,,,,,,
1983-01-01,MSX,-,16K,アスキー,ザ・ブレイン,"￥4,800","￥5,000代",1,Basic(startat0x8000),,,,,,,"総勢約20名 J.U.S.T.I.C.E. リーグ(英語版)|ドレー&ヴァイダル(英語版)|ロン・フェア(英語版)|クール&ドレー|ウィル・アイ・アム|ナインス・ワンダー|ブライアン・マイケル・コックス(英語版)|ショーン・ギャレット(英語版)|デイヴェル・マッケンジー(英語版)|ロドニー・ジャーキンス|ジャム&ルイス|チャッキー・トンプソン(英語版)|ラファエル・サディーク(英語版)|D・エミール(英語版)|インフィニティ(英語版)|デイヴ・ヤング(英語版)|ボビー・ロス・アビラ|イザヤ・J. アビラ(パースペクティブ・レコード(英語版))|メアリー・J. ブライジ",
1986-01-01,MSX,-,64K,ヤマハ,ザ・ペインタ,￥,￥0代,1,?,,,,,,,有賀史英(BS朝日)|佐々木豊|山口良子|(テレビ朝日映像),
1986-01-01,MSX,-,32K,チャンピオンソフト,ザ・競馬,￥,￥0代,1,Mirrored,,,,,,,,
1984-01-01,MSX,-,16K,コナミ,サーカスチャーリー,"￥4,800","￥5,000代",1,Mirrored,,,,,,,,
1984-01-01,MSX,-,16K,カシオ,サーカスチャーリー,"￥4,800","￥5,000代",1,?,,,,,,,,
1985-01-01,MSX,-,16K,ソニー,サイオン,"￥4,000","￥4,000代",1,Mirrored,,,,,,,,
1987-01-01,MSX,-,2M,KGD,サイキックウォー,"￥8,800","￥9,000代",1,ASCII_8KB+SRAM,,,青木洋,神村武|青木洋|坂本勇二,高萩英樹,青木洋(原案),神村武,
1984-01-01,MSX,-,16K,タイトー／ニデコ,ザイゾログ,"￥4,800","￥5,000代",1,Mirrored,,,,,,,,
1985-01-01,MSX,-,32K,ポニーキャニオン,ザクソン,"￥4,800","￥5,000代",1,Mirrored,,,,,,,,
1983-01-01,MSX,-,16K,マスティール,ササ(SASA),"￥4,800","￥5,000代",1,Mirrored,,,,,,,,
1986-01-01,MSX,-,32K,ポニーキャニオン,ザナックAI,"￥4,900","￥5,000代",1,Mirrored,,,,樋上いたる|荒谷朋恵|小林明美,周防義和,中村誠,,
1986-01-01,MSX2,-,1M,ポニーキャニオン,ザナックEX,"￥5,800","￥6,000代",1,ASCII_16KB,,,,,,,,
1987-01-01,MSX,-,2M,ファルコム,ザナドゥ,"￥7,800","￥8,000代",1,ASCII_8KB+SRAM,,,,,,,,
1985-01-01,MSX,-,32K,アスキー,サンダーボール,"￥5,800","￥6,000代",1,Mirrored,,,,,,,,
1986-01-01,MSX,-,32K,ピクセル,サンダーボルト,￥,￥0代,1,Mirrored,,,,,,,,
1985-01-01,MSX,-,16K,ポニーキャニオン,シーソー,"￥4,800","￥5,000代",1,Mirrored,,,,,,,,
1985-01-01,MSX,-,16K,ハドソン,ジェトセットウォーリー(JetSetWilly),"￥4,800","￥5,000代",1,Mirrored,,,,,,,,
1983-01-01,MSX,-,16K,ＭＩＡ,ジグソーセット,"￥4,800","￥5,000代",1,Mirrored,,,,,,,,
1985-01-01,MSX,-,不明,クロスメディア,ジグソーパズル,"￥4,800","￥5,000代",1,?,,,,,,,,
1986-01-01,MSX,-,32K,日本デクスタ,シティコネクション,"￥5,700","￥5,500代",1,Mirrored,,,,,,,,
1985-01-01,MSX,-,不明,日本コロムビア,ジャイロアドベンチャー,"￥4,800","￥5,000代",1,?,,,,,,,,
1986-01-01,MSX,-,32K,タイトー／ニデコ,ジャイロダイン,"￥4,800","￥5,000代",1,Mirrored,,,,,弓削雅稔,,,
1987-01-01,MSX,-,32K,ビクター音産,シャウトマッチ,"￥5,800","￥6,000代",1,Mirrored,,,,,,,,
1987-01-01,MSX,-,1M,ハドソン,ジャガー5魔の三角地帯作戦,"￥5,800","￥6,000代",1,ASCII_16KB,,,,,,,,
1984-01-01,MSX,-,8K,日本コロムビア,ジャンプコースター,"￥4,800","￥5,000代",1,Mirrored,,,,,,,,
1984-01-01,MSX,-,16K,ハドソン,ジャン狂,"￥4,800","￥5,000代",1,Mirrored,,,,,,,,
1984-01-01,MSX,-,16K,東芝/東芝ＥＭＩ,ジャン狂,"￥4,800","￥5,000代",1,?,,,,,,,,
1987-01-01,MSX2,-,1M,パナソフト,ジュニアメイト,"￥9,800","￥10,000代",1,?,,,,,,,,
1983-01-01,MSX,-,8K,ソニー,ジュノファースト,"￥4,000","￥4,000代",1,Mirrored,,,,,,,,
1985-01-01,MSX,-,32K,ビクター音産,ジョイテロップ,"￥25,000","￥25,000代",1,Mirrored,,,,,,,,
1985-01-01,MSX,-,不明,ビクター音産,ジョイレター,"￥14,800","￥15,000代",1,?,,,,,,,,
1983-01-01,MSX,-,不明,クロストーク,ジョーキングマン,"￥4,800","￥5,000代",1,?,,,,,,,,
1988-01-01,MSX2,-,64K,BIT2,シンセサウルス,"￥6,800","￥7,000代",1,Mirrored,,,,,,,,
1986-01-01,MSX,-,16K,カシオ,シンドバッド7つの冒険,"￥4,800","￥5,000代",1,Mirrored,,,,,,,,
1984-01-01,MSX,-,16K,タイトー／ニデコ,スイートアーコン,"￥4,800","￥5,000代",1,Mirrored,,,,,,,,
1985-01-01,MSX,-,不明,東芝/東芝ＥＭＩ,すいすいローラー,"￥4,800","￥5,000代",1,?,,,,,,,,
1984-01-01,MSX,-,32K,東芝/東芝ＥＭＩ,スゥーワーサム,"￥6,800","￥7,000代",1,Mirrored,,,,,,,,
1983-01-01,MSX,-,8K,コナミ,スーパーコブラ,"￥4,000","￥4,000代",1,Mirrored,,,,,,,,
1984-01-01,MSX,-,32K,ソニー,スーパーゴルフ,"￥6,200","￥6,000代",1,Mirrored,,,,,,,,
1985-01-01,MSX,-,32K,ソニー,スーパーサッカー,"￥4,900","￥5,000代",1,Mirrored,,,,,,,,
1984-01-01,MSX,-,16K,ビクター音産,スーパーシンセ,"￥5,800","￥6,000代",1,Mirrored,,,,,,,,
1983-01-01,MSX,-,8K,ＨＡＬ研究所,スーパースネーク,"￥4,800","￥5,000代",1,Mirrored,,,,,,,,
1988-01-01,MSX2,-,2M,マイクロキャビン,スーパー大戦略,"￥8,800","￥9,000代",1,ASCII_16KB+SRAM,,,,,,,,
1984-01-01,MSX,-,16K,ソニー,スーパーテニス,"￥4,500","￥4,500代",1,Mirrored,,,,,,,,
1986-01-01,MSX2,-,1M,ザインソフト,スーパートリトーン,"￥5,900","￥6,000代",1,ASCII_8KB,,,,,,,,
1983-01-01,MSX,-,16K,アスキー,スーパードリンカー(SUPERDRINKER),"￥4,800","￥5,000代",1,Mirrored,,,,,,,,
1985-01-01,MSX,-,16K,日本コロムビア,スーパーパチンコ,"￥4,800","￥5,000代",1,Mirrored,,,,,,,,
1987-01-01,MSX,-,1M,タイトー／ニデコ,スーパーピエロ,"￥5,800","￥6,000代",1,"[スーパーピエロ] rom",,,,,,,,
1984-01-01,MSX,-,8K,ＨＡＬ研究所,スーパービリヤード,"￥4,800","￥5,000代",1,Basic(startat0x8000),,,,,,,,
1985-01-01,MSX,-,不明,エミールソフト,スーパーモニター1.1,￥,￥0代,1,Mirrored,,,,,,,,
1985-01-01,MSX,-,不明,エミールソフト,スーパーモニター1.2,￥,￥0代,1,Mirrored,,,,,,,,
1987-01-01,MSX2,-,1M,ポニーキャニオン,スーパーランナー(SUPERRUNNER),"￥5,800","￥6,000代",1,ASCII_8KB,,,,,,,,
1986-01-01,MSX2,-,1M,パック・イン・ビデオ,スーパーランボースペシャル,"￥5,800","￥6,000代",1,ASCII_16KB,,,,,,,,
1987-01-01,MSX,-,2M,"T＆E SOFT",スーパーレイドックミッションストライカー,"￥6,800","￥7,000代",1,ASCII_8KB,,,,,,,,
1980-01-01,MSX,-,2M,"T＆E SOFT",スーパーレイドックミッションストライカーネットワークバージョン,"￥6,800","￥7,000代",1,?,,,,,,,,
1987-01-01,MSX2,-,1M,アイレム,スーパーロードランナー,"￥5,800","￥6,000代",1,?,,,,,,,,
1987-01-01,MSX2,-,1M,ポニーキャニオン,スーパーロードランナー,"￥5,800","￥6,000代",1,"[スーパーロードランナー] rom",,,,,,,,
1985-01-01,MSX,-,32K,ポニーキャニオン,ズーム909,"￥4,900","￥5,000代",1,Mirrored,,,,,,,,
1986-01-01,MSX,-,32K,東芝/東芝ＥＭＩ,スカーレット7,"￥4,800","￥5,000代",1,Mirrored,,,,,,,,
1986-01-01,MSX,-,32K,マジカルズゥ,スカイギャルド,"￥4,800","￥5,000代",1,Standard(startat0x4000),,,,,,,,
1984-01-01,MSX,-,16K,コナミ,スカイジャガー,"￥4,800","￥5,000代",1,Mirrored,,,,,,,,
1984-01-01,MSX,-,16K,カシオ,スキーコマンド,"￥4,800","￥5,000代",1,Mirrored,,,,,,,,
1983-01-01,MSX,-,16K,シリウス,スクイッシュゼム(SQUISH'EM),"￥4,800","￥5,000代",1,Mirrored,,,,,,,,
1987-01-01,MSX,-,32K,ポニーキャニオン,スクーター,"￥4,900","￥5,000代",1,Mirrored,,,,,,,,
1984-01-01,MSX,-,16K,東芝/東芝ＥＭＩ,スクエアダンサー,"￥5,800","￥6,000代",1,Mirrored,,,,,,,,
1983-01-01,MSX,-,8K,アンプルソフトウエア,スクランブルエッグ,"￥4,800","￥5,000代",1,Mirrored,,,,,,,,
1987-01-01,MSX2,-,2M,タイトー／ニデコ,スクランブルフォーメーション,"￥5,800","￥6,000代",1,ASCII_8KB,,,,佐藤浩昭,,,,
1980-01-01,不明,-,不明,アスキー,スコーピオン,￥,￥0代,1,?,,,,,,,,
1983-01-01,MSX,-,16K,ソニー,スコープオン,"￥4,800","￥5,000代",1,Basic(startat0x8000),,,,,,,,
1988-01-01,MSX2,-,1M,ポニーキャニオン,スターヴァージン,"￥5,300","￥5,500代",1,ASCII_8KB,,,,,川井憲次,大桃一郎|喰始,,
1983-01-01,MSX,-,16K,アスキー,スターコマンド,"￥4,800","￥5,000代",1,Basic(startat0x8000),,,,,,,,
1984-01-01,MSX,-,16K,NEXA,スターシップシミュレータ,"￥4,800","￥5,000代",1,Mirrored,,,,,,,,
1986-01-01,MSX,-,32K,ハドソン,スターソルジャー,"￥4,800","￥5,000代",1,Mirrored,,,野沢勝広,山本次行,国本剛章,,,
1987-01-01,MSX,-,32K,ジャスト,スタートラップくりいむレモン,"￥5,800","￥6,000代",1,Mirrored,,,,,,,,
1985-01-01,MSX,-,32K,ハドソン,スターフォース,"￥4,800","￥5,000代",1,Mirrored,,,,,増子司|坂本慎一(ドライバー・効果音のみ),,,
1985-01-01,MSX,-,16K,ソニー,スターブレーザー,"￥4,000","￥4,000代",1,Mirrored,,,,岡迫亘弘|松本零士|スタジオぬえ,宮川泰,藤川桂介|田村丸|山本暎一,,
1987-01-01,MSX2,-,1M,ＨＡＬ研究所,ずっこけやじきた隠密道中,"￥5,600","￥5,500代",1,ASCII_8KB,,,,,,,,
1985-01-01,MSX,-,16K,アスキー,ステッパー,"￥4,800","￥5,000代",1,Mirrored,,,,,,,,
1983-01-01,MSX,-,8K,ＨＡＬ研究所,ステップアップ,"￥4,800","￥5,000代",1,Mirrored,,,,,"ミュージックビデオ 『ステップアップLOVE』 - YouTube DAOKO シングル 年表 打上花火|(2017年) ステップアップLOVE|(2017年) チャームポイント(Special Edition)|(2017年) 岡村靖幸 シングル 年表 ラブメッセージ|(2015年) ステップアップLOVE|(2017年) 少年サタデー|(2019年) 『THANK YOU BLUE』 収録曲 打上花火 ステップアップLOVE Juicy さみしいかみさま ShibuyaK BANG! ダイスキ with TeddyLoid 拝啓グッバイさようなら 同じ夜 GRY もしも僕らがGAMEの主役で ゆめみてたのあたし Cinderella step ワンルーム・シーサイド・ステップ",,岡村靖幸,
1983-01-01,MSX,-,8K,東芝/東芝ＥＭＩ,ステップアップ,"￥4,800","￥5,000代",1,?,,,,,"ミュージックビデオ 『ステップアップLOVE』 - YouTube DAOKO シングル 年表 打上花火|(2017年) ステップアップLOVE|(2017年) チャームポイント(Special Edition)|(2017年) 岡村靖幸 シングル 年表 ラブメッセージ|(2015年) ステップアップLOVE|(2017年) 少年サタデー|(2019年) 『THANK YOU BLUE』 収録曲 打上花火 ステップアップLOVE Juicy さみしいかみさま ShibuyaK BANG! ダイスキ with TeddyLoid 拝啓グッバイさようなら 同じ夜 GRY もしも僕らがGAMEの主役で ゆめみてたのあたし Cinderella step ワンルーム・シーサイド・ステップ",,岡村靖幸,
1987-01-01,MSX,-,32K,日本デクスタ,ストレンジループ,"￥5,700","￥5,500代",1,Mirrored,,,,,,コラード・ボッチア,,
1986-01-01,MSX,-,32K,ＨＡＬ研究所,スネイクイット,"￥5,500","￥5,500代",1,Mirrored,,,,,,,,
1983-01-01,MSX,-,8K,ソニー,スパーキー,"￥4,800","￥5,000代",1,Mirrored,,,,,,,,
1984-01-01,MSX,-,16K,タイトー／ニデコ,スペースインベーダー,"￥4,800","￥5,000代",1,Mirrored,,,西角友宏,西角友宏,亀井道行,,,
1986-01-01,MSX,-,32K,パック・イン・ビデオ,スペースキャンプ,"￥4,800","￥5,000代",1,Mirrored,,,,,,,,
1988-01-01,MSX,-,不明,ポニーキャニオン,スペースシャトル,"￥4,900","￥5,000代",1,?,,,,,,,,
1984-01-01,MSX,-,8K,ＨＡＬ研究所,スペーストラブル,"￥4,800","￥5,000代",1,Mirrored,,,,ケン・トンプソン,,,,
1989-01-01,MSX2/2+,-,2M,コナミ,スペースマンボウ,"￥6,800","￥7,000代",1,Konami58KB(SCC),,,,,,,,
1983-01-01,MSX,-,8K,ＨＡＬ研究所,スペースメイズアタック,"￥4,800","￥5,000代",1,*0,,,,,,,,
1986-01-01,MSX,-,32K,カシオ,スペランカー,"￥4,900","￥5,000代",1,?,,,,ティム・マーティン,,,,
1986-01-01,MSX,-,32K,アイレム,スペランカー,"￥4,900","￥5,000代",1,Mirrored,,,,ティム・マーティン,,,,
1985-01-01,MSX,-,32K,カシオ,ゼクサスリミテッド,"￥5,800","￥6,000代",1,?,,,,,,,,
1985-01-01,MSX,-,32K,デービーソフト,ゼクサスリミテッド,"￥5,800","￥6,000代",1,Mirrored,,,,,,,,
1989-01-01,MSX2,-,2M,ナムコ,ゼビウスファードラウト伝説,"￥6,800","￥7,000代",1,ASCII_16KB,,仁井谷正充,國廣豊史,"河野光|JANUS寺本|國廣豊史|NIPPON CHACHACHA",宮本昌知,,河野光,
1988-01-01,MSX2,-,不明,マイコンソフト,センサーキッド,"￥6,800","￥7,000代",1,?,,,,,,,,
1984-01-01,MSX,-,16K,ポニーキャニオン,ゼンジー,"￥4,800","￥5,000代",1,Mirrored,,,,,,,,
1984-01-01,MSX,-,16K,ソニー,センジョー,"￥4,000","￥4,000代",1,Mirrored,,,,,,,,
1988-01-01,MSX2,-,1M,東芝/東芝ＥＭＩ,ゾイド中央大陸の戦い,"￥5,800","￥6,000代",1,ASCII_16KB,,,,,,,,
1987-01-01,MSX,-,64K,電波新聞社,ソフィア,"￥5,300","￥5,500代",1,ASCII_8KB,,,,,,,,
1984-01-01,MSX,-,16K,東芝/東芝ＥＭＩ,ゾルニエクセリオン2(ZorniExerion2),"￥4,800","￥5,000代",1,Mirrored,,,,,,,,
1989-01-01,MSX2,-,1M,ハイスコア,ゾンビハンター,"￥5,800","￥6,000代",1,ASCII_8KB,,,,,,,,
1987-01-01,MSX2,-,1M,ハドソン,ダーウィン4078,"￥5,800","￥6,000代",1,ASCII_8KB,,,,古川とも,,,,
1983-01-01,MSX,-,16K,マスティール,ターボート,"￥4,800","￥5,000代",1,Mirrored,,,,,,,,
1983-01-01,MSX,-,16K,シリウス,ターモイル(TURMOIL),"￥4,800","￥5,000代",1,Mirrored,,,,,,,,
1988-01-01,MSX,-,1M,東芝/東芝ＥＭＩ,ダイナマイトボウル,"￥5,800","￥6,000代",1,ASCII_16KB,,,,,,,,
1988-01-01,MSX2,-,1M,東芝/東芝ＥＭＩ,ダイナマイトボウル,￥,￥0代,1,ASCII_16KB,,,,,,,,
1983-01-01,MSX,-,16K,コナミ,タイムパイロット(TIMEPILOT),"￥4,800","￥5,000代",1,Mirrored,,,,,,,,
1987-01-01,MSX,-,32K,ブラザー工業,タケル伝説,"￥2,500","￥2,500代",1,Mirrored,,,,,,,,
1984-01-01,MSX,-,16K,マスティール,タティカ,"￥4,800","￥5,000代",1,Mirrored,,,,伊藤岳史|高倉武史,七瀬光,兵頭一歩,,
1984-01-01,MSX,-,16K,アスキー,ダビデ2,"￥4,800","￥5,000代",1,Mirrored,,,,,,,,
1988-01-01,MSX2,-,2M,ハード,ダブルヴィジョン,￥,￥0代,1,ASCII_8KB,,,,,,,,
1985-01-01,MSX,-,32K,コンプティーク,ダムバスター,"￥5,900","￥6,000代",1,Mirrored,,,,,,,,
1984-01-01,MSX,-,16K,アスキー,たわらくん,"￥4,800","￥5,000代",1,Mirrored,,,,,,,,
1986-01-01,MSX,-,32K,ＨＡＬ研究所,ダンクショット,"￥5,600","￥5,500代",1,Mirrored,,,,,,,,
1984-01-01,MSX,-,8K,ナムコ,タンクバタリアン,"￥4,500","￥4,500代",1,Mirrored,,,平岡一邦,岡本進一郎|小野浩,,,,
1989-01-01,MSX,-,1M,アスキー,ダンジョンハンター,"￥12,800","￥13,000代",1,ASCII_16KB,,,,,,,,
1986-01-01,MSX,-,32K,アスキー,ダンジョンマスター,"￥5,800","￥6,000代",1,Mirrored,,,,,,,,
1985-01-01,MSX,-,16K,ポニーキャニオン,チェッカーズインTANTANたぬき,"￥4,800","￥5,000代",1,Mirrored,,,,,,,,
1980-01-01,MSX2,-,2M,ザインソフト,チャアムクリスマス,￥,￥0代,1,?,,,,,,,,
1985-01-01,MSX,-,不明,エプソン,ちゃっかりCOPY,"￥12,000","￥12,000代",1,?,,,,,,,"武部聡志(M1|3|5|6) 大黒摩季&葉山たけし(M4) 大黒摩季&本間昭光(M7)",
1984-01-01,MSX,-,16K,タイトー／ニデコ,ちゃっくんぽっぷ,"￥4,800","￥5,000代",1,Mirrored,,,,,今村善雄,,,
1985-01-01,MSX,-,32K,ポニーキャニオン,チャレンジダービー,"￥4,800","￥5,000代",1,Mirrored,,,,,,,,
1986-01-01,MSX,-,32K,ポニーキャニオン,チャンピオンアイスホッケー,"￥4,900","￥5,000代",1,Mirrored,,,,,,,,
1985-01-01,MSX,-,16K,ポニーキャニオン,チャンピオンサッカー,"￥4,800","￥5,000代",1,Mirrored,,,,,,,,
1985-01-01,MSX,-,32K,ソニー,チャンピオンシップロードランナー,"￥5,800","￥6,000代",1,Mirrored,,,,ダグラス・E・スミス,,,,
1985-01-01,MSX,-,32K,コンプティーク,チャンピオンバルダーダッシュ,"￥5,900","￥6,000代",1,*0,,,,,,,,
1985-01-01,MSX,-,32K,ポニーキャニオン,チャンピオンプロレス,"￥5,500","￥5,500代",1,Mirrored,,,,,,,,
1985-01-01,MSX,-,32K,ポニーキャニオン,チャンピオンボクシング,"￥5,500","￥5,500代",1,Mirrored,,,,,,,,
1986-01-01,MSX,-,32K,ポニーキャニオン,チャンピオン剣道,"￥4,900","￥5,000代",1,Mirrored,,,,,,,,
1985-01-01,MSX,-,32K,ソニー,チョップリフター,"￥4,900","￥5,000代",1,Mirrored,,,,ダン・ゴーリン,,,,
1984-01-01,MSX,-,16K,タイトー／ニデコ,チョロQ,"￥4,800","￥5,000代",1,Mirrored,,,,,,,,
1986-01-01,MSX,-,32K,カシオ,ツインビー,"￥4,800","￥5,000代",1,?,,,青山和浩,青山和浩,福武茂|佐々木嘉則,,廣下宏治,
1986-01-01,MSX,-,32K,コナミ,ツインビー,"￥4,800","￥5,000代",1,Mirrored,,,青山和浩,青山和浩,福武茂|佐々木嘉則,,廣下宏治,
1980-01-01,MSX2,-,不明,"T＆E SOFT",ディーヴァネットワークバージョン,￥,￥0代,1,?,,,,,,,,
1987-01-01,MSX,-,2M,"T＆E SOFT",ディーヴァアスラの血流,"￥6,800","￥7,000代",1,ASCII_8KB,,,,,,,,
1988-01-01,MSX,-,1M,スキャップアトラスト,ディープダンジョン2勇士の紋章,"￥6,800","￥7,000代",1,ASCII_8KB+SRAM,,,,,,,,
1988-01-01,MSX,-,1M,スキャップアトラスト,ディープダンジョン魔洞戦記,"￥6,800","￥7,000代",1,ASCII_8KB+SRAM,,,,,,,,
1987-01-01,MSX2,-,1M,ザインソフト,ディープフォレスト,"￥5,800","￥6,000代",1,ASCII_8KB,,,,,,,,
1984-01-01,MSX,-,32K,ナムコ,ディグダグ,"￥4,500","￥4,500代",1,Mirrored,,,さかいとしお|深谷正一,池上まさとし,慶野由利子,,,
1984-01-01,MSX,-,16K,アスキー,デインジャーX4,"￥4,800","￥5,000代",1,Basic(startat0x8000),,,,,,,,
1985-01-01,MSX,-,不明,ヤマハ,データメモリカートリッジ,"￥9,800","￥10,000代",1,?,,,,,,,,
1986-01-01,MSX,-,32K,電波新聞社,デーモンクリスタル,"￥4,800","￥5,000代",1,Mirrored,,,,,,,,
1984-01-01,MSX,-,16K,ポニーキャニオン,デカスロン,"￥4,800","￥5,000代",1,Mirrored,,,,,,,,
1986-01-01,MSX,-,32K,ゲームアーツ,テクザー(THEXDER),"￥5,800","￥6,000代",1,Mirrored,,,,五代響|上坂哲,五代響,,,
1987-01-01,MSX,RPG,1M,日本テレネット,デジタルデビル物語女神転生,"￥6,800","￥7,000代",1,ASCII_8KB,,,,北爪宏幸|江崎稔,増子司,,,
1984-01-01,MSX,-,16K,アスキー,テセウス,"￥4,800","￥5,000代",1,Mirrored,,,,,,,,
1985-01-01,MSX,-,16K,ＨＡＬ研究所,てつまん,"￥4,800","￥5,000代",1,Mirrored,,,,,,,,
1984-01-01,MSX,-,不明,マスティール,テトラホラー,"￥4,800","￥5,000代",1,?,,,,,,,,
1988-01-01,MSX2,-,1M,BPS,テトリス,"￥6,800","￥7,000代",1,ASCII_8KB,,,,,,,,
1983-01-01,MSX,-,16K,ゼネラル,デビルズ・ヘブン,"￥4,800","￥5,000代",1,*0,,,,,,,,
1980-01-01,MSX2,-,1M,日本物産,テラクレスタ,￥,￥0代,1,?,,,,藤原茂樹,吉田健志,,,
1983-01-01,MSX,-,16K,アスキー,テレバニー,"￥4,800","￥5,000代",1,Mirrored,,,,,,,,
1984-01-01,MSX,-,16K,エニックス,ドアドア,"￥4,800","￥5,000代",1,Mirrored,,,,中村光一,,,,
1988-01-01,MSX2,-,不明,エミールソフト,とーくまん,"￥14,800","￥15,000代",1,?,,,,,,,,
1988-01-01,MSX,-,64K,ポニーキャニオン,ドーンパトロール,"￥4,900","￥5,000代",1,Mirrored,,,,,,,パット・グラッサー,
1985-01-01,MSX,-,32K,ポニーキャニオン,どきどきペンギンランド,"￥4,900","￥5,000代",1,Mirrored,,,,,,,,
1980-01-01,不明,-,不明,東芝/東芝ＥＭＩ,ドクターセルフ(Dr.SELF),￥,￥0代,1,?,,,,,,,,
1986-01-01,MSX,-,32K,ボースティック,トップルジップ,"￥5,800","￥6,000代",1,Mirrored,,,,,,,,
1987-01-01,MSX2,-,1M,ボースティック,トップルジップ,"￥5,900","￥6,000代",1,ASCII_8KB,,,,,,,,
1984-01-01,MSX,-,16K,ジャレコ,トップローラー(TOPROLLER),"￥4,800","￥5,000代",1,Mirrored,,,,,,,,
1984-01-01,MSX,-,16K,アスキー,トライアルスキー,"￥4,800","￥5,000代",1,Basic(startat0x8000),,,,,,,,
1983-01-01,MSX,-,8K,ＨＡＬ研究所,ドラゴンアタック,"￥4,800","￥5,000代",1,Mirrored,,,,,,,,
1986-01-01,MSX,RPG,1M,エニックス,ドラゴンクエスト,"￥5,800","￥6,000代",1,ASCII_8KB,,中村光一,チュンソフト,鳥山明|榎本一夫|土居孝幸,すぎやまこういち,堀井雄二,千田幸信,
1986-01-01,MSX2,RPG,1M,エニックス,ドラゴンクエスト,"￥6,400","￥6,500代",1,ASCII_8KB,,中村光一,チュンソフト,鳥山明|榎本一夫|土居孝幸,すぎやまこういち,堀井雄二,千田幸信,
1987-01-01,MSX2,RPG,2M,エニックス,ドラゴンクエストⅡ悪霊の神々,"￥6,800","￥7,000代",1,ASCII_8KB,,中村光一,中村光一,堀井雄二|鳥山明,すぎやまこういち,堀井雄二,千田幸信,
1987-01-01,MSX,RPG,2M,エニックス,ドラゴンクエストⅡ悪霊の神々,"￥6,800","￥7,000代",1,ASCII_8KB,,中村光一,中村光一,堀井雄二|鳥山明,すぎやまこういち,堀井雄二,千田幸信,
1985-01-01,MSX,RPG,32K,スクウェア,ドラゴンスレイヤー,"￥5,200","￥5,000代",1,Mirrored,,,,,,,,
1987-01-01,MSX,-,2M,ファルコム,ドラゴンスレイヤーⅣドラスレファミリー,"￥6,800","￥7,000代",1,ASCII_8KB,,,秋葉紀好|木屋善夫,大浦孝浩|都築和彦|古代彩乃,古代祐三|石川三恵子,立川敏男|木屋善夫|畠山孝一|大浦孝浩|秋葉紀好,加藤正幸,
1987-01-01,MSX2,-,2M,ファルコム,ドラゴンスレイヤーⅣドラスレファミリー,"￥6,800","￥7,000代",1,ASCII_8KB,,,秋葉紀好|木屋善夫,大浦孝浩|都築和彦|古代彩乃,古代祐三|石川三恵子,立川敏男|木屋善夫|畠山孝一|大浦孝浩|秋葉紀好,加藤正幸,
1987-01-01,MSX2,-,1M,ナムコ,ドラゴンバスター,"￥5,800","￥6,000代",1,ASCII_8KB,,,是枝ひろき,佐藤英治,慶野由利子,,,
1986-01-01,MSX,-,32K,ソニー,トラフィック,￥,￥0代,1,Mirrored,,,,,,,,
1986-01-01,MSX,-,32K,東芝/東芝ＥＭＩ,トランプエイド,"￥4,800","￥5,000代",1,Mirrored,,,,,,,,
1986-01-01,MSX,-,32K,ザインソフト,トリトーン,￥,￥0代,1,Standard(startat0x4000),,,,,,,,
1986-01-01,MSX,-,32K,ナムコ,ドルアーガの塔,"￥4,500","￥4,500代",1,Mirrored,,,内藤智,遠藤雅伸|篠崎雄一郎,小沢純子,,,
1988-01-01,MSX2,-,1M,日本デクスタ,ドルイド,"￥6,800","￥7,000代",1,ASCII_8KB,,,,,,,,
1987-01-01,MSX,-,32K,ビクター音産,ドレイナー,"￥4,800","￥5,000代",1,Mirrored,,,,,,,,
1984-01-01,MSX,-,16K,ソニー,ドロドン,"￥4,500","￥4,500代",1,Mirrored,,,,,,,,
1987-01-01,MSX,-,1M,電波新聞社,ナイザースペシャル,"￥5,300","￥5,500代",1,ASCII_16KB,,,,,,,,
1985-01-01,MSX,-,32K,日本デクスタ,ナイトシェード,"￥5,700","￥5,500代",1,Mirrored,,,,,,,,
1986-01-01,MSX,-,32K,日本デクスタ,ナイトロアー,"￥5,700","￥5,500代",1,Mirrored,,,クリス・スタンパー|ジョン・ラスバリー,クリス・スタンパー|ティム・スタンパー|ティム・スタンパー|キャロル・スタンパー,,,,
1986-01-01,MSX,-,32K,ビクター音産,ナイルの涙,"￥5,800","￥6,000代",1,Mirrored,,,,,,,,
1987-01-01,MSX,-,1M,東京書籍,ニューキャルシリーズニューホライズン全3巻,"￥6,800","￥7,000代",1,?,,,,,,,,
1986-01-01,MSX,-,1M,マイクロキャビン,は～りぃふぉっくすMSXスペシャル,"￥6,800","￥7,000代",1,ASCII_16KB+SRAM,,,,,,,,
1986-01-01,MSX,-,32K,電波新聞社,バーガータイム,"￥4,500","￥4,500代",1,Mirrored,,,,,,,,
1980-01-01,不明,-,不明,ソニー,バーディー,￥,￥0代,1,?,,,,,,,,
1987-01-01,MSX2,-,1M,ソニー,ハードボール,"￥5,800","￥6,000代",1,ASCII_8KB,,,,,"Adam Gok",ガイ・エドモンズ|マット・ゼレメズ,"Joe Weatherstone",
1985-01-01,MSX,-,64K,マイクロキャビン,はーりぃふぉっくす雪の魔王編,￥,￥0代,1,"[はーりぃふぉっくす雪の魔王編] rom",,,,,,,,
1983-01-01,MSX,-,16K,ウェイリミット,ハイウェイスター,"￥4,800","￥5,000代",1,Mirrored,,,,,,,,
1987-01-01,MSX2,-,1M,ポニーキャニオン,ハイスクール!奇面組,"￥5,800","￥6,000代",1,ASCII_8KB,,,,金沢比呂司,菊池俊輔,,,
1985-01-01,MSX,-,32K,コンプティーク,ハイスト,"￥5,900","￥6,000代",1,Mirrored,,,,,,,,
1985-01-01,MSX,ACT,32K,"T＆E SOFT",ハイドライド,"￥5,800","￥6,000代",1,Mirrored,,,,,,,,
1986-01-01,MSX,ACT,1M,"T＆E SOFT",ハイドライドⅡ,"￥6,400","￥6,500代",1,ASCII_16KB+SRAM,,,,,,,,
1987-01-01,MSX,ACT,4M,"T＆E SOFT",ハイドライド3,"￥7,800","￥8,000代",1,ASCII_8KB,,,,,,,,
1987-01-01,MSX2,ACT,4M,"T＆E SOFT",ハイドライド3,"￥7,800","￥8,000代",1,ASCII_8KB,,,,,,,,
1987-01-01,MSX,-,不明,"T＆E SOFT",ハイドライドブロンズバック(Ⅱと3のセット),"￥9,980","￥10,000代",1,-,,,,,,,,
1984-01-01,MSX,-,16K,ZAP,パイナップリン,"￥4,800","￥5,000代",1,Mirrored,,,,,,,,
1984-01-01,MSX,SPT,16K,コナミ,ハイパーオリンピック1,"￥4,800","￥5,000代",1,Mirrored,,,森下繁,,福武茂,,石原祥吉,
1984-01-01,MSX,SPT,16K,ソニー,ハイパーオリンピックⅠ,"￥4,800","￥5,000代",1,?,,,森下繁,,福武茂,,石原祥吉,
1984-01-01,MSX,SPT,16K,コナミ,ハイパーオリンピック2,"￥4,800","￥5,000代",1,Mirrored,,,森下繁,,福武茂,,石原祥吉,
1984-01-01,MSX,SPT,16K,ソニー,ハイパーオリンピックⅡ,"￥4,800","￥5,000代",1,?,,,森下繁,,福武茂,,石原祥吉,
1984-01-01,MSX,SPT,16K,コナミ,ハイパースポーツ1,"￥4,800","￥5,000代",1,Mirrored,,,町口浩康,,福武茂,,石原祥吉,
1984-01-01,MSX,SPT,16K,ソニー,ハイパースポーツⅠ,￥,￥0代,1,?,,,町口浩康,,福武茂,,石原祥吉,
1984-01-01,MSX,SPT,16K,コナミ,ハイパースポーツ2,"￥4,800","￥5,000代",1,Mirrored,,,町口浩康,,福武茂,,石原祥吉,
1984-01-01,MSX,SPT,16K,ソニー,ハイパースポーツⅡ,￥,￥0代,1,?,,,町口浩康,,福武茂,,石原祥吉,
1985-01-01,MSX,SPT,32K,コナミ,ハイパースポーツ3,"￥4,800","￥5,000代",1,Mirrored,,,町口浩康,,福武茂,,石原祥吉,
1985-01-01,MSX,-,16K,コナミ,ハイパーラリー,"￥4,800","￥5,000代",1,Mirrored,,,,,,,,
1983-01-01,MSX,-,16K,アスキー,パイパニック,"￥4,800","￥5,000代",1,Mirrored,,,,,,,,
1980-01-01,不明,-,不明,ハドソン,バギージャンプ,￥,￥0代,1,?,,,,,,,,
1984-01-01,MSX,-,16K,ポニーキャニオン,パストファインダー,"￥4,800","￥5,000代",1,Mirrored,,,,"en:Jason Bulmahn",,ダンジョンズ&ドラゴンズ第3版,,
1983-01-01,MSX,-,16K,アスキー,パスボール,"￥4,800","￥5,000代",1,Basic(startat0x8000),,,,,,,,
1986-01-01,MSX,-,32K,システムソフト,パズルパニック,"￥4,900","￥5,000代",1,Mirrored,,,,,,,,
1984-01-01,MSX,-,不明,ソニー,パソコンタイプライター,"￥6,800","￥7,000代",1,?,,,,,,,,
1983-01-01,MSX,-,16K,リットーミュージック,パソコン作曲家,"￥4,800","￥5,000代",1,Basic(startat0x8000),,,,,,,,
1980-01-01,不明,-,不明,ストラッドフォード,パソコン先生入門編・教師用,￥,￥0代,1,?,,,,,,,,
1985-01-01,MSX,-,32K,東芝/東芝ＥＭＩ,パチコン,"￥4,800","￥5,000代",1,Mirrored,,,,,,,,
1988-01-01,MSX2,-,1M,ＨＡＬ研究所,パチプロ伝説,"￥5,800","￥6,000代",1,ASCII_8KB,,,,,,,,
1984-01-01,MSX,-,16K,カシオ,パチンコUFO,"￥4,800","￥5,000代",1,Mirrored,,,,小松原一男|荒木伸吾,菊池俊輔,永井豪とダイナミック企画,,
1988-01-01,MSX2,-,1M,ポニーキャニオン,ハッカー,"￥5,800","￥6,000代",1,ASCII_16KB,,,,,,,,
1984-01-01,MSX,-,16K,ソニー,バックギャモン,"￥4,000","￥4,000代",1,Mirrored,,,,,,,,
1985-01-01,MSX,-,32K,ポニーキャニオン,バックトゥザフューチャー,"￥4,900","￥5,000代",1,Standard(startat0x4000),,,,,アラン・シルヴェストリ,ロバート・ゼメキス|ボブ・ゲイル,,
1989-01-01,MSX2,-,2M,ナムコ,パックマニア,"￥6,800","￥7,000代",1,ASCII_8KB,,,,,慶野由利子|小沢純子|戸室仁人,,岩谷徹,
1984-01-01,MSX,-,16K,ナムコ,パックマン,"￥4,500","￥4,500代",1,Mirrored,,,舟木茂雄,岩谷徹|山下正,石村繁一|甲斐敏夫,,,
1984-01-01,MSX,-,16K,コンパイル,ハッスルチュミー,"￥4,800","￥5,000代",1,*0,,,,,,,,
1985-01-01,MSX,-,32K,テクノソフト,ばってんタヌキの大冒険,"￥5,800","￥6,000代",1,Mirrored,,,,,ナオト・インティライミ(作詞・作曲),,,
1987-01-01,MSX,-,64K,パック・イン・ビデオ,バットマンロビン救出スペシャル,"￥5,800","￥6,000代",1,ASCII_8KB,,,,,,,,
1984-01-01,MSX,-,16K,ソニー,バトルクロス,"￥4,500","￥4,500代",1,Mirrored,,,,,,,,
1983-01-01,MSX,-,8K,"T＆E SOFT",バトルシップ・クラプトンII,"￥4,800","￥5,000代",1,Mirrored,,,,,,,,
1988-01-01,MSX,-,64K,パナソフト,FMパナアミューズメントカートリッジ,"￥3,800","￥4,000代",1,"[パナアミューズメントカートリッジ] rom",,,,,,,,
1985-01-01,MSX,-,16K,パナソフト,パナソフトのサッカー(MSXsoccre),"￥4,800","￥5,000代",1,Mirrored,,,,,,,,
1984-01-01,MSX,-,16K,パナソフト,パナソフトのベースボール(MSXBASEBALL),"￥4,800","￥5,000代",1,Mirrored,,,,,,,,
1986-01-01,MSX,-,16K,パナソフト,パナソフトのベースボールII(MSXBASEBALLII),"￥4,800","￥5,000代",1,Mirrored,,,,,,,,
1985-01-01,MSX,-,16K,パナソフト,パナソフトのラグビー(MSXRUGBY),"￥4,800","￥5,000代",1,Mirrored,,,,,,,,
1984-01-01,MSX,-,16K,スタジオＧＥＮ,バナナ(BANANA),"￥4,800","￥5,000代",1,Mirrored,,,,,,,,
1987-01-01,MSX2,-,1M,タイトー／ニデコ,バブルボブル,"￥5,800","￥6,000代",1,ASCII_8KB,,,藤末一郎|NISHIYORI,三辻富貴朗,君島正,,,
1984-01-01,MSX,-,8K,アスキー,はらぺこパックン,"￥4,800","￥5,000代",1,Mirrored,,,,,,,,
1984-01-01,MSX,-,8K,ＨＡＬ研究所,バラン数(BALANCE),"￥4,800","￥5,000代",1,Mirrored,,,,,,,,
1988-01-01,MSX,SHT,1M,コナミ,パロディウスタコは地球を救う,"￥5,800","￥6,000代",1,Konami58KB(SCC),,,,,,,,
1985-01-01,MSX,-,32K,ポニーキャニオン,ハングオン,"￥4,900","￥5,000代",1,Mirrored,,,,,,,,
1985-01-01,MSX,-,32K,ポニーキャニオン,バンクパニック,"￥4,900","￥5,000代",1,?,,,,,,,,
1984-01-01,MSX,-,32K,ソニー,バンゲリングベイ,"￥4,900","￥5,000代",1,Mirrored,,,,ウィル・ライト,,,,
1986-01-01,MSX,-,32K,アイレム,パンサー,￥,￥0代,1,Mirrored,,,,,,,,
1990-01-01,MSX2,-,不明,ＨＡＬ研究所,ハンディスキャナMSX2,"￥24,800","￥25,000代",1,?,,,,,,,,
1984-01-01,MSX,-,8K,日本コロムビア,ピータン,"￥4,800","￥5,000代",1,Mirrored,,,,,,,,
1980-01-01,MSX,-,不明,ハドソン,ビーパック(BEEPACK),￥,￥0代,1,-,,,,,,,,
1984-01-01,MSX,-,16K,ポニーキャニオン,ビームライダー,"￥4,800","￥5,000代",1,Mirrored,,,,,,,,
1984-01-01,MSX,-,16K,ポニーキャニオン,ヒーロー,"￥4,800","￥5,000代",1,Mirrored,,,,,,,,
1991-01-01,MSX2,-,4M,ポニーキャニオン,ヒーローオブザランス,"￥7,500","￥7,500代",1,ASCII_8KB+SRAM,,,,,,,,
1983-01-01,MSX,-,8K,ＨＡＬ研究所,ピクチャーパズル,"￥4,800","￥5,000代",1,Mirrored,,,,,,,,
1987-01-01,MSX2,-,1M,タイトー／ニデコ,ビクトリアスナインII高校野球編,"￥5,800","￥6,000代",1,ASCII_16KB,,,,,,,,
1980-01-01,不明,-,不明,ＨＡＬ研究所,ピッキー,￥,￥0代,1,?,,,,,,,,
1984-01-01,MSX,-,8K,ハドソン,ひつじやーい,"￥4,800","￥5,000代",1,Mirrored,,,,,,,,
1984-01-01,MSX,-,16K,ポニーキャニオン,ピットフォール,"￥4,800","￥5,000代",1,Mirrored,,,,デヴィッド・クレーン,,,,
1984-01-01,MSX,-,16K,ポニーキャニオン,ピットフォールII,"￥4,800","￥5,000代",1,Mirrored,,,,,,,,
1989-01-01,MSX2,-,不明,ソニー,ビデオデジタイザー,"￥29,800","￥30,000代",1,?,,,,,,,,
1983-01-01,MSX,-,8K,コナミ,ビデオハスラー,"￥4,500","￥4,500代",1,Mirrored,,,,,,,,
1984-01-01,MSX,-,不明,ビクター音産,ビデオ画面効果ソフトビデオ・エディパル,"￥7,800","￥8,000代",1,?,,,,,,,,
1984-01-01,MSX,-,32K,日本デクスタ,ピピ(オウムのピピの大冒険),"￥4,800","￥5,000代",1,Mirrored,,,,,ナオト・インティライミ(作詞・作曲),,,
1985-01-01,MSX,-,16K,コナミ,ピポルス,"￥4,800","￥5,000代",1,Mirrored,,,,,,,,
1983-01-01,MSX,-,8K,"T＆E SOFT",ピラミッド・ワープ,"￥4,800","￥5,000代",1,Mirrored,,,,,,,,
1987-01-01,MSX,-,不明,セイカロモックス,ピロマン,"￥5,500","￥5,500代",1,?,,,,,,,,
1987-01-01,MSX,-,不明,ＨＡＬ研究所,ピロマン,"￥5,500","￥5,500代",1,?,,,,,,,,
1985-01-01,MSX,-,不明,日本コロムビア,ピンキーチェイス,"￥4,800","￥5,000代",1,?,,,,,,,,
1985-01-01,MSX,-,16K,日本コロムビア,ピンボールメーカー,"￥4,800","￥5,000代",1,Mirrored,,,,,,,,
1984-01-01,MSX,-,16K,マスティール,ファーマー,"￥4,800","￥5,000代",1,Mirrored,,,,,,,,
1988-01-01,MSX2,-,1M,ハミングバードソフト,ファイアボール,"￥6,800","￥7,000代",1,ASCII_8KB,,,,,,,,
1985-01-01,MSX,-,16K,ポニーキャニオン,ファイナルジャスティス,"￥4,800","￥5,000代",1,Mirrored,,,,,,,,
1986-01-01,MSX,-,1M,日本テレネット,ファイナルゾーンウルフ,"￥6,800","￥7,000代",1,ASCII_8KB,,,,,,,,
1983-01-01,MSX,-,16K,ＭＩＡ,ファイナル麻雀,"￥4,800","￥5,000代",1,Mirrored,,,,,,,,
1984-01-01,MSX,-,16K,ハドソン,ファイヤーレスキュー,"￥4,800","￥5,000代",1,Mirrored,,,,,テディ・ロビン・クァン|トミー・ワイ,デレク・クォック|ジル・レオン|フィリップ・ユン,,
1988-01-01,MSX2,-,2M,BIT2,ファミクルパロディック,"￥6,800","￥7,000代",1,ASCII_8KB,,,,,,,,
1987-01-01,MSX2,-,64K,パック・イン・ビデオ,ファミリービリヤード,"￥5,800","￥6,000代",1,ASCII_8KB,,,,,,,,
1988-01-01,MSX2,-,2M,ソニー,ファミリーボクシングMSXタイトルマッチ,"￥5,800","￥6,000代",1,ASCII_8KB,,,,,,,,
1984-01-01,MSX,-,32K,ソニー,ファルク,"￥14,800","￥15,000代",1,Mirrored,,,,,,,,
1984-01-01,MSX,-,16K,ZAP,ファンキー・マウス,"￥4,800","￥5,000代",1,Mirrored,,,,,,,,
1986-01-01,MSX,-,1M,ポニーキャニオン,ファンタジーゾーン,"￥5,500","￥5,500代",1,ASCII_8KB,,石井洋児,片木秀一,石井洋児|近藤正樹,川口博史,,,
1987-01-01,MSX2,-,2M,ポニーキャニオン,ファンタジーゾーンⅡオパオパの涙,"￥6,800","￥7,000代",1,ASCII_16KB,,,,,上保徳彦,,,
1984-01-01,MSX,-,16K,アスキー,ブーメラン,"￥4,800","￥5,000代",1,Mirrored,,,,,,,,
1985-01-01,MSX,-,16K,ZAP,フェアリー,"￥4,800","￥5,000代",1,Mirrored,,,,,,,,
1987-01-01,MSX,-,1M,ＧＡ夢／HOT-B,フェアリーランドストーリー,"￥5,900","￥6,000代",1,ASCII_8KB,,緒方正樹|波多野幹夫,,辻野浩司|西村年幸|きたがわてつお,Y.TSUCHIDA|君島正,石田一朋,,
1985-01-01,MSX,-,32K,日本デクスタ,フォーメーションZ,"￥5,700","￥5,500代",1,Mirrored,,,,,渥美徳弘,,,
1987-01-01,MSX,-,不明,タケル／ブラザー工業,フォールフェル,"￥2,500","￥2,500代",1,?,,,,,,,,
1983-01-01,MSX,-,16K,アンプルソフトウエア,ブギウギジャングル,"￥4,800","￥5,000代",1,Mirrored,,,,,,,,
1983-01-01,MSX,-,8K,ＨＡＬ研究所,ぶた丸パンツ,"￥4,800","￥5,000代",1,Mirrored,,"須藤典彦[注 1]",,松原徳弘|亀田祥倫,やまだ豊,青山剛昌,,
1988-01-01,MSX,-,1M,サブロジック,フライトシミュレーター,"￥5,800","￥6,000代",1,ASCII_8KB,,,,,,,,
1986-01-01,MSX,-,64K,ポニーキャニオン,フライトデッキ,"￥4,900","￥5,000代",1,Mirrored,,,,,,,,
1986-01-01,MSX,-,32K,マイクロキャビン,ブラッガー,"￥5,400","￥5,500代",1,Standard(startat0x4000),,,,,,舘そらみ|上田迅(ザ・ワークス)|岸本鮎佳,,
1984-01-01,MSX,-,8K,東芝/東芝ＥＭＩ,フラッシュスプラッシュ,"￥4,800","￥5,000代",1,Mirrored,,,,,,,,
1984-01-01,MSX,-,16K,デービーソフト,フラッピーリミテッド,"￥5,800","￥6,000代",1,Mirrored,,,,,,,,
1984-01-01,MSX,-,16K,カシオ,フラッピーリミテッド,"￥5,800","￥6,000代",1,?,,,,,,,,
1985-01-01,MSX,-,16K,デービーソフト,フラッピーリミテッド'85,￥,￥0代,1,Mirrored,,,,,,,,
1990-01-01,MSXTurboR,-,2M,アスキー,フリートコマンダーII黄昏の海域,"￥9,800","￥10,000代",1,ASCII_8KB,,,,,,,,
1986-01-01,MSX,-,32K,マイクロネット,フリッキー,"￥4,400","￥4,500代",1,Mirrored,,,石川ヒデキ|片木秀一,石井洋児|川崎吉喜,,,,
1983-01-01,MSX,-,16K,スペクトラ・ビデオ,フリッパースリッパー,"￥4,800","￥5,000代",1,Mirrored,,,,,,,,
1985-01-01,MSX,-,不明,ソニー,プリンターソフトプリントラボ,"￥5,800","￥6,000代",1,?,,,,,,,,
1985-01-01,MSX,-,32K,コンプティーク,ブルース・リー,"￥5,900","￥6,000代",1,Mirrored,,,,,,,,
1983-01-01,MSX,-,8K,ＨＡＬ研究所,フルーツサーチ,"￥4,800","￥5,000代",1,Mirrored,,,,,,,,
1986-01-01,MSX,-,32K,ＨＡＬ研究所,ブルとマイティー危機一髪,"￥4,800","￥5,000代",1,Mirrored,,,,,,,,
1985-01-01,MSX,-,16K,ヤマハ,プレイカードセット,"￥12,800","￥13,000代",1,Mirrored,,,,,,,,
1983-01-01,MSX,-,16K,アスキー,ブレイクアウト,"￥4,800","￥5,000代",1,Basic(startat0x8000),,,,,,,,
1987-01-01,MSX,-,64K,ジャレコ,ブレイクイン(BREAKIN),"￥4,900","￥5,000代",1,Mirrored,,,,,,,,
1986-01-01,MSX,-,32K,ソニー,プレイボール,"￥6,900","￥7,000代",1,"[プレイボール] rom",,,,,,,,
1988-01-01,MSX2,-,1M,パック・イン・ビデオ,プレデター,"￥5,800","￥6,000代",1,ASCII_8KB,,,,,,,,
1987-01-01,MSX2,-,1M,ポニーキャニオン,プロジェクトA2史上最大の標的,"￥5,800","￥6,000代",1,ASCII_8KB,,,,,マイケル・ライ,ジャッキー・チェン|エドワード・タン,,
1983-01-01,MSX,-,8K,コナミ,フロッガー(FROGGER),"￥4,000","￥4,000代",1,Mirrored,,,,,,,,
1984-01-01,MSX,-,16K,東芝/東芝ＥＭＩ,ブロッケードランナー,"￥5,800","￥6,000代",1,Mirrored,,,,,,,,
1984-01-01,MSX,-,不明,ソニー,プロッ太,"￥6,800","￥7,000代",1,?,,,,,,,,
1985-01-01,MSX,-,16K,ポニーキャニオン,プロテクター,"￥4,800","￥5,000代",1,Mirrored,,,,,,,,
1986-01-01,MSX,-,32K,徳間書店／テクノポリス,プロフェッショナルベースボール,￥,￥0代,1,Mirrored,,,,,,,,
1985-01-01,MSX,-,32K,シャノアール,プロフェッショナル麻雀,"￥6,800","￥7,000代",1,Mirrored,,,,,,,,
1988-01-01,MSX2,-,1M,シャノアール,プロフェッショナル麻雀悟空,"￥6,800","￥7,000代",1,ASCII_16KB+SRAM,,,,,,,,
1984-01-01,MSX,-,16K,タイトー／ニデコ,フロントライン,"￥4,800","￥5,000代",1,Mirrored,,,,,,,,
1989-01-01,MSX2,-,2M,ナムコ,プロ野球ファミリースタジアムペナントレース,"￥7,800","￥8,000代",1,ASCII_16KB,,,,,,,,
1987-01-01,MSX2,-,2M,日本テレネット,プロ野球FANテレネットスタジアム,￥,￥0代,1,ASCII_8KB,,,,,,,,
1983-01-01,MSX,-,16K,アスキー,ペアーズ,"￥4,800","￥5,000代",1,Basic(startat0x8000),,,,,,,,
1986-01-01,MSX,-,不明,ヤマハ,ベーシックヘルパー,"￥9,800","￥10,000代",1,?,,,,,,,,
1986-01-01,MSX,-,32K,ビクター音産,ペガサス,"￥5,800","￥6,000代",1,Mirrored,,,,,,,,
1983-01-01,MSX,-,8K,ＨＡＬ研究所,ヘビーボクシング,"￥4,800","￥5,000代",1,Mirrored,,,,,,,,
1983-01-01,MSX,-,16K,NABU,ヘリタンク,"￥4,800","￥5,000代",1,Mirrored,,,,,,,,
1985-01-01,MSX,-,32K,アスキー,ぺんぎんくんウォーズ,"￥5,800","￥6,000代",1,Mirrored,,,,藤沢勉,,,,
1988-01-01,MSX2,-,2M,アスキー,ぺんぎんくんウォーズ2,"￥6,800","￥7,000代",1,ASCII_16KB,,,,藤沢勉,,,,
1986-01-01,MSX,-,32K,ビクター音産,ポイントX占領作戦,"￥5,800","￥6,000代",1,*0,,,,,,,,
1986-01-01,MSX,-,32K,システムソフト,ぼうけんろまん(冒険浪漫),"￥4,800","￥5,000代",1,Standard(startat0x4000),,,,,,,,
1984-01-01,MSX,-,16K,松下電器産業,ホームカルク,"￥7,800","￥8,000代",1,Mirrored,,,,,,,,
1984-01-01,MSX,-,16K,ＨＡＬ研究所,ホールインワン,"￥4,800","￥5,000代",1,Mirrored,,,,,,,,
1985-01-01,MSX,-,32K,ＨＡＬ研究所,ホールインワンプロフェッショナル,"￥5,800","￥6,000代",1,Mirrored,,,,,,,,
1987-01-01,MSX2,-,1M,ＨＡＬ研究所,ホールインワンスペシャル,"￥5,600","￥5,500代",1,ASCII_16KB,,,,,,,,
1980-01-01,不明,-,不明,ポニーキャニオン,ボールブレイザー,￥,￥0代,1,?,,,,,,,リック・ルービン|マイク・フレイザー,
1984-01-01,MSX,-,8K,日本コロムビア,ボギー'84,"￥4,800","￥5,000代",1,Mirrored,,,,,,,,
1984-01-01,MSX,-,16K,アスキー,ボコスカウォーズ,"￥4,800","￥5,000代",1,Mirrored,,,,住井浩司,,,,
1984-01-01,MSX,-,32K,ナムコ,ボスコニアン,"￥4,500","￥4,500代",1,Mirrored,,,黒須一雄,佐藤誠市|横山茂|澤野和則|小野浩,大野木宜幸,,,
1984-01-01,MSX,-,16K,マスティール,ポパック・ザ・フィッシュ,"￥4,800","￥5,000代",1,Mirrored,,,,,,,,
1985-01-01,MSX,-,32K,ポニーキャニオン,ポリスストーリー,"￥4,900","￥5,000代",1,Mirrored,,,,,マイケル・ライ,エドワード・タン|ジャッキー・チェン,,
1987-01-01,MSX,-,1M,クリスタルソフト,ボルフェスと5人の悪魔,"￥5,800","￥6,000代",1,ASCII_16KB,,,,,,,,
1988-01-01,MSX,-,1M,ハドソン,ボンバーキング,"￥6,200","￥6,000代",1,ASCII_8KB,,おおたひろし,笹川敏幸|おかだひろゆき,竹森得泰|山本次行|松浦浩司|輪島智美|桑原美生|増尾隆幸(パッケージデザイン),井上大介|国本剛章,,,
1983-01-01,MSX,-,8K,ハドソン,ボンバーマン,"￥4,800","￥5,000代",1,Mirrored,,,,,,,,
1986-01-01,MSX,-,32K,ハドソン,ボンバーマンスペシャル,"￥4,800","￥5,000代",1,Mirrored,,,中本伸一,,竹間淳,,,
1984-01-01,MSX,-,16K,コナミ,ぽんぽこぱん(comicbakery),"￥4,800","￥5,000代",1,Mirrored,,,,,,,,
1989-01-01,MSX2,-,1M,デービーソフト,マース,"￥6,800","￥7,000代",1,ASCII_16KB,,,,,,,,
1983-01-01,MSX,-,16K,ソニー,マウザー,"￥4,500","￥4,500代",1,Mirrored,,,,,,,,
1988-01-01,MSX,-,1M,東芝/東芝ＥＭＩ,マグナム危機一髪エンパイアシティ1931,"￥5,800","￥6,000代",1,ASCII_16KB,,,,,,,,
1984-01-01,MSX,-,16K,コナミ,マジカルツリー,"￥4,800","￥5,000代",1,Mirrored,,,,,,,渡辺弘|吉岡正敏,
1985-01-01,MSX,-,不明,ポニーキャニオン,マスターオブザランプ,"￥4,800","￥5,000代",1,?,,,,,,,,
1987-01-01,MSX2,-,1M,キャリーソフト,マッドライダー,"￥6,200","￥6,000代",1,ASCII_8KB,,,,,金指英樹,,,
1984-01-01,MSX,-,32K,ナムコ,マッピー,"￥4,500","￥4,500代",1,Mirrored,,,大野木宜幸|黒須一雄,佐藤英治(企画)|佐藤茂(基板設計)|小野浩(ドットデザイン),大野木宜幸,,,
1988-01-01,MSX2,-,1M,ポニーキャニオン,マラヤの秘宝,"￥5,800","￥6,000代",1,ASCII_16KB,,,,,,,,
1983-01-01,MSX,-,16K,アスキー,マリンバトル,"￥4,800","￥5,000代",1,Basic(startat0x8000),,,,,,,,
1986-01-01,MSX,-,32K,ビクター音産,ミクとしおりのニャンニャンプロレス,"￥5,800","￥6,000代",1,Mirrored,,,,,,,,
1980-01-01,MSX2,-,1M,草思社,ミケランジェロⅡ,￥,￥0代,1,?,,,,,,,,
1987-01-01,MSX2,-,1M,ジャレコ,ミシシッピー殺人事件,"￥6,800","￥7,000代",1,ASCII_8KB,,,,アダム・ベリン|ヒラリー・ミルス,エド・ボガス(英語版),ロブ・スウィガート,ブラッド・フレガー(英語版),
1984-01-01,MSX,-,16K,ソニー,ミスタードゥvsユニコーンズ,"￥4,500","￥4,500代",1,Mirrored,,,,,,,,
1987-01-01,MSX2,-,1M,松下電器産業,ミセスパック,"￥9,800","￥10,000代",1,?,,,,,,,,
1983-01-01,MSX,-,16K,ウェイリミット,ミッドナイトビルディング,"￥4,800","￥5,000代",1,Mirrored,,,,,,,,
1986-01-01,MSX,-,32K,ソニー,ミッドナイトブラザーズずっこけ探偵,"￥4,800","￥5,000代",1,Mirrored,,,,,,,,
1985-01-01,MSX,-,16K,ナムコ,ミニゴルフ,"￥4,500","￥4,500代",1,Mirrored,,,,,,,,
1984-01-01,MSX,-,16K,リットーミュージック,ミュージック・ハーモナイザー3,"￥4,800","￥5,000代",1,Basic(startat0x8000),,,,,,,,
1984-01-01,MSX,-,16K,ＨＡＬ研究所,ミュージックエディタMUE,"￥4,800","￥5,000代",1,Mirrored,,,,,,,,
1984-01-01,MSX,-,不明,東芝/東芝ＥＭＩ,ミュージックエディター,￥,￥0代,1,?,,,,,,,,
1985-01-01,MSX,-,不明,ソニー,ミュージックスタジオG7,"￥6,800","￥7,000代",1,Mirrored,,,,,,,,
1986-01-01,MSX,-,不明,キャンドゥ,ミュージックワープロMUSICIAN,"￥7,800","￥8,000代",1,?,,,,,,,,
1984-01-01,MSX,-,16K,電波新聞社,ムーンパトロール,"￥4,500","￥4,500代",1,Mirrored,,,,西山隆志,,,スコット津村,
1983-01-01,MSX,-,16K,アスキー,ムーンランディング,"￥4,800","￥5,000代",1,Basic(startat0x8000),,,,,,,,
1984-01-01,MSX,-,16K,ZAP,メーニーズ,"￥4,800","￥5,000代",1,Mirrored,,,,,,,,
1983-01-01,MSX,-,16K,ゼネラル,メガロポリスSOS,"￥4,800","￥5,000代",1,*0,,,,,,,,
1987-01-01,MSX2,-,2M,マイクロキャビン,めぞん一刻想いでのフォトグラフ,"￥6,800","￥7,000代",1,ASCII_8KB,,,,,,,,
1988-01-01,MSX2,-,4M,マイクロキャビン,めぞん一刻完結編さよなら､そして…,"￥7,800","￥8,000代",1,ASCII_8KB,,,,,,,,
1987-01-01,MSX2,-,1M,コナミ,メタルギア,"￥5,800","￥6,000代",1,Konami48KB(noSCC),,,福井博幸|大塚友則,小島秀夫|たばたまさみ|ふじもとあずさ,水谷郁|たけのうちしげひろ|古川元亮,,,
1990-01-01,MSX2,-,4M,コナミ,メタルギア2ソリッドスネーク,"￥9,800","￥10,000代",1,Konami58KB(SCC),,,,小島秀夫,碇子正広|泉陸奥彦|倉橋裕子|冨田朋也|上原和彦|竹ノ内裕治|関戸剛,小島秀夫,,
1987-01-01,MSX,-,1M,システムサコム,メルヘンヴェールI,"￥5,800","￥6,000代",1,ASCII_8KB,,佐藤浩一,堀本幸男,堀本幸男|いしいたつや|いしいみゆき,佐藤浩一,,,
1986-01-01,MSX,-,32K,カシオ,モアイの秘宝,"￥4,800","￥5,000代",1,Mirrored,,,,,,,,
1986-01-01,MSX,-,32K,レーベンプロ,もーかりまっか？ぼちぼちでんなっ!,￥,￥0代,1,Mirrored,,,,,,,,
1986-01-01,MSX,-,不明,ビクター音産,モールモール,"￥5,800","￥6,000代",1,?,,,,,,,,
1987-01-01,MSX,-,32K,ビクター音産,モールモール2,"￥5,800","￥6,000代",1,Mirrored,,,,,,,,
1985-01-01,MSX,-,16K,カシオ,モピレンジャー,"￥4,800","￥5,000代",1,?,,,,,,,,
1985-01-01,MSX,-,16K,コナミ,モピレンジャー,"￥4,800","￥5,000代",1,Mirrored,,,,,,,,
1989-01-01,MSX2,-,1M,ＧＡ夢／HOT-B,モンモンモンスター(悶々怪物),"￥6,800","￥7,000代",1,ASCII_8KB,,,,,,,,
1984-01-01,MSX,-,16K,コナミ,モン太君のいち・に・さんすう(MONKYACADEMY),"￥4,800","￥5,000代",1,Mirrored,,,,,,,,
1987-01-01,MSX2,-,2M,ウルフチーフ,ヤシャ(YAKSA),￥,￥0代,1,ASCII_8KB,,,,,,,,
1987-01-01,MSX,-,1M,パック・イン・ビデオ,ヤングシャーロックドイルの遺産,"￥5,800","￥6,000代",1,ASCII_8KB,,,,,,,,
1985-01-01,MSX,-,不明,ヤマハ,ユニットコネクタ,"￥7,800","￥8,000代",1,?,,,,,,,,
1992-01-01,MSX2,-,8M,光栄,ヨーロッパ戦線,"￥12,800","￥13,000代",1,koei+SRAM,,,,,大野雄二,,シブサワ・コウ,
1983-01-01,MSX,-,16K,アスキー,ライズアウト,"￥4,800","￥5,000代",1,Mirrored,,,,,,,,
1988-01-01,MSX2,-,2M,タイトー／ニデコ,ラスタンサーガ,"￥5,800","￥6,000代",1,ASCII_8KB,,小林よしのり,小林よしのり|とみたかひであき|たかはしとおる|かざまひでお,西村年幸|西村年幸|讃岐平|河上聖治|栗城源也,八木下直人|高木正彦,,小林よしのり,
1984-01-01,MSX,-,16K,アスキー,ラダービルディング,"￥4,800","￥5,000代",1,Basic(startat0x8000),,,,,,,,
1987-01-01,MSX2,-,2M,パック・イン・ビデオ,ラビリンス魔王の迷宮,"￥6,800","￥7,000代",1,ASCII_8KB,,,,,トレヴァー・ジョーンズ,テリー・ジョーンズ,,
1986-01-01,MSX,-,32K,デービーソフト,らぷてっく2,"￥4,900","￥5,000代",1,Mirrored,,,,,,,,
1986-01-01,MSX,-,不明,ブラザー工業,ラリー,"￥4,200","￥4,000代",1,?,,,,,,,,
1984-01-01,MSX,-,16K,ナムコ,ラリーX,"￥4,500","￥4,500代",1,Mirrored,,,黒須一雄,澤野和則|伊藤博仁|山下正,甲斐敏夫|大野木宜幸,,,
1990-01-01,MSX2,-,4M,光栄,ランペルール,￥,￥0代,1,koei+SRAM,,,,,石黒彰,,シブサワ・コウ,
1985-01-01,MSX,ACT,32K,パック・イン・ビデオ,ランボー,"￥5,800","￥6,000代",1,Mirrored,,,,,ジェリー・ゴールドスミス,ディヴィッド・マレル|『一人だけの軍隊』,,
1983-01-01,MSX,-,8K,タカラ,リアルテニス,"￥4,800","￥5,000代",1,Mirrored,,,,,,,,
1987-01-01,MSX2,-,1M,キャリーラボ,リターンオブジェルダ,"￥5,800","￥6,000代",1,ASCII_8KB,,,,,,,,
1987-01-01,MSX2,-,1M,ハミングバードソフト,りっくとみっくの大冒険,"￥5,800","￥6,000代",1,ASCII_8KB,,,,,ナオト・インティライミ(作詞・作曲),,,
1984-01-01,MSX,-,16K,ポニーキャニオン,リバーレイド,"￥4,800","￥5,000代",1,Mirrored,,,,,,,,
1983-01-01,MSX,-,32K,ポニーキャニオン,ルナーボール,"￥4,900","￥5,000代",1,Mirrored,,仁井谷正充,新谷憲司,新谷憲司,宮本昌知,,,
1987-01-01,MSX2,-,1M,東宝,ルパン3世カリオストロの城,"￥6,800","￥7,000代",1,ASCII_8KB,,,,,大野雄二,モンキー・パンチ,,
1988-01-01,MSX2,-,1M,東宝,ルパン3世バビロンの黄金伝説,"￥6,400","￥6,500代",1,ASCII_8KB,,,,,大野雄二,モンキー・パンチ,,
1985-01-01,MSX,-,16K,イエローホーン,レッドゾーン,"￥4,800","￥5,000代",1,Mirrored,,,,,,,,
1987-01-01,MSX2,-,1M,ソニー,レプリカート,"￥5,800","￥6,000代",1,ASCII_8KB,,HIROSHI,"WATANABE CYCLING KID|SAKATA NO KINTOKI|MEERKAT",くすもとひろき|くすもとひろき|園田健一,さかたつよし|HIROSHI,,くすもとひろき,
1986-01-01,MSX2,-,2M,ボースティック,レリクス,"￥7,200","￥7,000代",1,ASCII_8KB,,,,,,,,
1986-01-01,MSX,-,1M,ボースティック,レリクス,￥,￥0代,1,ASCII_8KB,,,,,,,,
1991-01-01,MSX2,-,8M,光栄,ロイヤルブラッド,￥,￥0代,1,koei+SRAM,,,,,伊藤ヨシユキ|新田真澄,,シブサワ・コウ,
1984-01-01,MSX,-,16K,アスキー,ローターズ,"￥4,800","￥5,000代",1,Basic(startat0x8000),,,,,,,,
1983-01-01,MSX,-,16K,アスキー,ロードオーバー,"￥4,800","￥5,000代",1,Basic(startat0x8000),,,,,チャック・ベリー,,".mw-parser-output .hlist dl|.mw-parser-output .hlist ol|.mw-parser-output .hlist ul{margin:0;padding:0}.mw-parser-output .hlist dd|.mw-parser-output .hlist dt|.mw-parser-output .hlist li{margin:0;display:inline-block;word-break:keep-all}.mw-parser-output .hlist.inline|.mw-parser-output .hlist.inline dl|.mw-parser-output .hlist.inline ol|.mw-parser-output .hlist.inline ul|.mw-parser-output .hlist dl dl|.mw-parser-output .hlist dl ol|.mw-parser-output .hlist dl ul|.mw-parser-output .hlist ol dl|.mw-parser-output .hlist ol ol|.mw-parser-output .hlist ol ul|.mw-parser-output .hlist ul dl|.mw-parser-output .hlist ul ol|.mw-parser-output .hlist ul ul{display:inline}.mw-parser-output .hlist .mw-empty-li{display:none}.mw-parser-output .hlist dt::after{content:"": ""}.mw-parser-output .hlist dd:after|.mw-parser-output .hlist li:after{content:"" ·\a0 "";font-weight:bold}.mw-parser-output .hlist-pipe dd:after|.mw-parser-output .hlist-pipe li:after{content:"" |\a0 "";font-weight:normal}.mw-parser-output .hlist-hyphen dd:after|.mw-parser-output .hlist-hyphen li:after{content:"" -\a0 "";font-weight:normal}.mw-parser-output .hlist-comma dd:after|.mw-parser-output .hlist-comma li:after{content:""|"";font-weight:normal}.mw-parser-output .hlist-slash dd:after|.mw-parser-output .hlist-slash li:after{content:"" /\a0 "";font-weight:normal}.mw-parser-output .hlist dd:last-child:after|.mw-parser-output .hlist dt:last-child:after|.mw-parser-output .hlist li:last-child:after{content:none}.mw-parser-output .hlist dd dd:first-child:before|.mw-parser-output .hlist dd dt:first-child:before|.mw-parser-output .hlist dd li:first-child:before|.mw-parser-output .hlist dt dd:first-child:before|.mw-parser-output .hlist dt dt:first-child:before|.mw-parser-output .hlist dt li:first-child:before|.mw-parser-output .hlist li dd:first-child:before|.mw-parser-output .hlist li dt:first-child:before|.mw-parser-output .hlist li li:first-child:before{content:""("";font-weight:normal}.mw-parser-output .hlist dd dd:last-child:after|.mw-parser-output .hlist dd dt:last-child:after|.mw-parser-output .hlist dd li:last-child:after|.mw-parser-output .hlist dt dd:last-child:after|.mw-parser-output .hlist dt dt:last-child:after|.mw-parser-output .hlist dt li:last-child:after|.mw-parser-output .hlist li dd:last-child:after|.mw-parser-output .hlist li dt:last-child:after|.mw-parser-output .hlist li li:last-child:after{content:"")\a0 "";font-weight:normal}.mw-parser-output .hlist ol{counter-reset:listitem}.mw-parser-output .hlist ol>li{counter-increment:listitem}.mw-parser-output .hlist ol>li:before{content:"" ""counter(listitem)""\a0 ""}.mw-parser-output .hlist dd ol>li:first-child:before|.mw-parser-output .hlist dt ol>li:first-child:before|.mw-parser-output .hlist li ol>li:first-child:before{content:""(""counter(listitem)""\a0 ""}レナード・チェスフィル・チェス",
1985-01-01,MSX,-,16K,カシオ,ロードファイター,"￥4,800","￥5,000代",1,?,,,,,佐々木嘉則,,,
1985-01-01,MSX,-,16K,コナミ,ロードファイター,"￥4,800","￥5,000代",1,Mirrored,,,,,佐々木嘉則,,,
1984-01-01,MSX,-,32K,ソニー,ロードランナー,"￥5,800","￥6,000代",1,Mirrored,,,,ダグラス・E・スミス,,,,
1984-01-01,MSX,-,32K,ソニー,ロードランナーII,"￥5,800","￥6,000代",1,Mirrored,,,,,,,,
1984-01-01,MSX,-,16K,ＨＡＬ研究所,ローラーボール,"￥4,800","￥5,000代",1,Mirrored,,,,,,,,
1980-01-01,不明,-,不明,ＨＡＬ研究所,ロケットロジャー,￥,￥0代,1,?,,,,,,,,
1985-01-01,MSX,-,16K,ポニーキャニオン,ロックンボルト,"￥4,800","￥5,000代",1,Mirrored,,,,,,,,
1986-01-01,MSX,-,32K,徳間書店／テクノポリス,ロットロット,"￥4,800","￥5,000代",1,Mirrored,,,,,,,,
1987-01-01,MSX,-,1M,マイクロネット,ロボレス2001年(ROBOWRES2001),"￥5,800","￥6,000代",1,ASCII_16KB,,,,,,,,
1986-01-01,MSX,-,1M,ファルコム,ロマンシア,"￥5,800","￥6,000代",1,ASCII_16KB,,,木屋善夫|秋葉紀好,木屋善夫|山根朝郎,阿部隆人|古代祐三,五十嵐哲也,,
1986-01-01,MSX2,-,1M,ファルコム,ロマンシア,"￥5,800","￥6,000代",1,ASCII_16KB,,,木屋善夫|秋葉紀好,木屋善夫|山根朝郎,阿部隆人|古代祐三,五十嵐哲也,,
1985-01-01,MSX,-,不明,ソニー,ワードランド文II,"￥14,800","￥15,000代",1,?,,,,,,,,
1985-01-01,MSX2,-,不明,ソニー,ワードランド文II,￥,￥0代,1,?,,,,,,,,
1984-01-01,MSX,-,8K,ナムコ,ワープ＆ワープ,"￥4,500","￥4,500代",1,Mirrored,,,深谷正一|大森田不可止,小野浩,慶野由利子|小沢純子|大野木宜幸,,,
1985-01-01,MSX,-,不明,日本コロムビア,ワイルドキャット,"￥4,800","￥5,000代",1,?,,,,,,,,
1984-01-01,MSX,-,16K,コナミ,わんぱくアスレチック(ATHLETICLAND),"￥4,800","￥5,000代",1,Mirrored,,,,,,,,
1988-01-01,MSX2,-,2M,マイクロキャビン,亜空戦記グリフォン,"￥6,800","￥7,000代",1,?,,,,,,,,
1986-01-01,MSX2,-,1M,コナミ,悪魔城ドラキュラ(VAMPIREKILLER),"￥5,800","￥6,000代",1,Konami48KB(noSCC),,,,,,,,
1980-01-01,不明,-,不明,東芝/東芝ＥＭＩ,宛名書き,￥,￥0代,1,?,,,,,,,,
1986-01-01,MSX,-,32K,カシオ,闇の竜王ハデスの紋章,"￥4,800","￥5,000代",1,Mirrored,,,,,,,,
1985-01-01,MSX,-,16K,カシオ,伊賀忍法帖,"￥4,800","￥5,000代",1,Mirrored,,,,,,,,
1986-01-01,MSX,-,32K,カシオ,伊賀忍法帖満月城の戦い,"￥4,800","￥5,000代",1,Mirrored,,,,,,,,
1991-01-01,MSX2,-,8M,光栄,伊忍道打倒信長,￥,￥0代,1,koei+SRAM,,,,,若桑比織,,シブサワ・コウ,
1988-01-01,MSX2,-,1M,パック・イン・ビデオ,井出洋介名人の実戦麻雀,"￥6,800","￥7,000代",1,ASCII_8KB,,,,,,,,
1987-01-01,MSX,-,32K,カシオ,一寸法師のどんなもんだい,"￥4,800","￥5,000代",1,Mirrored,,,,,,,,
1989-01-01,MSX2,-,4M,光栄,維新の嵐,￥,￥0代,1,koei+SRAM,,,,,菅野よう子|山本光男,,シブサワ・コウ,
1985-01-01,MSX,-,32K,東芝/東芝ＥＭＩ,宇宙戦士「隼」(MOONSWEEPER),"￥4,800","￥5,000代",1,Mirrored,,,,,,,,
1986-01-01,MSX,-,32K,タイトー／ニデコ,影の伝説,"￥4,900","￥5,000代",1,Mirrored,,,,,小倉久佳,,,
1984-01-01,MSX,-,8K,ＨＡＬ研究所,泳いでタンゴ,"￥4,800","￥5,000代",1,Mirrored,,,,,,,,
1986-01-01,MSX,-,不明,東芝/東芝ＥＭＩ,英文ワードプロセッサ,"￥7,800","￥8,000代",1,Mirrored,,,,,,,,
1985-01-01,MSX,-,16K,東芝/東芝ＥＭＩ,王家の谷(KING'SVALLEY),"￥4,800","￥5,000代",1,?,,,,,,,,
1985-01-01,MSX,-,16K,カシオ,王家の谷(KING'SVALLEY),"￥4,800","￥5,000代",1,?,,,,,,,,
1985-01-01,MSX,-,16K,コナミ,王家の谷(KING'SVALLEY),"￥4,800","￥5,000代",1,Mirrored,,,,,,,,
1988-01-01,MSX2,-,1M,コナミ,王家の谷エルギーザの封印(KING'SVALLEYII),"￥5,800","￥6,000代",1,Konami58KB(SCC),,,,,,,,
1988-01-01,MSX,-,1M,コナミ,王家の谷2エルギーザの封印(KING'SVALLEYII),"￥5,800","￥6,000代",1,Konami58KB(SCC),,,,,,,,
1984-01-01,MSX,-,不明,リットーミュージック,音感トレーニング,"￥4,800","￥5,000代",1,?,,,,,,,,
1987-01-01,MSX2,-,1M,コナミ,火の鳥鳳凰編,"￥5,800","￥6,000代",1,Konami48KB(noSCC),,"LOVELY HIDEKI","LOVELY HIDEKI",霜出健治,水谷郁|前沢秀憲|山下絹代,,,
1984-01-01,MSX,-,32K,東芝/東芝ＥＭＩ,花札,"￥6,800","￥7,000代",1,Mirrored,,,,,,,,
1984-01-01,MSX,-,16K,RAMソフト,花札コイコイ,"￥4,800","￥5,000代",1,Mirrored,,,,,,,,
1987-01-01,MSX2,-,2M,ザインソフト,牙龍王,"￥6,400","￥6,500代",1,ASCII_8KB,,,,,,,,
1986-01-01,MSX2,-,不明,東芝/東芝ＥＭＩ,絵葉書用ワープロ,"￥9,800","￥10,000代",1,?,,,,,,,,
1988-01-01,MSX2,-,2M,グレイト,学園物語,￥,￥0代,1,ASCII_16KB,,,,,,,,
1980-01-01,不明,-,不明,ストラッドフォード,楽しい算数,￥,￥0代,1,?,,"Anton Prydatko(Guy)","Anton Prydatko|Alexander J. Lin|Matthew Dale|Michael Miko","Character Design :|シエラ|Visual Design :|Anton Prydatko(Guy)|Sound Design :|ak+q|N²|Design Support :|Khronetic",,,"Anton Prydatko(Guy)",
1985-01-01,MSX,-,1M,ビクター音産,漢字ROM,"￥29,800","￥30,000代",1,Mirrored,,,,,,,,
1985-01-01,MSX,-,不明,ヤマハ,漢字カセットラベラ,"￥7,800","￥8,000代",1,?,,,,,,,,
1986-01-01,MSX,-,不明,東芝/東芝ＥＭＩ,漢字テロッパ,"￥25,000","￥25,000代",1,?,,,,,,,,
1984-01-01,MSX,-,不明,ヤマハ,漢字ワープロユニット,"￥49,800","￥50,000代",1,?,,,,,,,,
1984-01-01,MSX,-,不明,松下電器産業,漢字ワープロユニット,"￥49,800","￥50,000代",1,?,,,,,,,,
1985-01-01,MSX,-,不明,ヤマハ,漢字住所録,"￥7,800","￥8,000代",1,?,,,,,,,,
1985-01-01,MSX,-,不明,ヤマハ,漢字枠組自在,"￥9,800","￥10,000代",1,?,,,,,,,,
1985-01-01,MSX,-,不明,マイクロキャビン,管理馬券,"￥3,500","￥3,500代",1,?,,,,,,,,
1984-01-01,MSX,-,不明,ハドソン,簡易言語データ君,"￥12,800","￥13,000代",1,?,,,,,,,,
1985-01-01,MSX,-,32K,ソニー,頑張れトラックボーイペイロード,"￥4,900","￥5,000代",1,Mirrored,,,,,,,,
1987-01-01,MSX2,-,1M,ソニー,奇々怪界,"￥5,800","￥6,000代",1,ASCII_8KB,,波多野幹夫,石田一朋|佐々木大輔,薮崎久也|西村年幸|三方一哉,小倉久佳(ZUNTATA),,,
1987-01-01,MSX2,-,1M,ソニー,棋聖,"￥6,800","￥7,000代",1,ASCII_8KB+SRAM,,,,,,,,
1984-01-01,MSX,-,16K,バンダイ,機動戦士ガンダム,"￥4,800","￥5,000代",1,Mirrored,,,,安彦良和|大河原邦男,渡辺岳夫|松山祐士,星山博之|松崎健一|荒木芳久|山本優|富野喜幸,,
1986-01-01,MSX,-,32K,ＨＡＬ研究所,機動惑星スティルス,"￥5,600","￥5,500代",1,Mirrored,,,,,,,,
1987-01-01,MSX,-,1M,チャンピオンソフト,詰碁120関西棋院監修,"￥8,000","￥8,000代",1,ASCII_16KB,,,,,,,,
1988-01-01,MSX2,-,1M,ポニーキャニオン,居眠り流阿佐田哲也のA級麻雀,"￥5,800","￥6,000代",1,ASCII_16KB,,,,,,,,
1984-01-01,MSX,-,16K,バンダイ,銀河漂流バイファム,"￥4,800","￥5,000代",1,*0,,,,芦田豊雄|大河原邦男,渡辺俊幸,神田武幸|星山博之|原案:矢立肇|富野由悠季,,
1985-01-01,MSX,-,32K,東芝/東芝ＥＭＩ,軍人将棋軍神マース,"￥4,800","￥5,000代",1,Mirrored,,,,,,,,
1986-01-01,MSX,-,1M,エニックス,軽井沢誘拐案内,"￥5,800","￥6,000代",1,ASCII_8KB,,堀井雄二,堀井雄二,堀井雄二,,堀井雄二,,
1989-01-01,MSX2,-,1M,コナミ,激突ペナントレース2,"￥6,800","￥7,000代",1,Konami58KB(SCC),,,,,,,,
1986-01-01,MSX,-,32K,カシオ,賢者の石,"￥4,800","￥5,000代",1,Mirrored,,,,,,,,
1984-01-01,MSX,-,16K,東芝/東芝ＥＭＩ,五目ならべ,"￥5,800","￥6,000代",1,Mirrored,,,,,,,,
1984-01-01,MSX,-,16K,東芝/東芝ＥＭＩ,功夫大君,"￥4,800","￥5,000代",1,Mirrored,,,,,,,,
1988-01-01,MSX2,-,2M,ポニーキャニオン,孔雀王,"￥5,800","￥6,000代",1,?,,,,越智博之(1)|摩砂雪(2)|岸田隆宏(3)|小池健|阿部恒,,荻野真,,
1986-01-01,MSX,-,32K,ハドソン,高橋名人の冒険島,"￥4,800","￥5,000代",1,Mirrored,,,,,,,,
1989-01-01,MSX2,-,1M,コナミ,魂斗羅,"￥5,800","￥6,000代",1,Konami58KB(SCC),,廣下宏治,"岡本覚|辻本英之|KOICHI COBRA",中村健吾,村岡一樹,,,
1987-01-01,MSX,-,1M,コナミ,沙羅曼蛇,"￥6,800","￥7,000代",1,Konami58KB(SCC),,,町口浩康|たけもとみつお|高取利明|みのわいくこ,町口浩康|櫻井潤|よしたかみき|ばんどういくこ,波多野よしあき(SE・プログラム)|東野美紀(作曲),,,
1988-01-01,MSX2,-,4M,マイクロキャビン,殺人倶楽部,￥,￥0代,1,ASCII_8KB,,,,,,,,
1989-01-01,MSX,-,1M,ナツメ,三つ目がとおる,"￥7,800","￥8,000代",1,ASCII_8KB,,,,清山滋崇|宇田川一彦|山根公利,渡辺俊幸,手塚治虫(原作)|藤澤勇希(脚本),,
1986-01-01,MSX,-,2M,光栄,三國志,"￥12,800","￥13,000代",1,koei+SRAM,,,,,,,,
1988-01-01,MSX2,-,4M,光栄,三國志,￥,￥0代,1,koei+SRAM,,,,,,,,
1991-01-01,MSX2,-,8M,光栄,三國志Ⅱ,￥,￥0代,1,koei+SRAM,,,,,向谷実,,シブサワ・コウ,
1986-01-01,MSX,-,32K,カシオ,仔猫の大冒険チビちゃんがいく,"￥4,800","￥5,000代",1,Mirrored,,,,,,,,
1985-01-01,MSX,-,1M,松下電器産業,辞書データ,￥,￥0代,1,"[辞書データ] rom",,,,,,,,
1987-01-01,MSX2,-,1M,システムソフト,上海,￥,￥0代,1,ASCII_16KB,,,,,,,,
1987-01-01,MSX2,-,2M,ビクター音産,死霊戦線,"￥8,800","￥9,000代",1,ASCII_8KB+SRAM,,,,,,,,
1984-01-01,MSX,-,16K,ソニー,実戦四人麻雀,"￥4,000","￥4,000代",1,Mirrored,,,,,,,,
1985-01-01,MSX,-,不明,松下電器産業,住所録/名刺管理ソフト,"￥8,800","￥9,000代",1,?,,,,,,,,
1986-01-01,MSX,-,不明,ソニー,渋滞パニックトラフィック,"￥4,900","￥5,000代",1,?,,,,,,,,
1987-01-01,MSX,-,不明,ランダムハウス,獣神ローガス,"￥5,800","￥6,000代",1,?,,,,,,,,
1985-01-01,MSX,-,32K,ポニーキャニオン,将棋,"￥4,900","￥5,000代",1,Mirrored,,,,,,,,
1985-01-01,MSX,-,16K,マイクロ・キャビン,将棋(SHOGI),￥,￥0代,1,Mirrored,,,,,,,,
1985-01-01,MSX,-,32K,東芝/東芝ＥＭＩ,将棋名人,"￥5,800","￥6,000代",1,Mirrored,,,,,,,,
1987-01-01,MSX,-,1M,日本デクスタ,将軍,"￥7,800","￥8,000代",1,ASCII_8KB+SRAM,,,,,,,,
1989-01-01,MSX2,-,4M,光栄,信長の野望戦国群雄伝,"￥11,800","￥12,000代",1,koei+SRAM,,,,,菅野よう子|山本光男,,シブサワ・コウ,
1991-01-01,MSXTurboR,-,8M,光栄,信長の野望武将風雲録,"￥11,800","￥12,000代",1,koei+SRAM,,,,,菅野よう子,,シブサワ・コウ,
1987-01-01,MSX2,-,4M,光栄,信長の野望全国版,"￥9,800","￥10,000代",1,koei+SRAM,,,,,菅野よう子,,シブサワ・コウ,
1987-01-01,MSX,-,2M,光栄,信長の野望全国版,"￥9,800","￥10,000代",1,koei+SRAM,,,,,菅野よう子,,シブサワ・コウ,
1986-01-01,MSX,-,32K,コナミ,新世SIZER,"￥6,800","￥7,000代",1,"[新世SIZER] rom",,,,,,,,
1986-01-01,MSX,-,32K,東芝/東芝ＥＭＩ,森田和郎のオセロ,"￥4,900","￥5,000代",1,Mirrored,,"Anton Prydatko(Guy)","Anton Prydatko|Alexander J. Lin|Matthew Dale|Michael Miko","Character Design :|シエラ|Visual Design :|Anton Prydatko(Guy)|Sound Design :|ak+q|N²|Design Support :|Khronetic",,,"Anton Prydatko(Guy)",
1985-01-01,MSX,-,32K,東芝/東芝ＥＭＩ,人魚伝説,"￥4,800","￥5,000代",1,Mirrored,,,,,"作詞: 岡田冨美子|作曲: 浜圭介",,,
1989-01-01,MSX2,-,4M,光栄,水滸伝天命の誓い,￥,￥0代,1,koei+SRAM,,,,,木下伸司|三井一正|滝沢洋一,,シブサワ・コウ,
1984-01-01,MSX,-,16K,タイトー／ニデコ,雀フレンド,"￥4,800","￥5,000代",1,*0,,,,,,,,
1985-01-01,MSX,-,16K,宇宙堂,雀華,"￥4,800","￥5,000代",1,Mirrored,,,,,,,,
1986-01-01,MSX2,-,1M,ソニー,雀聖,"￥6,800","￥7,000代",1,ASCII_16KB+SRAM,,,,,ラミン・ジャヴァディ,"デイヴィッド・ベニオフ | D・B・ワイス",,
1987-01-01,MSX,-,32K,テクノソフト,雀友,"￥5,400","￥5,500代",1,Mirrored,,,,,,,,
1987-01-01,MSX,-,1M,ピクセル,生命惑星M36生きていたマザーブレイン,"￥5,800","￥6,000代",1,ASCII_8KB,,,,,,,,
1987-01-01,MSX2,-,1M,ソニー,聖飢魔IIスペシャル悪魔の逆襲,"￥5,800","￥6,000代",1,ASCII_8KB,,,,,,,,
1985-01-01,MSX,-,32K,アイレム／アスキー,聖拳アチョー,"￥5,800","￥6,000代",1,Mirrored,,,,"西山隆志[注 1]",,,津村建二,
1987-01-01,MSX,-,1M,アスキー,戦場の狼,"￥5,800","￥6,000代",1,ASCII_8KB,,,,藤原得郎,河本圭代,,,
1986-01-01,MSX2,-,1M,アスキー,戦場の狼,"￥5,980","￥6,000代",1,?,,,,藤原得郎,河本圭代,,,
1984-01-01,MSX,-,16K,アスキー,倉庫番,"￥4,800","￥5,000代",1,Mirrored,,,,今林宏行,,,,
1985-01-01,MSX,-,16K,ポニーキャニオン,窓ふき会社のスイングくん,"￥4,800","￥5,000代",1,Mirrored,,,,,,,,
1992-01-01,MSX2,-,8M,光栄,蒼き狼と白き牝鹿元朝秘史,￥,￥0代,1,koei+SRAM,,,,,大島ミチル,,シブサワ・コウ,
1988-01-01,MSX,-,2M,光栄,蒼き狼と白き牝鹿ジンギスカン,"￥9,800","￥10,000代",1,koei+SRAM,,,,,菅野よう子,,シブサワ・コウ,
1988-01-01,MSX2,-,4M,光栄,蒼き狼と白き牝鹿ジンギスカン,￥,￥0代,1,koei+SRAM,,,,,菅野よう子,,シブサワ・コウ,
1986-01-01,MSX2,-,1M,マイクロキャビン,大戦略,￥,￥0代,1,ASCII_16KB+SRAM,,,,,,,,
1987-01-01,MSX2,-,2M,ファルコム,太陽の神殿アステカⅡ,"￥7,800","￥8,000代",1,ASCII_8KB,,加藤正幸,橋本昌哉,山根ともお|横山宏,阿部隆人,宮本恒之,,
1990-01-01,MSX2,-,4M,光栄,大航海時代,￥,￥0代,1,koei+SRAM,,,,,,,,
1984-01-01,MSX,-,16K,カシオ,大障害競馬,"￥4,800","￥5,000代",1,Mirrored,,,,,,,,
1985-01-01,MSX,-,32K,キャリーラボ,大脱走,￥,￥0代,1,Mirrored,,,,,エルマー・バーンスタイン,ポール・ブリックヒル,,
1986-01-01,MSX,-,32K,ポニーキャニオン,谷川浩司の将棋指南,"￥4,900","￥5,000代",1,Mirrored,,,,,,,,
1988-01-01,MSX2,-,1M,ポニーキャニオン,谷川浩司の将棋指南II名人への道,"￥5,500","￥5,500代",1,ASCII_8KB+SRAM,,,,,,,,
1980-01-01,不明,-,不明,ストラッドフォード,中学必修英作文,￥,￥0代,1,?,,,,,,,,
1987-01-01,MSX,-,32K,ストラッドフォード,中学必修英文法[中学1年],￥,￥0代,1,Mirrored,,,,,,,,
1985-01-01,MSX,-,32K,ボースティック,超時空要塞マクロスカウントダウン,"￥5,800","￥6,000代",1,Mirrored,,,,,,,,
1986-01-01,MSX,-,32K,コスモスコンピュータ,超戦士ザイダーバトルオブペガス,"￥5,800","￥6,000代",1,Mirrored,,,,,,,,
1988-01-01,MSX2,-,1M,クロスメディア,釣りキチ三平ブルーマリン編,"￥6,800","￥7,000代",1,ASCII_8KB,,,,,,,,
1989-01-01,MSX2,-,2M,ビクター音産,釣りキチ三平釣り仙人編,"￥8,200","￥8,000代",1,ASCII_8KB,,,,,,,,
1991-01-01,MSXTurboR,-,8M,光栄,提督の決断,"￥14,800","￥15,000代",1,koei+SRAM,,,,,宮川泰,シブサワ・コウ,シブサワ・コウ,
1987-01-01,MSX2,-,1M,タイトー／ニデコ,天国よいとこ,"￥5,800","￥6,000代",1,ASCII_8KB,,,,,,,,
1986-01-01,MSX,-,32K,東芝/東芝ＥＭＩ,天才ラビアン大奮戦,"￥4,900","￥5,000代",1,Mirrored,,,,,,,,
1987-01-01,MSX,-,32K,ジャスト,天使たちの午後,"￥5,800","￥6,000代",1,Mirrored,,,,,,,,
1987-01-01,MSX2,-,1M,BIT2,伝説の聖戦士アシュギーネ,"￥5,800","￥6,000代",1,ASCII_8KB,,,,,,,,
1987-01-01,MSX2,-,2M,ＳＮＫ,怒,"￥6,800","￥7,000代",1,ASCII_16KB,,,,,,,,
1986-01-01,MSX,-,4M,アスキー,日本語MSX-Write,"￥19,800","￥20,000代",1,ASCII_16KB,,,,,,,,
1988-01-01,MSX2,-,4M,アスキー,日本語ワードプロセッサMSX-WriteII,"￥19,800","￥20,000代",1,ASCII_8KB+SRAM,,,,,,,,
1986-01-01,MSX,-,不明,東芝/東芝ＥＭＩ,日本語ワードプロセッサ漢字君II,"￥14,800","￥15,000代",1,?,,,,,,,,
1987-01-01,MSX,-,32K,ストラッドフォード,日本史年表,￥,￥0代,1,Mirrored,,,,,,,,
1983-01-01,MSX,-,16K,マイクロキャビン,忍者くん,"￥4,800","￥5,000代",1,Mirrored,,,,,,,,
1987-01-01,MSX2,-,1M,ＨＡＬ研究所,忍者くん阿修羅の章,"￥5,600","￥5,500代",1,ASCII_8KB,,,西澤龍一|藤沢勉,西澤龍一|藤沢勉,,,,
1984-01-01,MSX,-,32K,日本デクスタ,忍者くん魔城の冒険,"￥5,700","￥5,500代",1,Mirrored,,,西澤龍一|藤沢勉,西澤龍一|藤沢勉,,,,
1986-01-01,MSX,-,32K,日本デクスタ,忍者じゃじゃ丸くん,"￥5,700","￥5,500代",1,Mirrored,,,,,,,関雅行,
1986-01-01,MSX,-,32K,ポニーキャニオン,忍者プリンセス,"￥4,900","￥5,000代",1,Mirrored,,,,川崎吉喜|小玉理恵子,,,,
1984-01-01,MSX,-,16K,ハドソン,忍者影,"￥4,800","￥5,000代",1,Mirrored,,,,,,,,
1989-01-01,MSX2,-,2M,ポニーキャニオン,熱血柔道,"￥6,800","￥7,000代",1,ASCII_8KB,,,,,,,,
1984-01-01,MSX,-,16K,カシオ,熱戦甲子園,"￥4,800","￥5,000代",1,Mirrored,,,,,,,,
1988-01-01,MSX2,-,2M,ジャレコ,燃えろ!!熱闘野球'88,"￥8,500","￥8,500代",1,ASCII_8KB,,,,,,,,
1987-01-01,MSX,-,1M,KGD,覇邪の封印,"￥7,800","￥8,000代",1,ASCII_8KB,,,,,堺香子,阿賀伸宏|鬼良あきら,,
1989-01-01,MSX2,-,1M,コナミ,牌の魔術師,"￥5,800","￥6,000代",1,"[牌の魔術師] rom",,,,,,,,
1984-01-01,MSX,-,16K,ソニー,爆走スタントレーシング(CARJAMBOREE),"￥4,500","￥4,500代",1,Mirrored,,,,,,,,
1988-01-01,MSX2,-,2M,日本テレネット,反生命戦機アンドロギュヌス,"￥7,800","￥8,000代",1,ASCII_16KB,,,,,,,,
1985-01-01,MSX,-,16K,マイクロキャビン,飛車,￥,￥0代,1,Mirrored,,,,,,,,
1985-01-01,MSX,-,16K,カシオ,描きくけコン,"￥4,800","￥5,000代",1,*0,,,,,,,,
1986-01-01,MSX2,-,1M,マイクロキャビン,本格将棋棋太平,￥,￥0代,1,ASCII_8KB,,,,,,,,
1980-01-01,不明,-,不明,ヤマハ,文節変換カートリッジ,￥,￥0代,1,?,,,,,,,,
1985-01-01,MSX,-,不明,松下電器産業,文節変換熟語ユニット,"￥14,800","￥15,000代",1,?,,,,,,,,
1984-01-01,MSX,-,16K,徳間書店／テクノポリス,忘れじのナウシカ・ゲーム,"￥4,800","￥5,000代",1,Basic(startat0x8000),,,,,,,,
1987-01-01,MSX,-,1M,コンパイル,魔王ゴルベリアス,"￥5,900","￥6,000代",1,ASCII_16KB,,,,,,,,
1987-01-01,MSX2,-,1M,カプコン,魔界島七つの島大冒険,"￥6,800","￥7,000代",1,ASCII_16KB,,,小林成光,黒川真圭,藤田晴美,,,
1986-01-01,MSX,-,32K,カシオ,魔城伝説,"￥4,800","￥5,000代",1,?,,,,,,,,
1986-01-01,MSX,-,32K,コナミ,魔城伝説,"￥4,800","￥5,000代",1,Mirrored,,,,,,,,
1987-01-01,MSX,-,1M,コナミ,魔城伝説Ⅱガリウスの迷宮(THEMAZEOFGALIOUS),"￥4,980","￥5,000代",1,Konami48KB(noSCC),,,,,,,,
1987-01-01,MSX,-,2M,コナミ,魔城伝説Ⅲ完結編シャロム(KINGHTMAREIIISHALOM),"￥5,980","￥6,000代",1,Konami48KB(noSCC),,,,,,,,
1987-01-01,MSX,-,64K,ポニーキャニオン,魔性の館ガバリン,"￥4,900","￥5,000代",1,Mirrored,,,,,,,,
1986-01-01,MSX,-,32K,ソニー,魔法使いウィズ,"￥4,800","￥5,000代",1,Mirrored,,,,,,,,
1987-01-01,MSX2,-,1M,ザインソフト,未来,"￥5,800","￥6,000代",1,ASCII_8KB,,,,,,,,
1987-01-01,MSX,-,1M,ザインソフト,未来,"￥5,800","￥6,000代",1,ASCII_8KB,,,,,,,,
1980-01-01,不明,-,不明,アイレム,密林の秘法,￥,￥0代,1,?,,,,,,,,
1986-01-01,MSX,-,1M,日本テレネット,夢幻戦士ヴァリス,"￥6,800","￥7,000代",1,ASCII_8KB,,林浩樹(グラフィック)|小川史生(音楽),秋篠雅弘,ウルフ・チーム|林浩樹,小川史生,林浩樹|三橋幸雄,林浩樹,
1986-01-01,MSX,-,1M,コナミ,夢大陸アドベンチャー(PENGUINADVENTURE),"￥4,980","￥5,000代",1,Konami48KB(noSCC),,,,,,,,
1987-01-01,MSX,-,1M,電波新聞社,迷宮への扉(GATEOFLABYRINTH),"￥5,300","￥5,500代",1,ASCII_16KB,,,,,,,,
1986-01-01,MSX,-,1M,ＨＡＬ研究所,迷宮神話,"￥5,600","￥5,500代",1,ASCII_16KB,,,,,,,,
1984-01-01,MSX,-,32K,ハドソン,野球狂,"￥4,800","￥5,000代",1,Mirrored,,,,,,,,
1988-01-01,MSX2,-,2M,タイトー／ニデコ,山村美紗サスペンス京都龍の寺殺人事件,"￥5,800","￥6,000代",1,ASCII_8KB,,,,,,,,
1988-01-01,MSX2,-,2M,システムサコム,幽霊君,"￥6,800","￥7,000代",1,ASCII_8KB,,,,,,長野洋|岡本喜八|松木ひろし|窪田篤人|渡邉祐介|長野洋|尾中洋一,,
1980-01-01,不明,-,不明,ストラッドフォード,幼児のえいご,￥,￥0代,1,?,,,,,,,,
1986-01-01,MSX,-,32K,カシオ,妖怪屋敷,"￥4,800","￥5,000代",1,Mirrored,,,,,,,,
1985-01-01,MSX,-,32K,ボースティック,妖怪探偵ちまちま,"￥5,600","￥5,500代",1,Mirrored,,,,,,,,
1985-01-01,MSX,-,16K,ポニーキャニオン,連珠とおじゃま犬たち,"￥4,800","￥5,000代",1,Basic(startat0x8000),,,,,,,,
1987-01-01,MSX,-,不明,立石電気,連続血圧測定プログラム,"￥39,800","￥40,000代",1,?,,,,,,,,
